#usda 1.0
(
    endTimeCode = 1
    framesPerSecond = 24
    metersPerUnit = 0.01
    startTimeCode = 1
    timeCodesPerSecond = 24
    upAxis = "Y"
)

def Xform "main"
{
	 def SkelRoot "geo" (
        prepend apiSchemas = ["SkelBindingAPI"]
    )
    {
        prepend rel skel:skeleton = </main/geo/skeleton>

        def Skeleton "skeleton"
        {
            uniform matrix4d[] bindTransforms = [( (0.000008880235230068207, -1.8921060970283848e-7, 99.9999999999992, 0), (2.1302103600195723, 99.9773168968254, -1.8925363995211003e-7, 0), (-99.97731689682463, 2.1302103600195723, 0.000008882254771869524, 0), (-5.571297137715782, 13402.254592121168, -0.001011845030919783, 1) ), ( (0.00001834130736071493, -4.372161431285793e-12, -99.99999999999663, 0), (-99.32883233153159, -11.56660376492948, -0.0000182181991244232, 0), (-11.566603764929138, 99.32883233153493, -0.0000021214654963369456, 0), (4347.736972435978, 13976.870801473246, -0.0010552185186746, 1) ), ( (0.000004823609999978393, -1.0206560225363003e-11, 99.99999999999976, 0), (99.99999999955205, -0.0002115958840623525, -0.000004823609999978396, 0), (0.00021159488404620674, 99.99900000955215, -1.0206511985641346e-11, 0), (3144.384178058933, 13836.707979466168, -0.0010446448296512684, 1) ), ( (0.00004723969217258001, 4.368246608876347e-7, 99.99999999997769, 0), (99.9957498832176, 0.9246590636823891, -0.000047241792083327554, 0), (-0.924651063742381, 99.99494988924108, 4.3684029925232557e-7, 0), (8187.000491684894, 13836.731995586293, -0.0010657401382906276, 1) ), ( (0.00001208060135735157, -1.9970264491427957e-11, 99.99999999999854, 0), (86.52173960022945, -50.139259349113544, -0.000010452345274145315, 0), (50.139059350870596, 86.52133960374606, -0.000006057099203941273, 0), (10386.794966758334, 13857.068235490433, -0.001075012152754207, 1) ), ( (13.160493194487227, 13.461078181023051, 98.21203528908262, -2.168404344971009e-19), (99.11410317847893, -0.002799705945104761, -13.280998938609077, 2.6469779601696886e-23), (-1.785003087653493, 99.0891070661949, -13.34212566686039, -8.673617379884035e-19), (11149.706426608378, 13414.968708487604, -0.002410186149196177, 0.9999999999999999) ), ( (0.24417246524174652, 23.16701517782426, 97.27907033622799, 0), (99.99449348966652, -1.053859333072566, -0.000012297485591512836, 0), (1.0251756977087083, 97.27296608236068, -23.168088609442584, 0), (13583.718043509087, 13414.899130823585, -6.0898460269793935, 1) ), ( (0.000003990828085945052, 0.0021684274389515016, 99.999999952979, 0), (99.99999505267253, -0.022242576549899695, -0.0000035085250998795336, 0), (0.02224237638928397, 99.99899501570168, -0.0021684090952766334, 0), (14531.672994529801, 13404.884067994048, -6.0967254634141375, 1) ), ( (0.000012131785117738095, 0.0023863285254354044, 99.99999994305286, 0), (99.99999606263117, 0.01984280048986875, -0.000012605314223250452, 0), (-0.0198426010822107, 99.99899601572696, -0.002386303634357419, 0), (15297.235763319266, 13404.53923961504, -6.096552371285039, 1) ), ( (0.000012265699659895682, 0.0023864686435712493, 99.99999994304612, 0), (99.99999598632698, 0.020034098550766544, -0.000012743807259373019, 0), (-0.020033999148619464, 99.99899593941687, -0.002386443581085168, 0), (16104.542206421329, 13404.542241380885, -6.096650714061295, 1) ), ( (1, 0, 0, 0), (0, 1, 0, 0), (0, 0, 1, 0), (0, 0, 0, 1) ), ( (87.4792140103418, 0.0008831682025830846, 48.4498077594901, 0), (48.449907763359796, -0.000004838370400083805, -87.47921401712348, 0), (-0.0007702382038132782, 99.99900000219988, -0.0004321225627261782, 0), (12268.4365035639, 13414.93822576795, -1116.033639977789, 1) ), ( (87.48549130396295, 0.0012253511297417132, 48.4384951851454, 0), (48.43849519254016, -0.000005688151466018412, -87.48549131703093, 0), (-0.0010692372740237488, 99.99899999498489, -0.000598511867783813, 0), (12717.799624367959, 13414.939301026598, -1927.3955022041507, 1) ), ( (87.46224102263636, 0.0007662193974874116, 48.48052273889255, 0), (48.48052274181481, -0.000005682729928452963, -87.46224102772872, 0), (-0.0006673923375615232, 99.99900000412869, -0.00037643447727830903, 0), (13051.942868184757, 13414.935132567587, -2530.8799688691593, 1) ), ( (87.4623576352189, 0.0009518156153728652, 48.48033194710512, 0), (48.4803319515917, -0.000005685043761341428, -87.46235764308985, 0), (-0.0008297174172184896, 99.99900000094013, -0.00046641119223167493, 0), (13386.553336784373, 13414.938702974283, -3134.5472795041974, 1) ), ( (1, 0, 0, 0), (0, 1, 0, 0), (0, 0, 1, 0), (0, 0, 0, 1) ), ( (-0.03237126123652295, -3.071903361271741, 99.95280144392852, 4.235164736271502e-22), (99.99439477033607, -1.053797815168096, -0.0000021305754902556373, -8.673617379884035e-19), (1.0532931784754995, 99.94640146162745, 3.0720444761871772, -1.3552527156068805e-20), (13583.705842493366, 13414.894411313735, -832.6881652234478, 0.9999999999999999) ), ( (-0.00003696021719115526, 0.0006932078534279807, 99.99999999518094, 0), (99.9999393444145, -0.07788157368423754, 0.000037500160437353713, 0), (0.07788097420680808, 99.99893935022968, -0.0006931738624280184, 0), (14531.673774684643, 13404.88076282225, -832.6876530237139, 1) ), ( (0.000011923828929871481, 0.0007175456423388535, 99.99999999484986, -1.0339757656912846e-25), (99.99999901735059, -0.009912850859137734, -0.000011852670519729713, -8.673617379884035e-19), (0.00991277068932527, 99.99899902221304, -0.0007175409994928704, -1.0587911840678754e-22), (15297.238876094125, 13404.541671961746, -832.6872078988, 0.9999999999999999) ), ( (0.000011923830246458957, 0.0007175456424320238, 99.99999999484983, 0), (99.9999990173248, -0.009912980857833986, -0.000011852669585366016, 0), (0.009912900688021442, 99.99899902218728, -0.0007175409995081862, 0), (16104.543292761802, 13404.534023417744, -832.6874041052821, 1) ), ( (1, 0, 0, 0), (0, 1, 0, 0), (0, 0, 1, 0), (0, 0, 0, 1) ), ( (0.03261618547205164, 3.0950740116598467, 99.95207138731416, -4.235164736271502e-22), (99.99449308991778, -1.0538772625996558, 0.000003942412490687275, -8.673617379884035e-19), (1.0533675914634235, 99.94576980227062, -3.0952277145517546, -1.3552527156068805e-20), (13583.718450400575, 13414.904476718053, 826.4479503129753, 0.9999999999999999) ), ( (0.000010429694073523683, 0.0008362486529194366, 99.99999999300583, 0), (99.99969503279354, 0.2459612497921455, -0.000012486604385131272, 0), (-0.24595924998987667, 99.99939502671693, -0.0008362132878893657, 0), (14531.674419474522, 13404.975907992968, 826.4490860686894, 1) ), ( (0.000009426352107758294, 0.0008842787564695011, 99.99999999217965, 0), (99.99965340295658, 0.27324005285007047, -0.000011842520806659707, 0), (-0.2732370530485253, 99.99925339652492, -0.0008842426416638457, 0), (15297.244064830269, 13404.62235055547, 826.4490243024138, 1) ), ( (-0.00002601318867227395, 0.000848838822427094, 99.99999999278799, 0), (99.99965132216563, 0.2736200461453393, 0.0000236904265795701, 0), (-0.27361804573038734, 99.9992513163607, -0.0008488998214470876, 0), (16104.548146856998, 13404.615741492325, 826.4489062221849, 1) ), ( (1, 0, 0, 0), (0, 1, 0, 0), (0, 0, 1, 0), (0, 0, 0, 1) ), ( (0.000006757539473604624, 2.8383470804678297e-12, 99.99999999999955, 0), (-47.658950979623214, 87.91250957618168, 0.0000032205774419235284, 0), (-87.91250957618128, -47.659050979520565, 0.0000059407317908652374, 0), (2052.120538210538, 9619.258649415808, -0.0007262340714298462, 1) ), ( (0.000008812626854514976, 1.6781990227311642e-8, 99.99999999999922, -2.0194839173657902e-28), (0.19043069028398563, -99.99973736066954, -1.6782009270380385e-8, 1.734723475976807e-18), (99.99973736066877, 0.19043069028398546, -0.000008812636854488712, -3.3881317890172014e-21), (1652.128267737621, 10357.076521458055, -0.0007819374469996063, 0.9999999999999999) ), ( (0.000008805439999996993, 5.087519068798262e-12, 99.99999999999922, 0), (0.00005777699999498509, -99.99999999996662, -5.087513290455306e-12, 0), (99.99999999996582, 0.00005777699999998026, -0.00000880542999999699, 0), (1661.3861238409697, 5497.27225989906, -0.0004150321921645299, 1) ), ( (0.00013173158334502737, -92.5838421828964, 37.79187639958786, 0), (2.0178975401872514e-9, -37.79187639965344, -92.58384218305707, 0), (99.99999999982646, 0.000121961621147193, -0.000049783616699941074, 0), (1661.3898738682167, 1497.283063876867, -0.000883757631320208, 1) ), ( (0.00013173065750748947, -92.58384218289639, 37.791876399587885, 0), (1.6399823721258144e-9, -37.79187639965344, -92.58384218305707, 0), (99.99999999982646, 0.00012196162114595125, -0.000049783616699941074, 0), (1661.3900739469789, -0.000050113335588325825, -3668.0990766874356, 1) ), ( (1, 0, 0, 0), (0, 1, 0, 0), (0, 0, 1, 0), (0, 0, 0, 1) ), ( (0.000010762671181776139, 7.796176752360928e-12, 99.99999999999885, 0), (57.3593761134902, 81.91396588807571, -0.000006173417572966611, 0), (-81.91396588807476, 57.35937611349085, 0.000008816154406635823, 0), (2837.2866684369487, 17395.19433882425, -0.0013132986522638634, 1) ), ( (0.000010762617867972051, -8.405995293713018e-14, 99.99999999999885, 0), (57.357667074805626, 81.91515297799899, -0.000006173176276593031, 0), (-81.91515297799803, 57.3576670748063, 0.000008816200254410017, 0), (3436.749982344748, 18251.247210989608, -0.001377933653599836, 1) ), ( (0.000010757700373798574, 3.6124975884998376e-12, 99.99999999999883, 0), (57.19896177845189, 82.02604518847407, -0.000006153292711240518, 0), (-82.0260451884731, 57.19896177845254, 0.000008824115863240369, 0), (4038.2821849232837, 19110.351550354877, -0.001442786282607492, 1) ), ( (0.000010757700561917085, 2.557589561877092e-12, 99.99999999999885, 0), (57.19909018000233, 82.02598591769672, -0.00000615330652429411, 0), (-82.02598591769576, 57.19909018000299, 0.000008824109487067957, 0), (4348.288063652996, 19554.909372861002, -0.0014763557850235982, 1) ), ( (1, 0, 0, 0), (0, 1, 0, 0), (0, 0, 1, 0), (0, 0, 0, 1) ), ( (0.000011995497636829284, -9.660093744112666e-13, 99.99999999999855, 0), (99.32813590176457, -11.572592531997765, -0.000011914906542096166, 0), (11.57259253199756, 99.32803590183055, -0.0000013881903371757692, 0), (-4347.732032458188, 13976.897836856244, -0.0010552278040464782, 1) ), ( (0.000011173799999999862, -5.72272276163916e-21, -99.99999999999875, 0), (-99.99999999999875, -0, -0.000011173799999999859, 0), (0, 100.0003000009, 0, 0), (-3144.381399999883, 13836.69461008383, -0.001044640888873187, 1) ), ( (0.000012368168278919107, -1.1469418724788669e-7, -99.99999999999847, 0), (-99.99570107544939, 0.9272937919739955, -0.00001236876825312556, 0), (0.927296791983018, 99.99600107635415, 1.1470012209075382e-7, 0), (-8187.002586280159, 13836.696326183346, -0.001065740310904752, 1) ), ( (0.000012079356505305998, -1.6664060795684383e-12, -99.99999999999854, 0), (-86.52211568026394, -50.139182935315866, -0.0000104513524414818, 0), (-50.13928293567998, 86.52231568099481, -0.000006056524542932529, 0), (-10386.795797235769, 13857.106249781997, -0.0010750166115312976, 1) ), ( (13.160756138743382, -13.461256364484615, -98.2119214188246, 0), (-99.11415718374633, -0.003281537693867274, -13.28114196518522, 0), (1.784593663096942, 99.09015565619295, -13.34252240574258, 0), (-11149.705982221307, 13415.003193942224, -0.0009979924488803563, 1) ), ( (0.24438954923763886, -23.16749408639012, -97.279059937189, 0), (-99.99447474502402, -1.0547471494368779, -0.000017481513203146393, 0), (-1.0260503323554082, 97.27393748281487, -23.16877202302644, 0), (-13583.707866515102, 13414.90210206111, -6.0912237725764635, 1) ), ( (-0.000005550957974496858, -0.002420495523408254, -99.99999994141183, 0), (-99.99998845321628, -0.1056154100702571, 0.000008107399798250314, 0), (-0.10561641040475064, 100.00028839579423, -0.00242049111783498, 0), (-14531.704652874427, 13404.90141215773, -6.097087644719025, 1) ), ( (0.000013904061577662063, -0.002366660063080742, -99.99999994398728, 0), (-99.9999543810242, -0.06754183964680749, -0.000012305607954898878, 0), (-0.0675420390272162, 100.00035432643226, -0.00236667777681459, 0), (-15297.19531081969, 13404.605103668498, -6.096518364479692, 1) ), ( (0.000024886648893740063, -0.002377643033052029, -99.99999994346177, 0), (-99.99995634910745, -0.06606883599019397, -0.000023315703457850445, 0), (-0.06606903484480114, 100.00035629400604, -0.00237767491376086, 0), (-16104.49966140694, 13404.606756007383, -6.096622494946944, 1) ), ( (1, 0, 0, 0), (0, 1, 0, 0), (0, 0, 1, 0), (0, 0, 0, 1) ), ( (87.47778683546451, 0.0018948302825807465, -48.452492708382515, 0), (-48.452492725791096, 7.408887982101216e-7, -87.47768686688059, 0), (-0.001657560320964535, 100.00029996499609, 0.0009180951218716871, 0), (-12268.407125686019, 13414.994287525395, -1116.0263946132413, 1) ), ( (87.48793792517392, -0.006213721701630611, -48.434220979796116, 0), (-48.434221191003985, -0.00022484619019580665, -87.48783824894778, 0), (0.005327367132181848, 100.00029961429003, -0.0032062928990459483, 0), (-12717.809209176601, 13414.995967231349, -1927.3929487705366, 1) ), ( (87.46227283015713, -0.001008144525142748, -48.48038493969928, 0), (-48.480384944691046, -0.0000036586934362910525, -87.4622728390105, 0), (0.0008799707011633018, 100.00029999073632, -0.0004919522317479164, 0), (-13051.90113583772, 13414.996847126438, -2530.8777755113556, 1) ), ( (87.46265446127434, -0.0018087783917107875, -48.479674758264125, 0), (-48.47967477424073, -0.0000036544744233743424, -87.46265448982511, 0), (0.0015802388015941915, 100.00029996818293, -0.0008800918806137759, 0), (-13386.505338993, 13414.992896014834, -3134.5345636130937, 1) ), ( (1, 0, 0, 0), (0, 1, 0, 0), (0, 0, 1, 0), (0, 0, 0, 1) ), ( (-0.03238237638510481, 3.0717902601830254, -99.95280829332289, 0), (-99.99449009155023, -1.0540217353342314, 0.000003183003471463053, 0), (-1.0535266285031355, 99.94760363160033, 3.071971620353364, 0), (-13583.707361129658, 13414.901633603997, -832.6859039869942, 1) ), ( (-0.000001046521813160178, -0.0006949932040366349, -99.99999999516983, 0), (-99.99987325588968, 0.15058041147047163, 1.24938317469514e-8, 0), (0.15058041146309126, 100.00017325187925, -0.0006949967987668372, 0), (-14531.69572565648, 13404.905059933055, -832.6874093923083, 1) ), ( (-0.0000013256739067852314, -0.0007050130323808958, -99.99999999502954, 0), (-99.99984642873608, 0.1880346514070652, 5.7347016024777986e-11, 0), (0.18803565140118478, 100.00014642480491, -0.0007050175251604139, 0), (-15297.206857431709, 13404.598602390623, -832.6872014971302, 1) ), ( (-0.000001332316985435452, -0.0007050140074196758, -99.99999999502953, 0), (-99.99984287539598, 0.18897764795890737, -1.0968115304876846e-11, 0), (0.18897764794948382, 100.00014287145413, -0.0007050175250318536, 0), (-16104.506710419066, 13404.593466059841, -832.6872896986255, 1) ), ( (1, 0, 0, 0), (0, 1, 0, 0), (0, 0, 1, 0), (0, 0, 0, 1) ), ( (0.03262758950717572, -3.0952676523373244, -99.95205949983854, 0), (-99.9944964412405, -1.0537192574059873, -0.000010353221345127395, 0), (-1.053218727586338, 99.94686126974149, -3.095451574121494, 0), (-13583.707747697079, 13414.89910331986, 826.4491838546503, 1) ), ( (-0.00002825427969027896, -0.0008323026356965399, -99.99999999306473, 0), (-99.99921404969582, 0.39823925088658996, 0.00002493942070458388, 0), (0.3982402504469619, 99.99951404371686, -0.0008324114749681186, 0), (-14531.698381167833, 13404.906678384856, 826.4491363746926, 1) ), ( (0.000008149441449390863, -0.0008589361583540347, -99.99999999262162, 0), (-99.99907115856136, 0.4276481595138506, -0.000011822602575151109, 0), (0.427650159690791, 99.99937115199842, -0.0008588967474559075, 0), (-15297.200558723884, 13404.594372702923, 826.4491163415222, 1) ), ( (-0.0000036717145529513406, -0.0008471232510528393, -99.99999999282369, 0), (-99.99912138686442, 0.43342839299418756, 1.802114013571554e-12, 0), (0.43343039296948416, 99.9993213803309, -0.0008471341655570015, 0), (-16104.513688728935, 13404.584466649565, 826.4491378589224, 1) ), ( (1, 0, 0, 0), (0, 1, 0, 0), (0, 0, 1, 0), (0, 0, 0, 1) ), ( (0.00000976670405810518, 5.8161793727199296e-12, -99.99999999999905, 0), (47.658394867333385, 87.91289053204542, 0.0000046546572173473375, 0), (87.9128905320446, -47.658394867333854, 0.000008586197070882254, 0), (-2052.120658389991, 9619.262328802904, -0.000726234673555041, 1) ), ( (0.000008810994481933762, -1.6778634129325086e-8, -99.99999999999922, 0), (-0.19042726159577583, -99.99983737284903, -1.6778603147381175e-8, 0), (-99.99993737298561, 0.19042826159715226, -0.000008811024481914974, 0), (-1652.130236179277, 10357.102832771818, -0.0007819396907488269, 1) ), ( (0.000008803928803829089, -2.961888159614613e-11, -99.99999999999922, 7.888609052210118e-31), (-0.00033642833642133496, -99.99999999886816, -2.96189152373884e-11, 3.469446951953614e-18), (-100.00009999896739, 0.00033642833642452604, -0.000008803938803839088, -1.3234889800848443e-23), (-1661.380367024514, 5497.270089348741, -0.0004150317645465813, 0.9999999999999999) ), ( (0.00011433883333644324, 92.58391216123665, -37.79180496409823, 0), (-0.0000048125694195468195, -37.791804964137356, -92.58391216136165, 0), (-100.00009999996905, 0.0001076783614166743, -0.00003875520060194414, 0), (-1661.390549150135, 1497.2791316090963, -0.0004913433761756953, 1) ), ( (0.000028659147069731716, 92.58391216134122, -37.79180496416627, 0), (-0.00010109629245391716, -37.79180496407709, -92.5839121612761, 0), (-100.00009999998957, 0.00006473978385649816, 0.00008276792343000175, 0), (-1661.3905974039058, 0.00042826672149282236, -3668.100698123825, 1) ), ( (1, 0, 0, 0), (0, 1, 0, 0), (0, 0, 1, 0), (0, 0, 0, 1) ), ( (0.000016358653129569052, -1.2325681907015113e-11, -99.99999999999731, 0), (-57.35776234674972, 81.915046225803, -0.000009382984269017746, 0), (81.91504622580082, 57.357862346685614, 0.000013400236666940078, 0), (-2837.2827014800714, 17395.20860667647, -0.0013133005652870204, 1) ), ( (0.000010763724836712578, 7.037023653280893e-12, -99.99999999999885, 0), (-57.35774826124552, 81.9150261096975, -0.000006173815949595684, 0), (81.91512610960635, 57.357748261246186, 0.0000088170984290597, 0), (-3436.742190959071, 18251.288756658094, -0.0013779306192082614, 1) ), ( (0.000010758949521338833, -1.5541585242808505e-12, -99.99999999999883, 1.232595164407831e-32), (-57.20384571068958, 82.02262215643043, -0.000006154561760013089, -8.673617379884035e-19), (82.0226221564295, 57.20384571069023, 0.00000882481391781025, -4.336808689942018e-19), (-4038.29397214585, 19110.400601867008, -0.0014428000484631718, 0.9999999999999999) ), ( (0.000010758807352657069, 1.190419794443656e-12, -99.99999999999885, 0), (-57.19909018000233, 82.0259859176967, -0.000006153935714286088, 0), (82.02598591769576, 57.19909018000299, 0.00000882501177291305, 0), (-4348.301419770403, 19554.903350893637, -0.0014763550531502578, 1) ), ( (1, 0, 0, 0), (0, 1, 0, 0), (0, 0, 1, 0), (0, 0, 0, 1) )]
            uniform token[] joints = ["Root", "Root/R_ShoulderSpin", "Root/R_ShoulderSpin/R_ShoulderAngle", "Root/R_ShoulderSpin/R_ShoulderAngle/R_Elbow", "Root/R_ShoulderSpin/R_ShoulderAngle/R_Elbow/R_Wrist", "Root/R_ShoulderSpin/R_ShoulderAngle/R_Elbow/R_Wrist/R_Hand", "Root/R_ShoulderSpin/R_ShoulderAngle/R_Elbow/R_Wrist/R_Hand/R_Middle_1", "Root/R_ShoulderSpin/R_ShoulderAngle/R_Elbow/R_Wrist/R_Hand/R_Middle_1/R_Middle_2", "Root/R_ShoulderSpin/R_ShoulderAngle/R_Elbow/R_Wrist/R_Hand/R_Middle_1/R_Middle_2/R_Middle_3", "Root/R_ShoulderSpin/R_ShoulderAngle/R_Elbow/R_Wrist/R_Hand/R_Middle_1/R_Middle_2/R_Middle_3/R_Middle_4", "Root/R_ShoulderSpin/R_ShoulderAngle/R_Elbow/R_Wrist/R_Hand/R_Middle_1/R_Middle_2/R_Middle_3/R_Middle_4/R_Middle_4_end", "Root/R_ShoulderSpin/R_ShoulderAngle/R_Elbow/R_Wrist/R_Hand/R_Thumb_1", "Root/R_ShoulderSpin/R_ShoulderAngle/R_Elbow/R_Wrist/R_Hand/R_Thumb_1/R_Thumb_2", "Root/R_ShoulderSpin/R_ShoulderAngle/R_Elbow/R_Wrist/R_Hand/R_Thumb_1/R_Thumb_2/R_Thumb_3", "Root/R_ShoulderSpin/R_ShoulderAngle/R_Elbow/R_Wrist/R_Hand/R_Thumb_1/R_Thumb_2/R_Thumb_3/R_Thumb_4", "Root/R_ShoulderSpin/R_ShoulderAngle/R_Elbow/R_Wrist/R_Hand/R_Thumb_1/R_Thumb_2/R_Thumb_3/R_Thumb_4/R_Thumb_4_end", "Root/R_ShoulderSpin/R_ShoulderAngle/R_Elbow/R_Wrist/R_Hand/R_Index_1", "Root/R_ShoulderSpin/R_ShoulderAngle/R_Elbow/R_Wrist/R_Hand/R_Index_1/R_Index_2", "Root/R_ShoulderSpin/R_ShoulderAngle/R_Elbow/R_Wrist/R_Hand/R_Index_1/R_Index_2/R_Index_3", "Root/R_ShoulderSpin/R_ShoulderAngle/R_Elbow/R_Wrist/R_Hand/R_Index_1/R_Index_2/R_Index_3/R_Index_4", "Root/R_ShoulderSpin/R_ShoulderAngle/R_Elbow/R_Wrist/R_Hand/R_Index_1/R_Index_2/R_Index_3/R_Index_4/R_Index_4_end", "Root/R_ShoulderSpin/R_ShoulderAngle/R_Elbow/R_Wrist/R_Hand/R_Pinky_1", "Root/R_ShoulderSpin/R_ShoulderAngle/R_Elbow/R_Wrist/R_Hand/R_Pinky_1/R_Pinky_2", "Root/R_ShoulderSpin/R_ShoulderAngle/R_Elbow/R_Wrist/R_Hand/R_Pinky_1/R_Pinky_2/R_Pinky_3", "Root/R_ShoulderSpin/R_ShoulderAngle/R_Elbow/R_Wrist/R_Hand/R_Pinky_1/R_Pinky_2/R_Pinky_3/R_Pinky_4", "Root/R_ShoulderSpin/R_ShoulderAngle/R_Elbow/R_Wrist/R_Hand/R_Pinky_1/R_Pinky_2/R_Pinky_3/R_Pinky_4/R_Pinky_4_end", "Root/R_HipSpin", "Root/R_HipSpin/R_HipAngle", "Root/R_HipSpin/R_HipAngle/R_Knee", "Root/R_HipSpin/R_HipAngle/R_Knee/R_Ankle", "Root/R_HipSpin/R_HipAngle/R_Knee/R_Ankle/R_Toe", "Root/R_HipSpin/R_HipAngle/R_Knee/R_Ankle/R_Toe/R_Toe_end", "Root/R_Antenna_1", "Root/R_Antenna_1/R_Antenna_2", "Root/R_Antenna_1/R_Antenna_2/R_Antenna_3", "Root/R_Antenna_1/R_Antenna_2/R_Antenna_3/R_Antenna_4", "Root/R_Antenna_1/R_Antenna_2/R_Antenna_3/R_Antenna_4/R_Antenna_4_end", "Root/L_ShoulderSpin", "Root/L_ShoulderSpin/L_ShoulderAngle", "Root/L_ShoulderSpin/L_ShoulderAngle/L_Elbow", "Root/L_ShoulderSpin/L_ShoulderAngle/L_Elbow/L_Wrist", "Root/L_ShoulderSpin/L_ShoulderAngle/L_Elbow/L_Wrist/L_Hand", "Root/L_ShoulderSpin/L_ShoulderAngle/L_Elbow/L_Wrist/L_Hand/L_Middle_1", "Root/L_ShoulderSpin/L_ShoulderAngle/L_Elbow/L_Wrist/L_Hand/L_Middle_1/L_Middle_2", "Root/L_ShoulderSpin/L_ShoulderAngle/L_Elbow/L_Wrist/L_Hand/L_Middle_1/L_Middle_2/L_Middle_3", "Root/L_ShoulderSpin/L_ShoulderAngle/L_Elbow/L_Wrist/L_Hand/L_Middle_1/L_Middle_2/L_Middle_3/L_Middle_4", "Root/L_ShoulderSpin/L_ShoulderAngle/L_Elbow/L_Wrist/L_Hand/L_Middle_1/L_Middle_2/L_Middle_3/L_Middle_4/L_Middle_4_end", "Root/L_ShoulderSpin/L_ShoulderAngle/L_Elbow/L_Wrist/L_Hand/L_Thumb_1", "Root/L_ShoulderSpin/L_ShoulderAngle/L_Elbow/L_Wrist/L_Hand/L_Thumb_1/L_Thumb_2", "Root/L_ShoulderSpin/L_ShoulderAngle/L_Elbow/L_Wrist/L_Hand/L_Thumb_1/L_Thumb_2/L_Thumb_3", "Root/L_ShoulderSpin/L_ShoulderAngle/L_Elbow/L_Wrist/L_Hand/L_Thumb_1/L_Thumb_2/L_Thumb_3/L_Thumb_4", "Root/L_ShoulderSpin/L_ShoulderAngle/L_Elbow/L_Wrist/L_Hand/L_Thumb_1/L_Thumb_2/L_Thumb_3/L_Thumb_4/L_Thumb_4_end", "Root/L_ShoulderSpin/L_ShoulderAngle/L_Elbow/L_Wrist/L_Hand/L_Index_1", "Root/L_ShoulderSpin/L_ShoulderAngle/L_Elbow/L_Wrist/L_Hand/L_Index_1/L_Index_2", "Root/L_ShoulderSpin/L_ShoulderAngle/L_Elbow/L_Wrist/L_Hand/L_Index_1/L_Index_2/L_Index_3", "Root/L_ShoulderSpin/L_ShoulderAngle/L_Elbow/L_Wrist/L_Hand/L_Index_1/L_Index_2/L_Index_3/L_Index_4", "Root/L_ShoulderSpin/L_ShoulderAngle/L_Elbow/L_Wrist/L_Hand/L_Index_1/L_Index_2/L_Index_3/L_Index_4/L_Index_4_end", "Root/L_ShoulderSpin/L_ShoulderAngle/L_Elbow/L_Wrist/L_Hand/L_Pinky_1", "Root/L_ShoulderSpin/L_ShoulderAngle/L_Elbow/L_Wrist/L_Hand/L_Pinky_1/L_Pinky_2", "Root/L_ShoulderSpin/L_ShoulderAngle/L_Elbow/L_Wrist/L_Hand/L_Pinky_1/L_Pinky_2/L_Pinky_3", "Root/L_ShoulderSpin/L_ShoulderAngle/L_Elbow/L_Wrist/L_Hand/L_Pinky_1/L_Pinky_2/L_Pinky_3/L_Pinky_4", "Root/L_ShoulderSpin/L_ShoulderAngle/L_Elbow/L_Wrist/L_Hand/L_Pinky_1/L_Pinky_2/L_Pinky_3/L_Pinky_4/L_Pinky_4_end", "Root/L_HipSpin", "Root/L_HipSpin/L_HipAngle", "Root/L_HipSpin/L_HipAngle/L_Knee", "Root/L_HipSpin/L_HipAngle/L_Knee/L_Ankle", "Root/L_HipSpin/L_HipAngle/L_Knee/L_Ankle/L_Toe", "Root/L_HipSpin/L_HipAngle/L_Knee/L_Ankle/L_Toe/L_Toe_end", "Root/L_Antenna_1", "Root/L_Antenna_1/L_Antenna_2", "Root/L_Antenna_1/L_Antenna_2/L_Antenna_3", "Root/L_Antenna_1/L_Antenna_2/L_Antenna_3/L_Antenna_4", "Root/L_Antenna_1/L_Antenna_2/L_Antenna_3/L_Antenna_4/L_Antenna_4_end"]
            uniform matrix4d[] restTransforms = [( (1.1102230246251565e-16, 0, -1.0000000000000002, 0), (-0.021302054462186918, 0.9997730854927483, -3.469446951953614e-18, 0), (0.9997730854927482, 0.02130205446218692, 1.110223022557205e-16, 0), (-0.0557197667658329, 134.02252197265625, -4.396617686347644e-15, 1) ), ( (-0.9999999999999643, -2.6631610928784915e-7, 2.9034975296280568e-8, 0), (6.519380364287323e-8, -0.1367990525107483, 0.9905988185093689, 0), (-2.598404661003511e-7, 0.9905988185093351, 0.13679905251076077, 0), (-0.0000018971064719153236, 6.672173976898193, -43.40077209472657, 1) ), ( (-0.9999999999999909, -1.2246468525851679e-16, -1.35955472614956e-7, 0), (1.5725689608134003e-8, -0.9932879379074986, -0.11566794027503709, 0), (-1.3504293102678373e-7, -0.11566794027503818, 0.9932879379074895, 0), (4.868442888411595e-13, 12.11482048034668, 0.00000286102294921875, 1) ), ( (0.9999999999998647, 6.617444900424222e-24, -5.204161218647979e-7, 0), (4.813214247495239e-9, 0.9999572291190857, 0.009248780053637617, 0), (5.203938632088238e-7, -0.00924878005363887, 0.9999572291189504, 0), (0, 50.426151275634766, 0.00002125749600168092, 1) ), ( (0.9999999999998258, 2.455985039729804e-8, 5.897458351224525e-7, 0), (2.792666758614522e-7, 0.8605449140530885, -0.50937456836525, 0), (-5.200129421938567e-7, 0.5093745683653259, 0.8605449140529317, 0), (-1.0174971976084635e-11, 21.998935699462905, 0.000017821788816263506, 1) ), ( (0.9821200332420265, 0.04637316947039783, 0.18245484224308997, 0), (-0.13281097558268679, 0.8575639684680157, 0.49693589601694416, 0), (-0.13342220605827224, -0.5122827043134074, 0.8483896190971966, 0), (1.7053025658242404e-13, 8.81758117675783, 0.000003814697322468419, 1) ), ( (0.9869045993454433, -0.12678188173699978, 0.09972796124475555, 0), (0.1301788589780931, 0.9910865644428866, -0.028299937384340005, 0), (-0.09525112317433226, 0.040911810568846976, 0.9946122095017772, 0), (3.1433141231536936, 24.13248062133789, -0.427110493183136, 1) ), ( (0.9727958805391531, -2.9701010399669937e-7, -0.23166392642352776, 0), (0.002337539594465857, 0.9999491050349919, 0.009814440807453039, 0), (0.2316521329811107, -0.010088971187910098, 0.9727463708211258, 0), (-1.6018748638657598e-7, 9.48018455505374, 1.769510049598466e-8, 0.9999999999999999) ), ( (0.9999999999976507, 8.029691611724346e-8, 0.000002166322870961933, 0), (-8.127683276156301e-8, 0.9999998976920881, 0.0004523447876923647, 0), (-0.0000021662863274384937, -0.00045234478786737386, 0.999999897689745, 0), (-3.391960483323242e-9, 7.6556396484375, -2.6900980287791754e-7, 1.0000000000000002) ), ( (1.0000000000000002, 2.6469779601696886e-23, -3.3881317890172014e-21, 0), (0, 0.999999999998214, 0.0000018900158743099572, 0), (0, -0.0000018900158743099578, 0.999999999998214, 0), (-9.367795358872222e-10, 8.073056221008272, 0.0000022231481580092805, 1) ), ( (1.0000000000000002, -2.6469779601696886e-23, 3.3881317890172014e-21, 0), (2.6469779601696886e-23, 1.0000000000000002, -2.6463317253161315e-22, 0), (-3.3881317890172014e-21, 5.815988474010599e-22, 1.0000000000000002, 0), (0, 8.07305908203125, -2.842170943040401e-14, 1) ), ( (0.590963854873173, 0.8026959216295955, -0.08025571401871534, 0), (-0.7953884160012366, 0.5963885114737202, 0.10806484661167268, 0), (0.13460679746759968, -0.000027953081518003534, 0.9908990913781999, 0), (-9.488445281982418, 12.570316314697266, 1.2893036603927612, 1) ), ( (0.9999999916140214, 0.00012946128453733552, 0.0000034253706169365474, 0), (-0.00012946128453789063, 0.9999999916198876, -4.235164736271502e-22, 0), (-0.000003425370588231558, -4.4345288008724125e-10, 0.9999999999941332, 0), (-5.75091689825058e-8, 9.274911880493164, -0.000012766133323793838, 1) ), ( (0.999999884905607, -0.0004797579514677075, -0.00000459138972598584, 0), (0.000479757951472759, 0.9999998849161473, 0, 0), (0.0000045913891975910175, -2.2027557293522193e-9, 0.9999999999894597, 0), (0.000007425202042554702, 6.898184776306138, 0.000005949099460167417, 1) ), ( (0.9999999999965705, 0.0000018477462994104243, 0.0000018559805471336918, 0), (-0.0000018477462994104243, 0.9999999999982928, 4.235164736271502e-22, 0), (-0.0000018559805471305243, -3.4293811873234567e-12, 0.9999999999982776, 0), (8.548377081751823e-7, 6.901953697204576, 0.0000012206218968913163, 0.9999999999999998) ), ( (0.9999999999999998, 0, -4.235164736271502e-22, 0), (-5.551115123125783e-17, 1, 8.470329472543003e-22, 0), (2.117582368135751e-21, 0, 1, 0), (1.4210854715202004e-14, 6.901943206787109, 0, 1) ), ( (0.977478656868844, -0.1330685542752107, -0.16379326979148465, 0), (0.1301789203579564, 0.9910865564290559, -0.02829993568954968, 0), (0.16609913925218764, 0.006340152103940745, 0.9860886767481825, 0), (-4.974803924560547, 25.23028564453122, 0.6757462024689005, 1) ), ( (0.9995277864638639, -4.6684807375700835e-7, 0.030727904035761852, 0), (-0.00030966850986429795, 0.9999490649108725, 0.010088195541624356, 0), (-0.030726343616885737, -0.010092947223388415, 0.9994768752824065, 0), (-2.272427099825336e-7, 9.480186462402344, 0.00000813603404026253, 1.0000000000000002) ), ( (0.9999999999998505, 4.887473424155473e-7, 2.456584390092383e-7, 0), (-4.888551168214969e-7, 0.9999999036797097, 0.0004389081140346269, 0), (-2.4544390017304694e-7, -0.0004389081141546527, 0.9999999036797989, 0), (-3.5894845495931804e-7, 7.655606269836454, -0.000004957691970730593, 1) ), ( (1, 0, 0, 0), (0, 1, 1.4416483782447415e-21, 0), (0, -3.434986643177572e-22, 1, 0), (-4.4208718463778496e-7, 8.073041915893526, -0.000005050747859058902, 1) ), ( (1, 0, 0, 0), (0, 1, 1.4416483782447415e-21, 0), (0, -3.434986643177572e-22, 1, 0), (0, 8.073028564453153, 2.842170943040401e-14, 1) ), ( (0.9858587377156895, -0.1324247182813371, -0.10269490375737134, 0), (0.1301789906648352, 0.9910865465992595, -0.028299956527147813, 0), (0.10552715128871812, 0.014531040501705846, 0.9943102479622877, 0), (11.319912910461433, 23.026769638061523, -1.5378962755203247, 1) ), ( (0.9995211075371387, 7.934252193597493e-8, -0.03094439509387199, 0), (0.00031211783089666554, 0.9999491050282326, 0.010084142784407535, 0), (0.030942820979858638, -0.01008897186190877, 0.9994702369138255, 0), (5.178153514862061e-7, 9.48016929626462, 2.086162567138672e-7, 1.0000000000000002) ), ( (0.9999999999998839, 0, 4.822034507885917e-7, 0), (-2.1265369175697358e-10, 0.9999999027576938, 0.000441004085327841, 0), (-4.822034038980167e-7, -0.0004410040853278924, 0.9999999027575776, 0), (9.097784623435246e-7, 7.655653953552246, -0.000009031951748283973, 1) ), ( (0.9999999999998745, -3.5439187295508555e-7, -3.5439860339418845e-7, 0), (3.5439187295510784e-7, 0.9999999999999373, -6.936169949682477e-22, 0), (3.5439860339416473e-7, -1.2559598442828085e-13, 0.9999999999999372, 0), (1.1553674994502217e-7, 8.073060989379883, -8.325878297910094e-8, 1) ), ( (1.0000000000000002, -2.6469779601696886e-23, -1.6940658945086007e-21, 0), (0, 1.0000000000000002, -4.6639375226387715e-23, 0), (0, -9.063645769529403e-23, 1.0000000000000002, 0), (0, 8.073043823242159, -5.684341886080802e-14, 1.0000000000000002) ), ( (0.9999999999999999, -2.164629451219549e-8, 1.0339757656912846e-24, 0), (1.8805727723465907e-8, 0.8687735313252248, 0.4952096033688145, 0), (-1.0719452919788859e-8, -0.4952096033688143, 0.8687735313252251, 0), (-9.344647082798499e-7, -37.383018493652344, -21.378057479858402, 1) ), ( (0.9999999999999966, 0, -8.217865322949444e-8, 0), (3.9027919890468374e-8, -0.8800313773178713, 0.4749155450561807, 0), (-7.231979338767972e-8, -0.47491554505618233, -0.8800313773178685, 0), (-7.052720266589982e-14, 8.392677307128878, -9.536743093008226e-7, 0.9999999999999999) ), ( (1, -6.617444900424222e-24, -1.3234889800848443e-23, 0), (6.617444900424222e-24, 0.9999981878434324, -0.0019037620259767798, 0), (1.3234889800848443e-23, 0.0019037620259767798, 0.9999981878434324, 0), (1.3849746782095603e-14, 48.598194122314446, 8.791685104370117e-7, 1) ), ( (0.3779182837819942, 0.9258389551012955, 4.6170354926636255e-7, 0), (-0.9258389551012997, 0.37791828378214615, -3.014369687580642e-7, 0), (-4.535683011387374e-7, -3.135445897178361e-7, 0.999999999999848, 0), (1.285331704351661e-13, 39.99988555908203, 0.0000021256964828353375, 1) ), ( (0.9999999999999996, -2.9802408152423965e-8, 5.293955920339377e-23, 0), (2.9802408096912814e-8, 0.9999999999999994, -1.0587911840678754e-22, 0), (1.852884572118782e-22, 0, 1, 0), (-1.5773184181000488e-7, 39.61919784545898, -8.32156331398437e-7, 1) ), ( (1.0000000000000002, -5.551115123125783e-17, -1.3234889800848443e-22, 0), (0, 1, 0, 0), (1.852884572118782e-22, 0, 1, 0), (1.7763568394002505e-15, 39.619194030761726, 0, 1) ), ( (0.9999999999999999, 2.4304177049068464e-8, 4.1359030627651384e-25, 0), (-2.0200962849808262e-8, 0.8311724692024707, -0.5560146818563948, 0), (-1.3513479269719296e-8, 0.5560146818563947, 0.8311724692024709, 0), (-0.0000012051939393131795, 40.52593994140631, -27.571626663208015, 1) ), ( (1, 6.617444900424222e-24, 0, 0), (0, 0.9999999997668976, 0.000021591782938332135, 0), (-3.308722450212111e-24, -0.000021591782938293452, 0.9999999997668976, 0), (9.324096399490611e-13, 10.450748443603487, -0.0000019073486186016453, 1) ), ( (1, 6.617444900424222e-24, -3.308722450212111e-24, 0), (-6.617444900424222e-24, 0.9999981273565188, 0.0019352734834243923, 0), (0, -0.0019352734834243552, 0.9999981273565188, 0), (3.9371110199608837e-13, 10.48766517639163, 1.4210854715202004e-14, 1) ), ( (1.0000000000000002, 0, 0, 0), (6.617444900424222e-24, 0.9999999999993072, -0.0000011771917648274147, 0), (6.617444900424222e-24, 0.0000011771917648072731, 0.9999999999993072, 0), (-2.4650935674365654e-13, 5.419672012329102, -0.000003814697265625, 1.0000000000000002) ), ( (1.0000000000000002, 6.617444900424222e-24, 0, 0), (0, 1.0000000000000002, 7.31964048913456e-17, 0), (3.308722450212111e-24, -3.782589757423557e-17, 1, 0), (-1.6940658945086007e-21, 5.419674873352079, 1.4210854715202004e-14, 1.0000000000000002) ), ( (0.999999999999998, 4.3515602282042195e-8, -4.784390162070212e-8, 0), (-4.351560366988243e-8, -0.09454089736292916, -0.9955209785463139, 0), (-4.784390035841575e-8, 0.9955209785463138, -0.09454089736292716, 0), (0.0000019029384930035997, 4.820227622985868, 43.53413772583009, 1) ), ( (-1.0000000000000002, 1.2246467864107189e-16, 3.308722450212111e-24, 0), (-1.2164185892470824e-16, -0.9932811467502584, -0.11572624382780176, 0), (-1.4172376602446642e-17, -0.11572624382780178, 0.9932811467502585, 0), (1.6984570827137564e-14, 12.114892959594734, 0.0000033378600790001656, 1.0000000000000002) ), ( (1, 0, 0, 0), (0, 0.9999570057348997, 0.00927290039276741, 0), (-6.617444900424222e-24, -0.009272900392767411, 0.9999570057348995, 0), (-8.470329472543003e-22, 50.426216125488295, -6.09977234944381e-7, 1) ), ( (1.0000000000000002, 6.617444900424222e-24, 1.3234889800848443e-23, 0), (-6.617444900424222e-24, 0.8605342480173328, -0.5093925872931837, 0), (-1.3234889800848443e-23, 0.5093925872931836, 0.8605342480173329, 0), (-7.105427349130672e-13, 21.99893569946289, 0.00000673532488804085, 1.0000000000000002) ), ( (0.982119681373847, -0.04637611419021657, -0.18245598781829384, 0), (0.13281136684013886, 0.8575741658308738, 0.4969181934056504, 0), (0.1334244066735448, -0.5122653669067403, 0.8483997416145973, 0), (2.557953823325372e-13, 8.81743240356446, 0.000003814697208781581, 1) ), ( (0.9869043958647691, 0.12678387604049257, -0.09972743954872287, 0), (-0.13018014313188972, 0.9910866035789312, -0.02829265877466192, 0), (0.09525147640302423, 0.040904681670045386, 0.9946124688844981, 0), (-3.1433262825012065, 24.13247680664061, -0.4271977245807932, 1) ), ( (0.9727960694822348, 5.150632996083714e-7, 0.23166313301785862, 0), (-0.0023524127500807413, 0.999948464157559, 0.009875990238579229, 0), (-0.23165118897637588, -0.010152291794169653, 0.9727459368289121, 0), (0.000001594424251294413, 9.480512619018555, 0.000013327226014325788, 1) ), ( (0.9999999999998306, -1.9467177552748105e-7, 5.486733306369933e-7, 0), (1.9445417624396418e-7, 0.9999999213685576, 0.00039656379138151593, 0), (-5.487504872713938e-7, -0.00039656379127475693, 0.9999999213684261, 0), (-5.11226971866563e-9, 7.654994010925293, -0.000003535366886353586, 1) ), ( (0.9999999999999879, -1.0982509075738866e-7, -1.0982565504183558e-7, 0), (1.0982509075738933e-7, 0.999999999999994, 2.5464076610848722e-23, 0), (1.0982565504183219e-7, -1.2061612472243782e-14, 0.9999999999999941, 0), (1.2794043868086247e-7, 8.072689056396513, -0.00046506570652127266, 1) ), ( (1, 0, 3.3881317890172014e-21, 0), (0, 1, -1.1490782710454652e-22, 0), (3.3881317890172014e-21, 1.522852432407195e-22, 1, 0), (0, 8.073013305664062, 0, 1) ), ( (0.5909861417973, -0.8026776133751259, 0.08027471077464962, 0), (0.7953690430552518, 0.596413152569345, 0.10807144299799275, 0), (-0.13462342126433594, -0.000020705245480385018, 0.9908968331861687, 0), (9.488458633422862, 12.57011222839354, 1.2894189357757284, 1) ), ( (0.9999999749423439, -0.00020866100987643188, -0.0000810918897138302, 0), (0.00020866082844417377, 0.9999999782278075, -0.000002245821794074771, 0), (0.00008109235656372549, 0.0000022289010369119588, 0.9999999967095311, 0), (0.000005213078125620996, 9.275053977966323, -0.000004713001544587314, 1) ), ( (0.9999998596184725, 0.0005273074311305526, 0.00005205678574739226, 0), (-0.0005273075452919551, 0.9999998609709921, 0.000002179316425115853, 0), (-0.00005205562934024325, -0.0000022067660550883277, 0.9999999986426712, 0), (0.0000043874606348026646, 6.897988319396973, -0.0000070545938513078, 1.0000000000000002) ), ( (0.9999999999360535, -0.000007987020691158087, -0.000008006287525672428, 0), (0.00000798702069132462, 0.9999999999681037, 8.470329472543003e-22, 0), (0.000008006287525417057, -6.394638412656541e-11, 0.9999999999679496, 0), (0.000005758949541245784, 6.9019017219543315, -0.0000010783696495764161, 1) ), ( (0.9999999999999999, 5.551115123125783e-17, -1.6940658945086007e-21, 0), (-5.551115123125783e-17, 0.9999999999999999, 0, 0), (8.470329472543003e-22, 8.470329472543003e-22, 0.9999999999999999, 0), (0, 6.9019088745117045, 2.842170943040401e-14, 0.9999999999999999) ), ( (0.9774785411956575, 0.13306855509951693, 0.16379395942993843, 0), (-0.13018148217794728, 0.9910866547169975, -0.028284705051031027, 0), (-0.166097812146826, 0.006324751821047297, 0.986088999185388, 0), (4.974782943725593, 25.230283737182575, 0.6756916046142578, 1) ), ( (0.9995278321105393, 3.876530311539686e-8, -0.030726419192676626, 0), (0.0003113506528432861, 0.9999486471091719, 0.010129472113992307, 0), (0.03072484169489834, -0.01013425599319807, 0.9994765034548276, 0), (9.983777964350793e-7, 9.480525016784668, 0.000009059905977437666, 1) ), ( (0.9999999999999949, 0, -1.0085639154972613e-7, 0), (4.004790577532151e-11, 0.9999999211643249, 0.00039707851093991525, 0), (1.0085638359864564e-7, -0.0003970785109399173, 0.9999999211643198, 0), (2.7044268335885135e-7, 7.655016422271672, -0.000010296698746969923, 1) ), ( (1, 0, 8.470329472543003e-22, 0), (1.3234889800848443e-23, 0.9999999999553456, 0.000009450340877371234, 0), (-8.470329472543003e-22, -0.000009450340877371236, 0.9999999999553456, 0), (6.276600288401823e-7, 8.073019027709961, -0.000006116872128814066, 1) ), ( (1, 1.3234889800848443e-23, 8.470329472543003e-22, 0), (0, 1.0000000000000002, -9.909748946388148e-23, 0), (0, -1.0300771519888099e-22, 1, 0), (-1.7763568394002505e-15, 8.073013305664062, 2.842170943040401e-14, 1) ), ( (0.985858566609216, 0.13242547210111832, 0.1026955743058991, 0), (-0.13018135874256556, 0.9910866713238168, -0.028284691269599455, 0), (-0.1055258284931323, 0.014515655792041476, 0.9943106130670462, 0), (-11.319922447204583, 23.026760101318345, -1.5380016565322876, 1) ), ( (0.9995210591843934, 4.2279249015187584e-7, 0.030945956872097852, 0), (-0.00031403693721647095, 0.9999486470697753, 0.01012939307796112, 0), (-0.030944363423902544, -0.010134259871694107, 0.9994697309819556, 0), (0.000001039355993270874, 9.480525016784668, 0.000005185604095458984, 1.0000000000000002) ), ( (0.9999999999998985, -3.639121107810545e-7, -2.6598911126016667e-7, 0), (3.6401719817250255e-7, 0.9999999219129996, 0.0003951883884205005, 0), (2.658452766492901e-7, -0.00039518838851728495, 0.9999999219130306, 0), (3.7026256904937327e-7, 7.655019283294735, -0.000013639881245808283, 1) ), ( (0.9999999999999861, 1.1821046950949278e-7, 1.1813202226506296e-7, 0), (-1.1821158589813666e-7, 0.9999999999553383, 0.000009450392030470631, 0), (-1.1813090512450999e-7, -0.000009450392044435077, 0.9999999999553383, 0), (7.230191840790212e-7, 8.073010444641142, 0.0000019819198939785565, 1) ), ( (1.0000000000000002, 1.3234889800848443e-23, 1.6940658945086007e-21, 0), (1.3234889800848443e-23, 1.0000000000000002, -7.259539811950674e-24, 0), (0, 5.831562733981324e-24, 1, 0), (1.7763568394002505e-15, 8.073013305664091, 0, 1) ), ( (-0.9999999999999638, 4.9109303536118606e-8, 2.6631610928784915e-7, 0), (-7.824372378879338e-8, 0.8890815318320292, -0.4577488719322055, 0), (-2.592564626922216e-7, -0.45774887193220953, -0.8890815318319929, 0), (8.591462119511545e-7, -38.25729751586914, 19.654977798461914, 1) ), ( (0.9999999999999893, -2.3161057151484775e-23, 1.4575188067467342e-7, 0), (-6.921897986797111e-8, -0.8800345392398677, 0.4749096858823461, 0), (1.2826668915288034e-7, -0.47490968588235105, -0.8800345392398584, 0), (7.769966209336416e-14, 8.392856597900376, 0.0000019073486399179274, 1) ), ( (1, 0, 0, 0), (-1.3234889800848443e-23, 0.9999981932016113, -0.001900945426131412, 0), (-2.6469779601696886e-23, 0.001900945426131412, 0.9999981932016113, 0), (5.1403869094143056e-14, 48.59838485717772, 0.0000018849968874690148, 1) ), ( (0.37791766736710203, -0.9258392067148254, 0.00000121306856092044, 0), (0.9258392067155561, 0.377917667366265, -8.665411107877486e-7, 0), (3.438376936991079e-7, 0.0000014505876294007646, 0.9999999999988888, 0), (6.683510018650797e-14, 39.99991226196289, 0.0000016022349846878114, 1) ), ( (0.9999999999995121, 4.917388320424543e-7, 8.567968318841881e-7, 0), (-4.917396570491839e-7, 0.9999999999994155, 9.62839090239336e-7, 0), (-8.567963584183173e-7, -9.628395115598466e-7, 0.9999999999991696, 0), (-1.8600144180425104e-7, 39.619194030761726, -0.0000010436300499350182, 1) ), ( (1, -5.551115123125783e-17, 1.5881867761018131e-22, 0), (0, 1, 0, 0), (-5.293955920339377e-23, 0, 1, 0), (-5.329070518200751e-15, 39.61919403076171, 0, 1) ), ( (-0.9999999999999626, -6.339413268357411e-8, 2.6631610928784926e-7, 0), (1.0622261493005861e-7, 0.806746418621304, 0.5908978050743536, 0), (-2.523090212464484e-7, 0.5908978050743601, -0.8067464186212668, 0), (0.0000012746825177600823, 39.31724548339841, 29.16133117675782, 1) ), ( (0.9999999999999978, 0, 6.35730329926352e-8, 0), (-6.346990340272445e-14, 0.9999999999995014, 9.983777769624487e-7, 0), (-6.357303299260352e-8, -9.983777770235892e-7, 0.9999999999994995, 0), (-3.7469512508583576e-13, 10.451044082641602, -0.0000019073486328125, 0.9999999999999997) ), ( (1.0000000000000002, 0, 0, 0), (2.6469779601696886e-23, 0.9999982378271122, 0.0018773232728884982, 0), (-5.293955920339377e-23, -0.0018773232728886574, 0.9999982378271122, 0), (3.066431112987324e-13, 10.487693786621065, -0.000011444091796875, 1.0000000000000002) ), ( (1.0000000000000002, 0, 5.293955920339377e-23, 0), (0, 0.9999999982852721, 0.00005856156157637972, 0), (2.6469779601696886e-23, -0.00005856156157633018, 0.999999998285272, 0), (-1.9130784941769584e-13, 5.419227600097656, 0.000007629394545460855, 1.0000000000000002) ), ( (1, -2.6469779601696886e-23, 5.293955920339377e-23, 0), (2.6469779601696886e-23, 1, 2.4565915999292972e-17, 0), (0, -3.0945234991434854e-17, 0.9999999999999999, 0), (3.5998900258307764e-21, 5.419226169586182, -2.842170943040401e-14, 1) )]
        }
		over "body" (
            prepend apiSchemas = ["SkelBindingAPI"]
        )
        {
            matrix4d primvars:skel:geomBindTransform = ( (1, 4.6566099999999994e-8, 0, 0), (0, 7.54979e-8, 1, 0), (4.6566099999999994e-8, -1, 7.54979e-8, 0), (0.000596046, 0, 0, 1) )
			int[] primvars:skel:jointIndices = [0, 0, 0, 0, 0, 0, 0, 0, 0, 0, 0, 0, 0, 0, 0, 0, 0, 0, 0, 0, 0, 0, 0, 0, 0, 0, 0, 0, 0, 0, 0, 0, 0, 0, 0, 0, 0, 0, 0, 0, 0, 0, 0, 0, 0, 0, 0, 0, 0, 0, 0, 0, 0, 0, 0, 0, 0, 0, 0, 0, 0, 0, 0, 0, 0, 0, 0, 0, 0, 0, 0, 0, 0, 0, 0, 0, 0, 0, 0, 0, 0, 0, 0, 0, 0, 0, 0, 0, 0, 0, 0, 0, 0, 0, 0, 0, 0, 0, 0, 0, 0, 0, 0, 0, 0, 0, 0, 0, 0, 0, 0, 0, 0, 0, 0, 0, 0, 0, 0, 0, 0, 0, 0, 0, 0, 0, 0, 0, 0, 0, 0, 0, 0, 0, 0, 0, 0, 0, 0, 0, 0, 0, 0, 0, 0, 0, 0, 0, 0, 0, 0, 0, 0, 0, 0, 0, 0, 0, 0, 0, 0, 0, 0, 0, 0, 0, 0, 0, 0, 0, 0, 0, 0, 0, 0, 0, 0, 0, 0, 0, 0, 0, 0, 0, 0, 0, 0, 0, 0, 0, 0, 0, 0, 0, 0, 0, 0, 0, 0, 0, 0, 0, 0, 0, 0, 0, 0, 0, 0, 0, 0, 0, 0, 0, 0, 0, 0, 0, 0, 0, 0, 0, 0, 0, 0, 0, 0, 0, 0, 0, 0, 0, 0, 0, 0, 0, 0, 0, 0, 0, 0, 0, 0, 0, 0, 0, 0, 0, 0, 0, 0, 0, 0, 0, 0, 0, 0, 0, 0, 0, 0, 0, 0, 0, 0, 0, 0, 0, 0, 0, 0, 0, 0, 0, 0, 0, 0, 0, 0, 0, 0, 0, 0, 0, 0, 0, 0, 0, 0, 0, 0, 0, 0, 0, 0, 0, 0, 0, 0, 0, 0, 0, 0, 0, 0, 0, 0, 0, 0, 0, 0, 0, 0, 0, 0, 0, 0, 0, 0, 0, 0, 0, 0, 0, 0, 0, 0, 0, 0, 0, 0, 0, 0, 0, 0, 0, 0, 0, 0, 0, 0, 0, 0, 0, 0, 0, 0, 0, 0, 0, 0, 0, 0, 0, 0, 0, 0, 0, 0, 0, 0, 0, 0, 0, 0, 0, 0, 0, 0, 0, 0, 0, 0, 0, 0, 0, 0, 0, 0, 0, 0, 0, 0, 0, 0, 0, 0, 0, 0, 0, 0, 0, 0, 0, 0, 0, 0, 0, 0, 0, 0, 0, 0, 0, 0, 0, 0, 0, 0, 0, 0, 0, 0, 0, 0, 0, 0, 0, 0, 0, 0, 0, 0, 0, 0, 0, 0, 0, 0, 0, 0, 0, 0, 0, 0, 0, 0, 0, 0, 0, 0, 0, 0, 0, 0, 0, 0, 0, 0, 0, 0, 0, 0, 0, 0, 0, 0, 0, 0, 0, 0, 0, 0, 0, 0, 0, 0, 0, 0, 0, 0, 0, 0, 0, 0, 0, 0, 0, 0, 0, 0, 0, 0, 0, 0, 0, 0, 0, 0, 0, 0, 0, 0, 0, 0, 0, 0, 0, 0, 0, 0, 0, 0, 0, 0, 0, 0, 0, 0, 0, 0, 0, 0, 0, 0, 0, 0, 0, 0, 0, 0, 0, 0, 0, 0, 0, 0, 0, 0, 0, 0, 0, 0, 0, 0, 0, 0, 0, 0, 0, 0, 0, 0, 0, 0, 0, 0, 0, 0, 0, 0, 0, 0, 0, 0, 0, 0, 0, 0, 0, 0, 0, 0, 0, 0, 0, 0, 0, 0, 0, 0, 0, 0, 0, 0, 0, 0, 0, 0, 0, 0, 0, 0, 0, 0, 0, 0, 0, 0, 0, 0, 0, 0, 0, 0, 0, 0, 0, 0, 0, 0, 0, 0, 0, 0, 0, 0, 0, 0, 0, 0, 0, 0, 0, 0, 0, 0, 0, 0, 0, 0, 0, 0, 0, 0, 0, 0, 0, 0, 0, 0, 0, 0, 0, 0, 0, 0, 0, 0, 0, 0, 0, 0, 0, 0, 0, 0, 0, 0, 0, 0, 0, 0, 0, 0, 0, 0, 0, 0, 0, 0, 0, 0, 0, 0, 0, 0, 0, 0, 0, 0, 0, 0, 0, 0, 0, 0, 0, 0, 0, 0, 0, 0, 0, 0, 0, 0, 0, 0, 0, 0, 0, 0, 0, 0, 0, 0, 0, 0, 0, 0, 0, 0, 0, 0, 0, 0, 0, 0, 0, 0, 0, 0, 0, 0, 0, 0, 0, 0, 0, 0, 0, 0, 0, 0, 0, 0, 0, 0, 0, 0, 0, 0, 0, 0, 0, 0, 0, 0, 0, 0, 0, 0, 0, 0, 0, 0, 0, 0, 0, 0, 0, 0, 0, 0, 0, 0, 0, 0, 0, 0, 0, 0, 0, 0, 0, 0, 0, 0, 0, 0, 0, 0, 0, 0, 0, 0, 0, 0, 0, 0, 0, 0, 0, 0, 0, 0, 0, 0, 0, 0, 0, 0, 0, 0, 0, 0, 0, 0, 0, 0, 0, 0, 0, 0, 0, 0, 0, 0, 0, 0, 0, 0, 0, 0, 0, 0, 0, 0, 0, 0, 0, 0, 0, 0, 0, 0, 0, 0, 0, 0, 0, 0, 0, 0, 0, 0, 0, 0, 0, 0, 0, 0, 0, 0, 0, 0, 0, 0, 0, 0, 0, 0, 0, 0, 0, 0, 0, 0, 0, 0, 0, 0, 0, 0, 0, 0, 0, 0, 0, 0, 0, 0, 0, 0, 0, 0, 0, 0, 0, 0, 0, 0, 0, 0, 0, 0, 0, 0, 0, 0, 0, 0, 0, 0, 0, 0, 0, 0, 0, 0, 0, 0, 0, 0, 0, 0, 0, 0, 0, 0, 0, 0, 0, 0, 0, 0, 0, 0, 0, 0, 0, 0, 0, 0, 0, 0, 0, 0, 0, 0, 0, 0, 0, 0, 0, 0, 0, 0, 0, 0, 0, 0, 0, 0, 0, 0, 0, 0, 0, 0, 0, 0, 0, 0, 0, 0, 0, 0, 0, 0, 0, 0, 0, 0, 0, 0, 0, 0, 0, 0, 0, 0, 0, 0, 0, 0, 0, 0, 0, 0, 0, 0, 0, 0, 0, 0, 0, 0, 0, 0, 0, 0, 0, 0, 0, 0, 0, 0, 0, 0, 0, 0, 0, 0, 0, 0, 0, 0, 0, 0, 0, 0, 0, 0, 0, 0, 0, 0, 0, 0, 0, 0, 0, 0, 0, 0, 0, 0, 0, 0, 0, 0, 0, 0, 0, 0, 0, 0, 0, 0, 0, 0, 0, 0, 0, 0, 0, 0, 0, 0, 0, 0, 0, 0, 0, 0, 0, 0, 0, 0, 0, 0, 0, 0, 0, 0, 0, 0, 0, 0, 0, 0, 0, 0, 0, 0, 0, 0, 0, 0, 0, 0, 0, 0, 0, 0, 0, 0, 0, 0, 0, 0, 0, 0, 0, 0, 0, 0, 0, 0, 0, 0, 0, 0, 0, 0, 0, 0, 0, 0, 0, 0, 0, 0, 0, 0, 0, 0, 0, 0, 0, 0, 0, 0, 0, 0, 0, 0, 0, 0, 0, 0, 0, 0, 0, 0, 0, 0, 0, 0, 0, 0, 0, 0, 0, 0, 0, 0, 0, 0, 0, 0, 0, 0, 0, 0, 0, 0, 0, 0, 0, 0, 0, 0, 0, 0, 0, 0, 0, 0, 0, 0, 0, 0, 0, 0, 0, 0, 0, 0, 0, 0, 0, 0, 0, 0, 0, 0, 0, 0, 0, 0, 0, 0, 0, 0, 0, 0, 0, 0, 0, 0, 0, 0, 0, 0, 0, 0, 0, 0, 0, 0, 0, 0, 0, 0, 0, 0, 0, 0, 0, 0, 0, 0, 0, 0, 0, 0, 0, 0, 0, 0, 0, 0, 0, 0, 0, 0, 0, 0, 0, 0, 0, 0, 0, 0, 0, 0, 0, 0, 0, 0, 0, 0, 0, 0, 0, 0, 0, 0, 0, 0, 0, 0, 0, 0, 0, 0, 0, 0, 0, 0, 0, 0, 0, 0, 0, 0, 0, 0, 0, 0, 0, 0, 0, 0, 0, 0, 0, 0, 0, 0, 0, 0, 0, 0, 0, 0, 0, 0, 0, 0, 0, 0, 0, 0, 0, 0, 0, 0, 0, 0, 0, 0, 0, 0, 0, 0, 0, 0, 0, 0, 0, 0, 0, 0, 0, 0, 0, 0, 0, 0, 0, 0, 0, 0, 0, 0, 0, 0, 0, 0, 0, 0, 0, 0, 0, 0, 0, 0, 0, 0, 0, 0, 0, 0, 0, 0, 0, 0, 0, 0, 0, 0, 0, 0, 0, 0, 0, 0, 0, 0, 0, 0, 0, 0, 0, 0, 0, 0, 0, 0, 0, 0, 0, 0, 0, 0, 0, 0, 0, 0, 0, 0, 0, 0, 0, 0, 0, 0, 0, 0, 0, 0, 0, 0, 0, 0, 0, 0, 0, 0, 0, 0, 0, 0, 0, 0, 0, 0, 0, 0, 0, 0, 0, 0, 0, 0, 0, 0, 0, 0, 0, 0, 0, 0, 0, 0, 0, 0, 0, 0, 0, 0, 0, 0, 0, 0, 0, 0, 0, 0, 0, 0, 0, 0, 0, 0, 0, 0, 0, 0, 0, 0, 0, 0, 0, 0, 0, 0, 0, 0, 0, 0, 0, 0, 0, 0, 0, 0, 0, 0, 0, 0, 0, 0, 0, 0, 0, 0, 0, 0, 0, 0, 0, 0, 0, 0, 0, 0, 0, 0, 0, 0, 0, 0, 0, 0, 0, 0, 0, 0, 0, 0, 0, 0, 0, 0, 0, 0, 0, 0, 0, 0, 0, 0, 0, 0, 0, 0, 0, 0, 0, 0, 0, 0, 0, 0, 0, 0, 0, 0, 0, 0, 0, 0, 0, 0, 0, 0, 0, 0, 0, 0, 0, 0, 0, 0, 0, 0, 0, 0, 0, 0, 0, 0, 0, 0, 0, 0, 0, 0, 0, 0, 0, 0, 0, 0, 0, 0, 0, 0, 0, 0, 0, 0, 0, 0, 0, 0, 0, 0, 0, 0, 0, 0, 0, 0, 0, 0, 0, 0, 0, 0, 0, 0, 0, 0, 0, 0, 0, 0, 0, 0, 0, 0, 0, 0, 0, 0, 0, 0, 0, 0, 0, 0, 0, 0, 0, 0, 0, 0, 0, 0, 0, 0, 0, 0, 0, 0, 0, 0, 0, 0, 0, 0, 0, 0, 0, 0, 0, 0, 0, 0, 0, 0, 0, 0, 0, 0, 0, 0, 0, 0, 0, 0, 0, 0, 0, 0, 0, 0, 0, 0, 0, 0, 0, 0, 0, 0, 0, 0, 0, 0, 0, 0, 0, 0, 0, 0, 0, 0, 0, 0, 0, 0, 0, 0, 0, 0, 0, 0, 0, 0, 0, 0, 0, 0, 0, 0, 0, 0, 0, 0, 0, 0, 0, 0, 0, 0, 0, 0, 0, 0, 0, 0, 0, 0, 0, 0, 0, 0, 0, 0, 0, 0, 0, 0, 0, 0, 0, 0, 0, 0, 0, 0, 0, 0, 0, 0, 0, 0, 0, 0, 0, 0, 0, 0, 0, 0, 0, 0, 0, 0, 0, 0, 0, 0, 0, 0, 0, 0, 0, 0, 0, 0, 0, 0, 0, 0, 0, 0, 0, 0, 0, 0, 0, 0, 0, 0, 0, 0, 0, 0, 0, 0, 0, 0, 0, 0, 0, 0, 0, 0, 0, 0, 0, 0, 0, 0, 0, 0, 0, 0, 0, 0, 0, 0, 0, 0, 0, 0, 0, 0, 0, 0, 0, 0, 0, 0, 0, 0, 0, 0, 0, 0, 0, 0, 0, 0, 0, 0, 0, 0, 0, 0, 0, 0, 0, 0, 0, 0, 0, 0, 0, 0, 0, 0, 0, 0, 0, 0, 0, 0, 0, 0, 0, 0, 0, 0, 0, 0, 0, 0, 0, 0, 0, 0, 0, 0, 0, 0, 0, 0, 0, 0, 0, 0, 0, 0, 0, 0, 0, 0, 0, 0, 0, 0, 0, 0, 0, 0, 0, 0, 0, 0, 0, 0, 0, 0, 0, 0, 0, 0, 0, 0, 0, 0, 0, 0, 0, 0, 0, 0, 0, 0, 0, 0, 0, 0, 0, 0, 0, 0, 0, 0, 0, 0, 0, 0, 0, 0, 0, 0, 0, 0, 0, 0, 0, 0, 0, 0, 0, 0, 0, 0, 0, 0, 0, 0, 0, 0, 0, 0, 0, 0, 0, 0, 0, 0, 0, 0, 0, 0, 0, 0, 0, 0, 0, 0, 0, 0, 0, 0, 0, 0, 0, 0, 0, 0, 0, 0, 0, 0, 0, 0, 0, 0, 0, 0, 0, 0, 0, 0, 0, 0, 0, 0, 0, 0, 0, 0, 0, 0, 0, 0, 0, 0, 0, 0, 0, 0, 0, 0, 0, 0, 0, 0, 0, 0, 0, 0, 0, 0, 0, 0, 0, 0, 0, 0, 0, 0, 0, 0, 0, 0, 0, 0, 0, 0, 0, 0, 0, 0, 0, 0, 0, 0, 0, 0, 0, 0, 0, 0, 0, 0, 0, 0, 0, 0, 0, 0, 0, 0, 0, 0, 0, 0, 0, 0, 0, 0, 0, 0, 0, 0, 0, 0, 0, 0, 0, 0, 0, 0, 0, 0, 0, 0, 0, 0, 0, 0, 0, 0, 0, 0, 0, 0, 0, 0, 0, 0, 0, 0, 0, 0, 0, 0, 0, 0, 0, 0, 0, 0, 0, 0, 0, 0, 0, 0, 0, 0, 0, 0, 0, 0, 0, 0, 0, 0, 0, 0, 0, 0, 0, 0, 0, 0, 0, 0, 0, 0, 0, 0, 0, 0, 0, 0, 0, 0, 0, 0, 0, 0, 0, 0, 0, 0, 0, 0, 0, 0, 0, 0, 0, 0, 0, 0, 0, 0, 0, 0, 0, 0, 0, 0, 0, 0, 0, 0, 0, 0, 0, 0, 0, 0, 0, 0, 0, 0, 0, 0, 0, 0, 0, 0, 0, 0, 0, 0, 0, 0, 0, 0, 0, 0, 0, 0, 0, 0, 0, 0, 0, 0, 0, 0, 0, 0, 0, 0, 0, 0, 0, 0, 0, 0, 0, 0, 0, 0, 0, 0, 0, 0, 0, 0, 0, 0, 0, 0, 0, 0, 0, 0, 0, 0, 0, 0, 0, 0, 0, 0, 0, 0, 0, 0, 0, 0, 0, 0, 0, 0, 0, 0, 0, 0, 0, 0, 0, 0, 0, 0, 0, 0, 0, 0, 0, 0, 0, 0, 0, 0, 0, 0, 0, 0, 0, 0, 0, 0, 0, 0, 0, 0, 0, 0, 0, 0, 0, 0, 0, 0, 0, 0, 0, 0, 0, 0, 0, 0, 0, 0, 0, 0, 0, 0, 0, 0, 0, 0, 0, 0, 0, 0, 0, 0, 0, 0, 0, 0, 0, 0, 0, 0, 0, 0, 0, 0, 0, 0, 0, 0, 0, 0, 0, 0, 0, 0, 0, 0, 0, 0, 0, 0, 0, 0, 0, 0, 0, 0, 0, 0, 0, 0, 0, 0, 0, 0, 0, 0, 0, 0, 0, 0, 0, 0, 0, 0, 0, 0, 0, 0, 0, 0, 0, 0, 0, 0, 0, 0, 0, 0, 0, 0, 0, 0, 0, 0, 0, 0, 0, 0, 0, 0, 0, 0, 0, 0, 0, 0, 0, 0, 0, 0, 0, 0, 0, 0, 0, 0, 0, 0, 0, 0, 0, 0, 0, 0, 0, 0, 0, 0, 0, 0, 0, 0, 0, 0, 0, 0, 0, 0, 0, 0, 0, 0, 0, 0, 0, 0, 0, 0, 0, 0, 0, 0, 0, 0, 0, 0, 0, 0, 0, 0, 0, 0, 0, 0, 0, 0, 0, 0, 0, 0, 0, 0, 0, 0, 0, 0, 0, 0, 0, 0, 0, 0, 0, 0, 0, 0, 0, 0, 0, 0, 0, 0, 0, 0, 0, 0, 0, 0, 0, 0, 0, 0, 0, 0, 0, 0, 0, 0, 0, 0, 0, 0, 0, 0, 0, 0, 0, 0, 0, 0, 0, 0, 0, 0, 0, 0, 0, 0, 0, 0, 0, 0, 0, 0, 0, 0, 0, 0, 0, 0, 0, 0, 0, 0, 0, 0, 0, 0, 0, 0, 0, 0, 0, 0, 0, 0, 0, 0, 0, 0, 0, 0, 0, 0, 0, 0, 0, 0, 0, 0, 0, 0, 0, 0, 0, 0, 0, 0, 0, 0, 0, 0, 0, 0, 0, 0, 0, 0, 0, 0, 0, 0, 0, 0, 0, 0, 0, 0, 0, 0, 0, 0, 0, 0, 0, 0, 0, 0, 0, 0, 0, 0, 0, 0, 0, 0, 0, 0, 0, 0, 0, 0, 0, 0, 0, 0, 0, 0, 0, 0, 0, 0, 0, 0, 0, 0, 0, 0, 0, 0, 0, 0, 0, 0, 0, 0, 0, 0, 0, 0, 0, 0, 0, 0, 0, 0, 0, 0, 0, 0, 0, 0, 0, 0, 0, 0, 0, 0, 0, 0, 0, 0, 0, 0, 0, 0, 0, 0, 0, 0, 0, 0, 0, 0, 0, 0, 0, 0, 0, 0, 0, 0, 0, 0, 0, 0, 0, 0, 0, 0, 0, 0, 0, 0, 0, 0, 0, 0, 0, 0, 0, 0, 0, 0, 0, 0, 0, 0, 0, 0, 0, 0, 0, 0, 0, 0, 0, 0, 0, 0, 0, 0, 0, 0, 0, 0, 0, 0, 0, 0, 0, 0, 0, 0, 0, 0, 0, 0, 0, 0, 0, 0, 0, 0, 0, 0, 0, 0, 0, 0, 0, 0, 0, 0, 0, 0, 0, 0, 0, 0, 0, 0, 0, 0, 0, 0, 0, 0, 0, 0, 0, 0, 0, 0, 0, 0, 0, 0, 0, 0, 0, 0, 0, 0, 0, 0, 0, 0, 0, 0, 0, 0, 0, 0, 0, 0, 0, 0, 0, 0, 0, 0, 0, 0, 0, 0, 0, 0, 0, 0, 0, 0, 0, 0, 0, 0, 0, 0, 0, 0, 0, 0, 0, 0, 0, 0, 0, 0, 0, 0, 0, 0, 0, 0, 0, 0, 0, 0, 0, 0, 0, 0, 0, 0, 0, 0, 0, 0, 0, 0, 0, 0, 0, 0, 0, 0, 0, 0, 0, 0, 0, 0, 0, 0, 0, 0, 0, 0, 0, 0, 0, 0, 0, 0, 0, 0, 0, 0, 0, 0, 0, 0, 0, 0, 0, 0, 0, 0, 0, 0, 0, 0, 0, 0, 0, 0, 0, 0, 0, 0, 0, 0, 0, 0, 0, 0, 0, 0, 0, 0, 0, 0, 0, 0, 0, 0, 0, 0, 0, 0, 0, 0, 0, 0, 0, 0, 0, 0, 0, 0, 0, 0, 0, 0, 0, 0, 0, 0, 0, 0, 0, 0, 0, 0, 0, 0, 0, 0, 0, 0, 0, 0, 0, 0, 0, 0, 0, 0, 0, 0, 0, 0, 0, 0, 0, 0, 0, 0, 0, 0, 0, 0, 0, 0, 0, 0, 0, 0, 0, 0, 0, 0, 0, 0, 0, 0, 0, 0, 0, 0, 0, 0, 0, 0, 0, 0, 0, 0, 0, 0, 0, 0, 0, 0, 0, 0, 0, 0, 0, 0, 0, 0, 0, 0, 0, 0, 0, 0, 0, 0, 0, 0, 0, 0, 0, 0, 0, 0, 0, 0, 0, 0, 0, 0, 0, 0, 0, 0, 0, 0, 0, 0, 0, 0, 0, 0, 0, 0, 0, 0, 0, 0, 0, 0, 0, 0, 0, 0, 0, 0, 0, 0, 0, 0, 0, 0, 0, 0, 0, 0, 0, 0, 0, 0, 0, 0, 0, 0, 0, 0, 0, 0, 0, 0, 0, 0, 0, 0, 0, 0, 0, 0, 0, 0, 0, 0, 0, 0, 0, 0, 0, 0, 0, 0, 0, 0, 0, 0, 0, 0, 0, 0, 0, 0, 0, 0, 0, 0, 0, 0, 0, 0, 0, 0, 0, 0, 0, 0, 0, 0, 0, 0, 0, 0, 0, 0, 0, 0, 0, 0, 0, 0, 0, 0, 0, 0, 0, 0, 0, 0, 0, 0, 0, 0, 0, 0, 0, 0, 0, 0, 0, 0, 0, 0, 0, 0, 0, 0, 0, 0, 0, 0, 0, 0, 0, 0, 0, 0, 0, 0, 0, 0, 0, 0, 0, 0, 0, 0, 0, 0, 0, 0, 0, 0, 0, 0, 0, 0, 0, 0, 0, 0, 0, 0, 0, 0, 0, 0, 0, 0, 0, 0, 0, 0, 0, 0, 0, 0, 0, 0, 0, 0, 0, 0, 0, 0, 0, 0, 0, 0, 0, 0, 0, 0, 0, 0, 0, 0, 0, 0, 0, 0, 0, 0, 0, 0, 0, 0, 0, 0, 0, 0, 0, 0, 0, 0, 0, 0, 0, 0, 0, 0, 0, 0, 0, 0, 0, 0, 0, 0, 0, 0, 0, 0, 0, 0, 0, 0, 0, 0, 0, 0, 0, 0, 0, 0, 0, 0, 0, 0, 0, 0, 0, 0, 0, 0, 0, 0, 0, 0, 0, 0, 0, 0, 0, 0, 0, 0, 0, 0, 0, 0, 0, 0, 0, 0, 0, 0, 0, 0, 0, 0, 0, 0, 0, 0, 0, 0, 0, 0, 0, 0, 0, 0, 0, 0, 0, 0, 0, 0, 0, 0, 0, 0, 0, 0, 0, 0, 0, 0, 0, 0, 0, 0, 0, 0, 0, 0, 0, 0, 0, 0, 0, 0, 0, 0, 0, 0, 0, 0, 0, 0, 0, 0, 0, 0, 0, 0, 0, 0, 0, 0, 0, 0, 0, 0, 0, 0, 0, 0, 0, 0, 0, 0, 0, 0, 0, 0, 0, 0, 0, 0, 0, 0, 0, 0, 0, 0, 0, 0, 0, 0, 0, 0, 0, 0, 0, 0, 0, 0, 0, 0, 0, 0, 0, 0, 0, 0, 0, 0, 0, 0, 0, 0, 0, 0, 0, 0, 0, 0, 0, 0, 0, 0, 0, 0, 0, 0, 0, 0, 0, 0, 0, 0, 0, 0, 0, 0, 0, 0, 0, 0, 0, 0, 0, 0, 0, 0, 0, 0, 0, 0, 0, 0, 0, 0, 0, 0, 0, 0, 0, 0, 0, 0, 0, 0, 0, 0, 0, 0, 0, 0, 0, 0, 0, 0, 0, 0, 0, 0, 0, 0, 0, 0, 0, 0, 0, 0, 0, 0, 0, 0, 0, 0, 0, 0, 0, 0, 0, 0, 0, 0, 0, 0, 0, 0, 0, 0, 0, 0, 0, 0, 0, 0, 0, 0, 0, 0, 0, 0, 0, 0, 0, 0, 0, 0, 0, 0, 0, 0, 0, 0, 0, 0, 0, 0, 0, 0, 0, 0, 0, 0, 0, 0, 0, 0, 0, 0, 0, 0, 0, 0, 0, 0, 0, 0, 0, 0, 0, 0, 0, 0, 0, 0, 0, 0, 0, 0, 0, 0, 0, 0, 0, 0, 0, 0, 0, 0, 0, 0, 0, 0, 0, 0, 0, 0, 0, 0, 0, 0, 0, 0, 0, 0, 0, 0, 0, 0, 0, 0, 0, 0, 0, 0, 0, 0, 0, 0, 0, 0, 0, 0, 0, 0, 0, 0, 0, 0, 0, 0, 0, 0, 0, 0, 0, 0, 0, 0, 0, 0, 0, 0, 0, 0, 0, 0, 0, 0, 0, 0, 0, 0, 0, 0, 0, 0, 0, 0, 0, 0, 0, 0, 0, 0, 0, 0, 0, 0, 0, 0, 0, 0, 0, 0, 0, 0, 0, 0, 0, 0, 0, 0, 0, 0, 0, 0, 0, 0, 0, 0, 0, 0, 0, 0, 0, 0, 0, 0, 0, 0, 0, 0, 0, 0, 0, 0, 0, 0, 0, 0, 0, 0, 0, 0, 0, 0, 0, 0, 0, 0, 0, 0, 0, 0, 0, 0, 0, 0, 0, 0, 0, 0, 0, 0, 0, 0, 0, 0, 0, 0, 0, 0, 0, 0, 0, 0, 0, 0, 0, 0, 0, 0, 0, 0, 0, 0, 0, 0, 0, 0, 0, 0, 0, 0, 0, 0, 0, 0, 0, 0, 0, 0, 0, 0, 0, 0, 0, 0, 0, 0, 0, 0, 0, 0, 0, 0, 0, 0, 0, 0, 0, 0, 0, 0, 0, 0, 0, 0, 0, 0, 0, 0, 0, 0, 0, 0, 0, 0, 0, 0, 0, 0, 0, 0, 0, 0, 0, 0, 0, 0, 0, 0, 0, 0, 0, 0, 0, 0, 0, 0, 0, 0, 0, 0, 0, 0, 0, 0, 0, 0, 0, 0, 0, 0, 0, 0, 0, 0, 0, 0, 0, 0, 0, 0, 0, 0, 0, 0, 0, 0, 0, 0, 0, 0, 0, 0, 0, 0, 0, 0, 0, 0, 0, 0, 0, 0, 0, 0, 0, 0, 0, 0, 0, 0, 0, 0, 0, 0, 0, 0, 0, 0, 0, 0, 0, 0, 0, 0, 0, 0, 0, 0, 0, 0, 0, 0, 0, 0, 0, 0, 0, 0, 0, 0, 0, 0, 0, 0, 0, 0, 0, 0, 0, 0, 0, 0, 0, 0, 0, 0, 0, 0, 0, 0, 0, 0, 0, 0, 0, 0, 0, 0, 0, 0, 0, 0, 0, 0, 0, 0, 0, 0, 0, 0, 0, 0, 0, 0, 0, 0, 0, 0, 0, 0, 0, 0, 0, 0, 0, 0, 0, 0, 0, 0, 0, 0, 0, 0, 0, 0, 0, 0, 0, 0, 0, 0, 0, 0, 0, 0, 0, 0, 0, 0, 0, 0, 0, 0, 0, 0, 0, 0, 0, 0, 0, 0, 0, 0, 0, 0, 0, 0, 0, 0, 0, 0, 0, 0, 0, 0, 0, 0, 0, 0, 0, 0, 0, 0, 0, 0, 0, 0, 0, 0, 0, 0, 0, 0, 0, 0, 0, 0, 0, 0, 0, 0, 0, 0, 0, 0, 0, 0, 0, 0, 0, 0, 0, 0, 0, 0, 0, 0, 57, 0, 0, 0, 0, 0, 0, 0, 0, 0, 0, 0, 0, 0, 0, 0, 57, 0, 0, 0, 57, 0, 0, 0, 0, 0, 0, 0, 0, 0, 0, 0, 0, 0, 0, 0, 0, 0, 0, 0, 0, 0, 0, 0, 0, 0, 0, 0, 0, 0, 0, 0, 0, 0, 0, 0, 0, 0, 0, 0, 0, 0, 0, 0, 57, 0, 0, 0, 0, 0, 0, 0, 57, 0, 0, 0, 0, 0, 0, 0, 0, 0, 0, 0, 0, 0, 0, 0, 0, 0, 0, 0, 0, 0, 0, 0, 0, 0, 0, 59, 58, 0, 0, 0, 57, 0, 0, 0, 0, 0, 0, 0, 0, 0, 0, 0, 57, 0, 0, 0, 0, 0, 0, 0, 0, 0, 0, 0, 0, 0, 0, 59, 58, 0, 0, 0, 0, 0, 0, 0, 0, 0, 0, 0, 0, 0, 0, 0, 0, 0, 0, 0, 0, 0, 0, 0, 57, 0, 0, 59, 0, 0, 0, 59, 0, 0, 0, 59, 0, 0, 0, 59, 58, 0, 0, 59, 0, 0, 0, 0, 0, 0, 0, 0, 0, 0, 0, 59, 0, 0, 0, 0, 0, 0, 0, 59, 0, 0, 0, 59, 0, 0, 0, 59, 0, 0, 0, 0, 0, 0, 0, 0, 0, 0, 0, 0, 0, 0, 0, 0, 0, 0, 0, 0, 0, 0, 0, 0, 0, 0, 0, 59, 58, 0, 0, 0, 0, 0, 0, 59, 0, 0, 0, 59, 58, 0, 0, 59, 0, 0, 0, 0, 0, 0, 0, 0, 0, 0, 0, 59, 0, 0, 0, 59, 0, 0, 0, 59, 58, 0, 0, 59, 58, 0, 0, 0, 0, 0, 0, 59, 0, 0, 0, 59, 0, 0, 0, 59, 0, 0, 0, 59, 58, 0, 0, 0, 0, 0, 0, 59, 0, 0, 0, 0, 0, 0, 0, 59, 0, 0, 0, 0, 0, 0, 0, 0, 0, 0, 0, 0, 0, 0, 0, 0, 0, 0, 0, 59, 0, 0, 0, 59, 0, 0, 0, 59, 0, 0, 0, 59, 0, 0, 0, 59, 0, 0, 0, 59, 0, 0, 0, 0, 0, 0, 0, 59, 0, 0, 0, 59, 0, 0, 0, 59, 0, 0, 0, 0, 0, 0, 0, 59, 0, 0, 0, 59, 0, 0, 0, 59, 0, 0, 0, 0, 0, 0, 0, 59, 0, 0, 0, 59, 0, 0, 0, 0, 0, 0, 0, 59, 0, 0, 0, 59, 0, 0, 0, 59, 0, 0, 0, 59, 0, 0, 0, 59, 0, 0, 0, 59, 0, 0, 0, 59, 0, 0, 0, 0, 0, 0, 0, 59, 0, 0, 0, 59, 0, 0, 0, 0, 0, 0, 0, 59, 0, 0, 0, 0, 0, 0, 0, 0, 0, 0, 0, 59, 0, 0, 0, 59, 0, 0, 0, 0, 0, 0, 0, 59, 0, 0, 0, 0, 0, 0, 0, 59, 0, 0, 0, 59, 0, 0, 0, 59, 0, 0, 0, 59, 0, 0, 0, 0, 0, 0, 0, 59, 0, 0, 0, 0, 0, 0, 0, 59, 0, 0, 0, 59, 0, 0, 0, 59, 0, 0, 0, 59, 0, 0, 0, 59, 0, 0, 0, 0, 0, 0, 0, 59, 0, 0, 0, 59, 0, 0, 0, 0, 0, 0, 0, 59, 0, 0, 0, 0, 0, 0, 0, 0, 0, 0, 0, 59, 0, 0, 0, 59, 0, 0, 0, 59, 0, 0, 0, 59, 0, 0, 0, 0, 0, 0, 0, 0, 0, 0, 0, 0, 0, 0, 0, 0, 0, 0, 0, 0, 0, 0, 0, 0, 0, 0, 0, 0, 0, 0, 0, 0, 0, 0, 0, 0, 0, 0, 0, 0, 0, 0, 0, 0, 0, 0, 0, 0, 0, 0, 0, 0, 0, 0, 0, 0, 0, 0, 0, 0, 0, 0, 0, 0, 0, 0, 0, 0, 0, 0, 0, 0, 0, 0, 0, 0, 0, 0, 0, 0, 0, 0, 0, 0, 0, 0, 0, 0, 0, 0, 0, 0, 0, 0, 0, 0, 0, 0, 0, 0, 0, 0, 0, 0, 0, 0, 0, 0, 0, 0, 0, 0, 0, 0, 0, 0, 0, 0, 0, 0, 0, 0, 0, 0, 0, 0, 0, 0, 0, 0, 0, 0, 0, 0, 0, 0, 0, 0, 0, 0, 0, 0, 0, 0, 0, 0, 0, 0, 0, 0, 0, 0, 0, 0, 0, 0, 0, 0, 0, 0, 0, 0, 0, 0, 0, 0, 0, 0, 0, 0, 0, 0, 0, 0, 0, 0, 0, 0, 0, 0, 0, 0, 0, 0, 0, 0, 0, 0, 0, 0, 0, 0, 0, 0, 0, 0, 0, 0, 0, 0, 0, 0, 0, 0, 0, 0, 0, 0, 0, 0, 0, 0, 0, 0, 0, 0, 0, 0, 0, 0, 0, 0, 0, 0, 0, 0, 0, 0, 0, 0, 0, 0, 0, 0, 0, 0, 0, 0, 0, 0, 0, 0, 0, 0, 0, 0, 0, 0, 0, 0, 0, 0, 0, 0, 0, 0, 0, 0, 0, 0, 0, 0, 0, 0, 0, 0, 0, 0, 0, 0, 0, 0, 0, 0, 0, 0, 0, 0, 0, 0, 0, 0, 0, 0, 0, 0, 0, 0, 0, 0, 0, 0, 0, 0, 0, 0, 0, 0, 0, 0, 0, 0, 0, 0, 0, 0, 0, 0, 0, 0, 0, 0, 0, 0, 0, 0, 0, 0, 0, 0, 0, 0, 0, 0, 0, 0, 0, 0, 0, 0, 0, 0, 0, 0, 0, 0, 0, 0, 0, 0, 0, 0, 0, 59, 0, 0, 0, 59, 0, 0, 0, 59, 0, 0, 0, 59, 0, 0, 0, 0, 0, 0, 0, 0, 0, 0, 0, 0, 0, 0, 0, 0, 0, 0, 0, 0, 0, 0, 0, 0, 0, 0, 0, 0, 0, 0, 0, 0, 0, 0, 0, 0, 0, 0, 0, 0, 0, 0, 0, 0, 0, 0, 0, 0, 0, 0, 0, 0, 0, 0, 0, 0, 0, 0, 0, 0, 0, 0, 0, 0, 0, 0, 0, 0, 0, 0, 0, 0, 0, 0, 0, 0, 0, 0, 0, 0, 0, 0, 0, 0, 0, 0, 0, 0, 0, 0, 0, 0, 0, 0, 0, 0, 0, 0, 0, 0, 0, 0, 0, 0, 0, 0, 0, 0, 0, 0, 0, 0, 0, 0, 0, 0, 0, 0, 0, 0, 0, 0, 0, 0, 0, 0, 0, 0, 0, 0, 0, 0, 0, 0, 0, 0, 0, 0, 0, 0, 0, 0, 0, 0, 0, 0, 0, 0, 0, 0, 0, 0, 0, 0, 0, 0, 0, 0, 0, 0, 0, 0, 0, 0, 0, 0, 0, 0, 0, 0, 0, 0, 0, 0, 0, 0, 0, 0, 0, 0, 0, 0, 0, 0, 0, 0, 0, 0, 0, 0, 0, 0, 0, 0, 0, 0, 0, 0, 0, 0, 0, 0, 0, 0, 0, 0, 0, 0, 0, 0, 0, 0, 0, 0, 0, 0, 0, 0, 0, 0, 0, 0, 0, 0, 0, 0, 0, 0, 0, 0, 0, 0, 0, 0, 0, 0, 0, 0, 0, 0, 0, 0, 0, 0, 0, 0, 0, 0, 0, 0, 0, 0, 0, 0, 0, 0, 0, 0, 0, 0, 0, 0, 0, 0, 0, 0, 0, 0, 0, 0, 0, 0, 0, 0, 0, 0, 0, 0, 0, 0, 0, 0, 0, 0, 0, 0, 0, 0, 0, 0, 0, 0, 0, 0, 0, 0, 0, 0, 0, 0, 0, 0, 0, 0, 0, 0, 0, 0, 0, 0, 0, 0, 0, 0, 0, 0, 0, 0, 0, 0, 0, 0, 0, 0, 0, 0, 0, 0, 0, 0, 0, 0, 0, 0, 0, 0, 0, 0, 0, 0, 0, 0, 0, 0, 0, 0, 0, 0, 0, 0, 0, 0, 0, 0, 0, 0, 0, 0, 0, 0, 0, 0, 0, 0, 0, 0, 0, 0, 0, 0, 0, 0, 0, 0, 0, 0, 0, 0, 0, 0, 0, 0, 0, 0, 0, 0, 0, 0, 0, 0, 0, 0, 0, 0, 0, 0, 0, 0, 0, 0, 0, 0, 0, 0, 0, 0, 0, 0, 0, 0, 0, 0, 0, 0, 0, 0, 0, 0, 0, 0, 0, 0, 0, 0, 0, 0, 0, 0, 0, 0, 0, 0, 0, 0, 0, 0, 0, 0, 0, 0, 0, 0, 0, 0, 0, 0, 0, 0, 0, 0, 0, 0, 0, 0, 0, 0, 0, 0, 0, 0, 0, 0, 0, 0, 0, 0, 0, 0, 0, 0, 0, 0, 0, 0, 0, 0, 0, 0, 0, 0, 0, 0, 0, 0, 0, 0, 0, 0, 0, 0, 0, 0, 0, 0, 0, 0, 0, 0, 0, 0, 0, 0, 0, 0, 0, 0, 0, 0, 0, 0, 0, 0, 0, 0, 0, 0, 0, 0, 0, 0, 0, 0, 0, 0, 0, 0, 0, 0, 0, 0, 0, 0, 0, 0, 0, 0, 0, 0, 0, 0, 0, 0, 0, 0, 0, 0, 0, 0, 0, 0, 0, 0, 0, 0, 0, 0, 0, 0, 0, 0, 0, 0, 0, 0, 0, 0, 0, 0, 0, 0, 0, 0, 0, 0, 0, 0, 0, 0, 0, 0, 0, 0, 0, 0, 0, 0, 0, 0, 0, 0, 0, 0, 0, 0, 0, 0, 0, 0, 0, 0, 0, 0, 0, 0, 0, 0, 0, 0, 0, 0, 0, 0, 0, 0, 0, 0, 0, 0, 0, 0, 0, 0, 0, 0, 0, 0, 0, 0, 0, 0, 0, 0, 0, 0, 0, 0, 0, 0, 0, 0, 0, 0, 0, 0, 0, 0, 0, 0, 0, 0, 0, 0, 0, 0, 0, 0, 0, 0, 0, 0, 0, 0, 0, 0, 0, 0, 0, 0, 0, 0, 0, 0, 0, 0, 0, 0, 0, 0, 0, 0, 0, 0, 0, 0, 0, 0, 0, 0, 0, 0, 0, 0, 0, 0, 0, 0, 0, 0, 0, 0, 0, 0, 0, 0, 0, 0, 0, 0, 0, 0, 0, 0, 0, 0, 0, 0, 0, 0, 0, 0, 0, 0, 0, 0, 0, 0, 0, 0, 0, 0, 0, 0, 0, 0, 0, 0, 0, 0, 0, 0, 0, 0, 0, 0, 0, 0, 0, 0, 0, 0, 0, 0, 0, 0, 0, 0, 0, 0, 0, 0, 0, 0, 0, 0, 0, 0, 0, 0, 0, 0, 0, 0, 0, 0, 0, 0, 0, 0, 0, 0, 0, 0, 0, 0, 0, 0, 0, 0, 0, 0, 0, 0, 0, 0, 0, 0, 0, 0, 0, 0, 0, 0, 0, 0, 0, 0, 0, 0, 0, 0, 0, 0, 0, 0, 0, 0, 0, 0, 0, 0, 0, 0, 0, 0, 0, 0, 0, 0, 0, 0, 0, 0, 0, 0, 0, 0, 0, 0, 0, 0, 0, 0, 0, 0, 0, 0, 0, 0, 0, 0, 0, 0, 0, 0, 0, 0, 0, 0, 0, 0, 0, 0, 0, 0, 0, 0, 0, 0, 0, 0, 0, 0, 0, 0, 0, 0, 0, 0, 0, 0, 0, 0, 0, 0, 0, 0, 0, 0, 0, 0, 0, 0, 0, 0, 0, 0, 0, 0, 0, 0, 0, 0, 0, 0, 0, 0, 0, 0, 0, 0, 0, 0, 0, 0, 0, 0, 0, 0, 0, 0, 0, 0, 0, 0, 0, 0, 0, 0, 0, 0, 0, 0, 0, 0, 0, 0, 0, 0, 0, 0, 0, 0, 0, 0, 0, 0, 0, 0, 0, 0, 0, 0, 0, 0, 0, 0, 0, 0, 0, 0, 0, 0, 0, 0, 0, 0, 0, 0, 0, 0, 0, 0, 0, 0, 0, 0, 0, 0, 0, 0, 0, 0, 0, 0, 0, 0, 0, 0, 0, 0, 0, 0, 0, 0, 0, 0, 0, 0, 0, 0, 0, 0, 0, 0, 0, 0, 0, 0, 0, 0, 0, 0, 0, 0, 0, 0, 0, 0, 0, 0, 0, 0, 0, 0, 0, 0, 0, 0, 0, 0, 0, 0, 0, 0, 0, 0, 0, 0, 0, 0, 0, 0, 0, 0, 0, 0, 0, 0, 0, 0, 0, 0, 0, 0, 0, 0, 0, 0, 0, 0, 0, 0, 0, 0, 0, 0, 0, 0, 0, 0, 0, 0, 0, 0, 0, 0, 0, 0, 0, 0, 0, 0, 0, 0, 0, 0, 0, 0, 0, 0, 0, 0, 0, 0, 0, 0, 0, 0, 0, 0, 0, 0, 0, 0, 0, 0, 0, 0, 0, 0, 0, 0, 0, 0, 0, 0, 0, 0, 0, 0, 0, 0, 0, 0, 0, 0, 0, 0, 0, 0, 0, 0, 0, 0, 0, 0, 0, 0, 0, 0, 0, 0, 0, 0, 0, 0, 0, 0, 0, 0, 0, 0, 0, 0, 0, 0, 0, 0, 0, 0, 0, 0, 0, 0, 0, 0, 0, 0, 0, 0, 0, 0, 0, 0, 0, 0, 0, 0, 0, 0, 0, 0, 0, 0, 0, 0, 0, 0, 0, 0, 0, 0, 0, 0, 0, 0, 0, 0, 0, 0, 0, 0, 0, 0, 0, 0, 0, 0, 0, 0, 0, 0, 0, 0, 0, 0, 0, 0, 0, 0, 0, 0, 0, 0, 0, 0, 0, 0, 0, 0, 0, 0, 0, 0, 0, 0, 0, 0, 0, 0, 0, 0, 0, 0, 0, 0, 0, 0, 0, 0, 0, 0, 0, 0, 0, 0, 0, 0, 0, 0, 0, 0, 0, 0, 0, 0, 0, 0, 0, 0, 0, 0, 0, 0, 0, 0, 0, 0, 0, 0, 0, 0, 0, 0, 0, 0, 0, 0, 0, 0, 0, 0, 0, 0, 0, 0, 0, 0, 0, 0, 0, 0, 0, 0, 0, 0, 0, 0, 0, 0, 0, 0, 0, 0, 0, 0, 0, 0, 0, 0, 0, 0, 0, 0, 0, 0, 0, 0, 0, 0, 0, 0, 0, 0, 0, 0, 0, 0, 0, 0, 0, 0, 0, 0, 0, 0, 0, 0, 0, 0, 0, 0, 0, 0, 0, 0, 0, 0, 0, 0, 0, 0, 0, 0, 0, 0, 0, 0, 0, 0, 0, 0, 0, 0, 0, 0, 0, 0, 0, 0, 0, 0, 0, 0, 0, 0, 0, 0, 0, 0, 0, 0, 0, 0, 0, 0, 0, 0, 0, 0, 0, 0, 0, 0, 0, 0, 0, 0, 0, 0, 0, 0, 0, 0, 0, 0, 0, 0, 0, 0, 0, 0, 0, 0, 0, 0, 0, 0, 0, 0, 0, 0, 0, 0, 0, 0, 0, 0, 0, 0, 0, 0, 0, 0, 0, 0, 0, 0, 0, 0, 0, 0, 0, 0, 0, 0, 0, 0, 0, 0, 0, 0, 0, 0, 0, 0, 0, 0, 0, 0, 0, 0, 0, 0, 0, 0, 0, 0, 0, 0, 0, 0, 0, 0, 0, 0, 0, 0, 0, 0, 0, 0, 0, 0, 0, 0, 0, 0, 0, 0, 0, 0, 0, 0, 0, 0, 0, 0, 0, 0, 0, 0, 0, 0, 0, 0, 0, 0, 0, 0, 0, 0, 0, 0, 0, 0, 0, 0, 0, 0, 0, 0, 0, 0, 0, 0, 0, 0, 0, 0, 0, 0, 0, 0, 0, 0, 0, 0, 0, 0, 0, 0, 0, 0, 0, 0, 0, 0, 0, 0, 0, 0, 0, 0, 0, 0, 0, 0, 0, 0, 0, 0, 0, 0, 0, 0, 0, 0, 0, 0, 0, 0, 0, 0, 0, 0, 0, 0, 0, 0, 0, 0, 0, 0, 0, 0, 0, 0, 0, 0, 0, 0, 0, 0, 0, 0, 0, 0, 0, 0, 0, 0, 0, 0, 0, 0, 0, 0, 0, 0, 0, 0, 0, 0, 0, 0, 0, 0, 0, 0, 0, 0, 0, 0, 0, 0, 0, 0, 0, 0, 0, 0, 0, 0, 0, 0, 0, 0, 0, 0, 0, 0, 0, 0, 0, 0, 0, 0, 0, 0, 0, 0, 0, 0, 0, 0, 0, 0, 0, 0, 0, 0, 0, 0, 0, 0, 0, 0, 0, 0, 0, 0, 0, 0, 0, 0, 0, 0, 0, 0, 0, 0, 0, 0, 0, 0, 0, 0, 0, 0, 0, 0, 0, 0, 0, 0, 0, 0, 0, 0, 0, 0, 0, 0, 0, 0, 0, 0, 0, 0, 0, 0, 0, 0, 0, 0, 0, 0, 0, 0, 0, 0, 0, 0, 0, 0, 0, 0, 0, 0, 0, 0, 0, 0, 0, 0, 0, 0, 0, 0, 0, 0, 0, 0, 0, 0, 0, 0, 0, 0, 0, 0, 0, 0, 0, 0, 0, 0, 0, 0, 0, 0, 0, 0, 0, 0, 0, 0, 0, 0, 0, 0, 0, 0, 0, 0, 0, 0, 0, 0, 0, 0, 0, 0, 0, 0, 0, 0, 0, 0, 0, 0, 0, 0, 0, 0, 0, 0, 0, 0, 0, 0, 0, 0, 0, 0, 0, 0, 0, 0, 0, 0, 0, 0, 0, 0, 0, 0, 0, 0, 0, 0, 0, 0, 0, 0, 0, 0, 0, 0, 0, 0, 0, 0, 0, 0, 0, 0, 0, 0, 0, 0, 0, 0, 0, 0, 0, 0, 0, 0, 0, 0, 0, 0, 27, 0, 0, 0, 0, 0, 0, 0, 0, 0, 0, 0, 0, 0, 0, 0, 27, 0, 0, 0, 27, 0, 0, 0, 0, 0, 0, 0, 0, 0, 0, 0, 0, 0, 0, 0, 0, 0, 0, 0, 0, 0, 0, 0, 0, 0, 0, 0, 0, 0, 0, 0, 0, 0, 0, 0, 0, 0, 0, 0, 27, 0, 0, 0, 0, 0, 0, 0, 27, 0, 0, 0, 0, 0, 0, 0, 0, 0, 0, 0, 0, 0, 0, 0, 0, 0, 0, 0, 0, 0, 0, 0, 0, 0, 0, 29, 28, 0, 0, 0, 27, 0, 0, 0, 0, 0, 0, 0, 0, 0, 0, 0, 27, 0, 0, 0, 0, 0, 0, 0, 0, 0, 0, 0, 0, 0, 0, 29, 28, 0, 0, 0, 0, 0, 0, 0, 0, 0, 0, 0, 0, 0, 0, 0, 0, 0, 0, 0, 0, 0, 0, 0, 27, 0, 0, 29, 0, 0, 0, 29, 0, 0, 0, 29, 0, 0, 0, 29, 28, 0, 0, 29, 0, 0, 0, 0, 0, 0, 0, 0, 0, 0, 0, 29, 0, 0, 0, 0, 0, 0, 0, 29, 0, 0, 0, 29, 0, 0, 0, 29, 0, 0, 0, 0, 0, 0, 0, 0, 0, 0, 0, 0, 0, 0, 0, 0, 0, 0, 0, 0, 0, 0, 0, 0, 0, 0, 0, 29, 28, 0, 0, 0, 0, 0, 0, 29, 0, 0, 0, 29, 28, 0, 0, 29, 0, 0, 0, 0, 0, 0, 0, 0, 0, 0, 0, 29, 0, 0, 0, 29, 0, 0, 0, 29, 28, 0, 0, 29, 28, 0, 0, 0, 0, 0, 0, 29, 0, 0, 0, 29, 0, 0, 0, 29, 0, 0, 0, 29, 28, 0, 0, 0, 0, 0, 0, 29, 0, 0, 0, 0, 0, 0, 0, 29, 0, 0, 0, 0, 0, 0, 0, 0, 0, 0, 0, 0, 0, 0, 0, 0, 0, 0, 0, 29, 0, 0, 0, 29, 0, 0, 0, 29, 0, 0, 0, 29, 0, 0, 0, 29, 0, 0, 0, 29, 0, 0, 0, 0, 0, 0, 0, 29, 0, 0, 0, 29, 0, 0, 0, 29, 0, 0, 0, 0, 0, 0, 0, 29, 0, 0, 0, 29, 0, 0, 0, 29, 0, 0, 0, 0, 0, 0, 0, 29, 0, 0, 0, 29, 0, 0, 0, 0, 0, 0, 0, 29, 0, 0, 0, 29, 0, 0, 0, 29, 0, 0, 0, 29, 0, 0, 0, 29, 0, 0, 0, 29, 0, 0, 0, 29, 0, 0, 0, 0, 0, 0, 0, 29, 0, 0, 0, 29, 0, 0, 0, 0, 0, 0, 0, 29, 0, 0, 0, 0, 0, 0, 0, 0, 0, 0, 0, 29, 0, 0, 0, 29, 0, 0, 0, 0, 0, 0, 0, 29, 0, 0, 0, 0, 0, 0, 0, 29, 0, 0, 0, 29, 0, 0, 0, 29, 0, 0, 0, 29, 0, 0, 0, 0, 0, 0, 0, 29, 0, 0, 0, 29, 0, 0, 0, 29, 0, 0, 0, 29, 0, 0, 0, 29, 0, 0, 0, 29, 0, 0, 0, 0, 0, 0, 0, 29, 0, 0, 0, 29, 0, 0, 0, 0, 0, 0, 0, 29, 0, 0, 0, 0, 0, 0, 0, 0, 0, 0, 0, 29, 0, 0, 0, 29, 0, 0, 0, 29, 0, 0, 0, 29, 0, 0, 0, 0, 0, 0, 0, 0, 0, 0, 0, 0, 0, 0, 0, 0, 0, 0, 0, 0, 0, 0, 0, 0, 0, 0, 0, 0, 0, 0, 0, 0, 0, 0, 0, 0, 0, 0, 0, 0, 0, 0, 0, 0, 0, 0, 0, 0, 0, 0, 0, 0, 0, 0, 0, 0, 0, 0, 0, 0, 0, 0, 0, 0, 0, 0, 0, 0, 0, 0, 0, 0, 0, 0, 0, 0, 0, 0, 0, 0, 0, 0, 0, 0, 0, 0, 0, 0, 0, 0, 0, 0, 0, 0, 0, 0, 0, 0, 0, 0, 0, 0, 0, 0, 0, 0, 0, 0, 0, 0, 0, 0, 0, 0, 0, 0, 0, 0, 0, 0, 0, 0, 0, 0, 0, 0, 0, 0, 0, 0, 0, 0, 0, 0, 0, 0, 0, 0, 0, 0, 0, 0, 0, 0, 0, 0, 0, 0, 0, 0, 0, 0, 0, 0, 0, 0, 0, 0, 0, 0, 0, 0, 0, 0, 0, 0, 0, 0, 0, 0, 0, 0, 0, 0, 0, 0, 0, 0, 0, 0, 0, 0, 0, 0, 0, 0, 0, 0, 0, 0, 0, 0, 0, 0, 0, 0, 0, 0, 0, 0, 0, 0, 0, 0, 0, 0, 0, 0, 0, 0, 0, 0, 0, 0, 0, 0, 0, 0, 0, 0, 0, 0, 0, 0, 0, 0, 0, 0, 0, 0, 0, 0, 0, 0, 0, 0, 0, 0, 0, 0, 0, 0, 0, 0, 0, 0, 0, 0, 0, 0, 0, 0, 0, 0, 0, 0, 0, 0, 0, 0, 0, 0, 0, 0, 0, 0, 0, 0, 0, 0, 0, 0, 0, 0, 0, 0, 0, 0, 0, 0, 0, 0, 0, 0, 0, 0, 0, 0, 0, 0, 0, 0, 0, 0, 0, 29, 0, 0, 0, 29, 0, 0, 0, 29, 0, 0, 0, 29, 0, 0, 0, 0, 0, 0, 0, 0, 0, 0, 0, 0, 0, 0, 0, 0, 0, 0, 0, 0, 0, 0, 0, 0, 0, 0, 0, 0, 0, 0, 0, 0, 0, 0, 0, 0, 0, 0, 0, 0, 0, 0, 0, 0, 0, 0, 0, 0, 0, 0, 0, 0, 0, 0, 0, 0, 0, 0, 0, 0, 0, 0, 0, 0, 0, 0, 0, 0, 0, 0, 0, 0, 0, 0, 0, 0, 0, 0, 0, 0, 0, 0, 0, 0, 0, 0, 0, 0, 0, 0, 0, 0, 0, 0, 0, 0, 0, 0, 0, 0, 0, 0, 0, 0, 0, 0, 0, 0, 0, 0, 0, 0, 0, 0, 0, 0, 0, 0, 0, 0, 0, 0, 0, 0, 0, 0, 0, 0, 0, 0, 0, 0, 0, 0, 0, 0, 0, 0, 0, 0, 0, 0, 0, 0, 0, 0, 0, 0, 0, 0, 0, 0, 0, 0, 0, 0, 0, 0, 0, 0, 0, 0, 0, 0, 0, 0, 0, 0, 0, 0, 0, 0, 0, 0, 0, 0, 0, 0, 0, 0, 0, 0, 0, 0, 0, 0, 0, 0, 0, 0, 0, 0, 0, 0, 0, 0, 0, 0, 0, 0, 0, 0, 0, 0, 0, 0, 0, 0, 0, 0, 0, 0, 0, 0, 0, 0, 0, 0, 0, 0, 0, 0, 0, 0, 0, 0, 0, 0, 0, 0, 0, 0, 0, 0, 0, 0, 0, 0, 0, 0, 0, 0, 0, 0, 0, 0, 0, 0, 0, 0, 0, 0, 0, 0, 0, 0, 0, 0, 0, 0, 0, 0, 0, 0, 0, 0, 0, 0, 0, 0, 0, 0, 0, 0, 0, 0, 0, 0, 0, 0, 0, 0, 0, 0, 0, 0, 0, 0, 0, 0, 0, 0, 0, 0, 0, 0, 0, 0, 0, 0, 0, 0, 0, 0, 0, 0, 0, 0, 0, 0, 0, 0, 0, 0, 0, 0, 0, 0, 0, 0, 0, 0, 0, 0, 0, 0, 0, 0, 0, 0, 0, 28, 27, 0, 0, 28, 27, 0, 0, 28, 27, 0, 0, 28, 27, 0, 0, 28, 27, 0, 0, 28, 27, 0, 0, 28, 27, 0, 0, 28, 27, 0, 0, 58, 57, 0, 0, 58, 57, 0, 0, 58, 57, 0, 0, 58, 57, 0, 0, 58, 57, 0, 0, 58, 57, 0, 0, 58, 57, 0, 0, 58, 57, 0, 0, 58, 0, 0, 0, 58, 0, 0, 0, 58, 0, 0, 0, 58, 0, 0, 0, 58, 0, 0, 0, 58, 0, 0, 0, 58, 0, 0, 0, 58, 0, 0, 0, 57, 0, 0, 0, 57, 0, 0, 0, 57, 0, 0, 0, 57, 0, 0, 0, 57, 0, 0, 0, 57, 0, 0, 0, 57, 0, 0, 0, 57, 0, 0, 0, 28, 0, 0, 0, 28, 0, 0, 0, 28, 0, 0, 0, 28, 0, 0, 0, 28, 0, 0, 0, 28, 0, 0, 0, 28, 0, 0, 0, 28, 0, 0, 0, 27, 0, 0, 0, 27, 0, 0, 0, 27, 0, 0, 0, 27, 0, 0, 0, 27, 0, 0, 0, 27, 0, 0, 0, 27, 0, 0, 0, 27, 0, 0, 0, 31, 0, 0, 0, 31, 0, 0, 0, 31, 0, 0, 0, 31, 0, 0, 0, 31, 0, 0, 0, 31, 0, 0, 0, 31, 0, 0, 0, 31, 0, 0, 0, 31, 0, 0, 0, 31, 0, 0, 0, 31, 0, 0, 0, 31, 0, 0, 0, 31, 0, 0, 0, 31, 0, 0, 0, 31, 0, 0, 0, 31, 0, 0, 0, 31, 0, 0, 0, 31, 0, 0, 0, 31, 0, 0, 0, 31, 0, 0, 0, 31, 0, 0, 0, 31, 0, 0, 0, 31, 0, 0, 0, 31, 0, 0, 0, 31, 0, 0, 0, 31, 0, 0, 0, 31, 0, 0, 0, 31, 0, 0, 0, 31, 0, 0, 0, 31, 0, 0, 0, 31, 0, 0, 0, 31, 0, 0, 0, 31, 0, 0, 0, 31, 0, 0, 0, 31, 0, 0, 0, 31, 0, 0, 0, 31, 0, 0, 0, 31, 0, 0, 0, 31, 0, 0, 0, 31, 0, 0, 0, 31, 0, 0, 0, 31, 0, 0, 0, 31, 0, 0, 0, 31, 0, 0, 0, 31, 0, 0, 0, 31, 0, 0, 0, 31, 0, 0, 0, 31, 0, 0, 0, 31, 0, 0, 0, 1, 0, 0, 0, 1, 0, 0, 0, 1, 0, 0, 0, 1, 0, 0, 0, 1, 0, 0, 0, 1, 0, 0, 0, 1, 0, 0, 0, 1, 0, 0, 0, 1, 0, 0, 0, 1, 0, 0, 0, 1, 0, 0, 0, 1, 0, 0, 0, 1, 0, 0, 0, 1, 0, 0, 0, 1, 0, 0, 0, 1, 0, 0, 0, 1, 0, 0, 0, 1, 0, 0, 0, 1, 0, 0, 0, 1, 0, 0, 0, 1, 0, 0, 0, 1, 0, 0, 0, 1, 0, 0, 0, 1, 0, 0, 0, 1, 0, 0, 0, 1, 0, 0, 0, 1, 0, 0, 0, 1, 0, 0, 0, 1, 0, 0, 0, 1, 0, 0, 0, 1, 0, 0, 0, 1, 0, 0, 0, 1, 0, 0, 0, 1, 0, 0, 0, 1, 0, 0, 0, 1, 0, 0, 0, 1, 0, 0, 0, 1, 0, 0, 0, 1, 0, 0, 0, 1, 0, 0, 0, 1, 0, 0, 0, 1, 0, 0, 0, 1, 0, 0, 0, 1, 0, 0, 0, 1, 0, 0, 0, 1, 0, 0, 0, 1, 0, 0, 0, 1, 0, 0, 0, 1, 0, 0, 0, 25, 0, 0, 0, 25, 0, 0, 0, 25, 0, 0, 0, 25, 0, 0, 0, 25, 0, 0, 0, 25, 0, 0, 0, 25, 0, 0, 0, 25, 0, 0, 0, 25, 0, 0, 0, 25, 0, 0, 0, 25, 0, 0, 0, 25, 0, 0, 0, 25, 0, 0, 0, 25, 0, 0, 0, 25, 0, 0, 0, 25, 0, 0, 0, 25, 0, 0, 0, 25, 0, 0, 0, 25, 0, 0, 0, 25, 0, 0, 0, 25, 0, 0, 0, 25, 0, 0, 0, 25, 0, 0, 0, 25, 0, 0, 0, 25, 0, 0, 0, 25, 0, 0, 0, 25, 0, 0, 0, 25, 0, 0, 0, 25, 0, 0, 0, 25, 0, 0, 0, 25, 0, 0, 0, 25, 0, 0, 0, 25, 0, 0, 0, 25, 0, 0, 0, 25, 0, 0, 0, 25, 0, 0, 0, 25, 0, 0, 0, 25, 0, 0, 0, 25, 0, 0, 0, 25, 0, 0, 0, 25, 0, 0, 0, 25, 0, 0, 0, 25, 0, 0, 0, 25, 0, 0, 0, 25, 0, 0, 0, 25, 0, 0, 0, 25, 0, 0, 0, 25, 0, 0, 0, 25, 0, 0, 0, 25, 0, 0, 0, 25, 0, 0, 0, 25, 0, 0, 0, 25, 0, 0, 0, 25, 0, 0, 0, 25, 0, 0, 0, 25, 0, 0, 0, 25, 0, 0, 0, 25, 0, 0, 0, 25, 0, 0, 0, 25, 0, 0, 0, 25, 0, 0, 0, 25, 0, 0, 0, 25, 0, 0, 0, 25, 0, 0, 0, 25, 0, 0, 0, 25, 0, 0, 0, 25, 0, 0, 0, 25, 0, 0, 0, 25, 0, 0, 0, 25, 0, 0, 0, 25, 0, 0, 0, 25, 0, 0, 0, 25, 0, 0, 0, 25, 0, 0, 0, 25, 0, 0, 0, 25, 0, 0, 0, 25, 0, 0, 0, 25, 0, 0, 0, 25, 0, 0, 0, 25, 0, 0, 0, 25, 0, 0, 0, 25, 0, 0, 0, 25, 0, 0, 0, 25, 0, 0, 0, 25, 0, 0, 0, 25, 0, 0, 0, 25, 0, 0, 0, 25, 0, 0, 0, 25, 0, 0, 0, 25, 0, 0, 0, 25, 0, 0, 0, 25, 0, 0, 0, 25, 0, 0, 0, 25, 0, 0, 0, 25, 0, 0, 0, 25, 0, 0, 0, 25, 0, 0, 0, 25, 0, 0, 0, 25, 0, 0, 0, 25, 0, 0, 0, 25, 0, 0, 0, 25, 0, 0, 0, 25, 0, 0, 0, 25, 0, 0, 0, 25, 0, 0, 0, 25, 0, 0, 0, 25, 0, 0, 0, 25, 0, 0, 0, 25, 0, 0, 0, 25, 0, 0, 0, 25, 0, 0, 0, 25, 0, 0, 0, 25, 0, 0, 0, 25, 0, 0, 0, 25, 0, 0, 0, 25, 0, 0, 0, 25, 0, 0, 0, 25, 0, 0, 0, 25, 0, 0, 0, 25, 0, 0, 0, 25, 0, 0, 0, 25, 0, 0, 0, 25, 0, 0, 0, 25, 0, 0, 0, 25, 0, 0, 0, 25, 0, 0, 0, 25, 0, 0, 0, 25, 0, 0, 0, 25, 0, 0, 0, 25, 0, 0, 0, 25, 0, 0, 0, 25, 0, 0, 0, 25, 0, 0, 0, 25, 0, 0, 0, 25, 0, 0, 0, 25, 0, 0, 0, 25, 0, 0, 0, 25, 0, 0, 0, 25, 0, 0, 0, 25, 0, 0, 0, 25, 0, 0, 0, 25, 0, 0, 0, 25, 0, 0, 0, 25, 0, 0, 0, 25, 0, 0, 0, 25, 0, 0, 0, 25, 0, 0, 0, 25, 0, 0, 0, 25, 0, 0, 0, 25, 0, 0, 0, 25, 0, 0, 0, 25, 0, 0, 0, 25, 0, 0, 0, 25, 0, 0, 0, 25, 0, 0, 0, 25, 0, 0, 0, 25, 0, 0, 0, 25, 0, 0, 0, 25, 0, 0, 0, 25, 0, 0, 0, 25, 0, 0, 0, 25, 0, 0, 0, 25, 0, 0, 0, 25, 0, 0, 0, 25, 0, 0, 0, 25, 0, 0, 0, 25, 0, 0, 0, 25, 0, 0, 0, 25, 0, 0, 0, 25, 0, 0, 0, 25, 0, 0, 0, 25, 0, 0, 0, 25, 0, 0, 0, 25, 0, 0, 0, 25, 0, 0, 0, 25, 0, 0, 0, 25, 0, 0, 0, 25, 0, 0, 0, 25, 0, 0, 0, 25, 0, 0, 0, 25, 0, 0, 0, 25, 0, 0, 0, 25, 0, 0, 0, 25, 0, 0, 0, 25, 0, 0, 0, 25, 0, 0, 0, 25, 0, 0, 0, 25, 0, 0, 0, 25, 0, 0, 0, 25, 0, 0, 0, 25, 0, 0, 0, 25, 0, 0, 0, 25, 0, 0, 0, 25, 0, 0, 0, 25, 0, 0, 0, 25, 0, 0, 0, 25, 0, 0, 0, 25, 0, 0, 0, 25, 0, 0, 0, 25, 0, 0, 0, 25, 0, 0, 0, 25, 0, 0, 0, 25, 0, 0, 0, 25, 0, 0, 0, 25, 0, 0, 0, 25, 0, 0, 0, 25, 0, 0, 0, 25, 0, 0, 0, 25, 0, 0, 0, 25, 0, 0, 0, 25, 0, 0, 0, 25, 0, 0, 0, 25, 0, 0, 0, 25, 0, 0, 0, 25, 0, 0, 0, 25, 0, 0, 0, 25, 0, 0, 0, 25, 0, 0, 0, 25, 0, 0, 0, 25, 0, 0, 0, 25, 0, 0, 0, 25, 0, 0, 0, 25, 0, 0, 0, 25, 0, 0, 0, 25, 0, 0, 0, 25, 0, 0, 0, 25, 0, 0, 0, 25, 0, 0, 0, 25, 0, 0, 0, 25, 0, 0, 0, 25, 0, 0, 0, 25, 0, 0, 0, 25, 0, 0, 0, 25, 0, 0, 0, 25, 0, 0, 0, 25, 0, 0, 0, 25, 0, 0, 0, 25, 0, 0, 0, 25, 0, 0, 0, 25, 0, 0, 0, 25, 0, 0, 0, 25, 0, 0, 0, 25, 0, 0, 0, 25, 0, 0, 0, 25, 0, 0, 0, 25, 0, 0, 0, 25, 0, 0, 0, 25, 0, 0, 0, 25, 0, 0, 0, 25, 0, 0, 0, 25, 0, 0, 0, 25, 0, 0, 0, 25, 0, 0, 0, 25, 0, 0, 0, 25, 0, 0, 0, 25, 0, 0, 0, 25, 0, 0, 0, 25, 0, 0, 0, 25, 0, 0, 0, 25, 0, 0, 0, 25, 0, 0, 0, 25, 0, 0, 0, 25, 0, 0, 0, 25, 0, 0, 0, 25, 0, 0, 0, 25, 0, 0, 0, 25, 0, 0, 0, 25, 0, 0, 0, 25, 0, 0, 0, 25, 0, 0, 0, 25, 0, 0, 0, 25, 0, 0, 0, 25, 0, 0, 0, 25, 0, 0, 0, 25, 0, 0, 0, 25, 0, 0, 0, 25, 0, 0, 0, 25, 0, 0, 0, 25, 0, 0, 0, 25, 0, 0, 0, 25, 0, 0, 0, 25, 0, 0, 0, 25, 0, 0, 0, 25, 0, 0, 0, 25, 0, 0, 0, 25, 0, 0, 0, 25, 0, 0, 0, 25, 0, 0, 0, 25, 0, 0, 0, 25, 0, 0, 0, 25, 0, 0, 0, 25, 0, 0, 0, 25, 0, 0, 0, 25, 0, 0, 0, 25, 0, 0, 0, 25, 0, 0, 0, 25, 0, 0, 0, 25, 0, 0, 0, 25, 0, 0, 0, 25, 0, 0, 0, 25, 0, 0, 0, 25, 0, 0, 0, 25, 0, 0, 0, 25, 0, 0, 0, 25, 0, 0, 0, 25, 0, 0, 0, 25, 0, 0, 0, 25, 0, 0, 0, 25, 0, 0, 0, 25, 0, 0, 0, 25, 0, 0, 0, 25, 0, 0, 0, 25, 0, 0, 0, 25, 0, 0, 0, 25, 0, 0, 0, 25, 0, 0, 0, 25, 0, 0, 0, 25, 0, 0, 0, 25, 0, 0, 0, 25, 0, 0, 0, 25, 0, 0, 0, 25, 0, 0, 0, 25, 0, 0, 0, 25, 0, 0, 0, 25, 0, 0, 0, 25, 0, 0, 0, 25, 0, 0, 0, 25, 0, 0, 0, 25, 0, 0, 0, 25, 0, 0, 0, 25, 0, 0, 0, 25, 0, 0, 0, 25, 0, 0, 0, 25, 0, 0, 0, 25, 0, 0, 0, 25, 0, 0, 0, 25, 0, 0, 0, 25, 0, 0, 0, 25, 0, 0, 0, 25, 0, 0, 0, 25, 0, 0, 0, 25, 0, 0, 0, 25, 0, 0, 0, 25, 0, 0, 0, 25, 0, 0, 0, 25, 0, 0, 0, 25, 0, 0, 0, 25, 0, 0, 0, 25, 0, 0, 0, 25, 0, 0, 0, 25, 0, 0, 0, 25, 0, 0, 0, 25, 0, 0, 0, 25, 0, 0, 0, 25, 0, 0, 0, 25, 0, 0, 0, 25, 0, 0, 0, 25, 0, 0, 0, 25, 0, 0, 0, 25, 0, 0, 0, 25, 0, 0, 0, 25, 0, 0, 0, 25, 0, 0, 0, 25, 0, 0, 0, 25, 0, 0, 0, 25, 0, 0, 0, 25, 0, 0, 0, 25, 0, 0, 0, 25, 0, 0, 0, 25, 0, 0, 0, 25, 0, 0, 0, 25, 0, 0, 0, 25, 0, 0, 0, 25, 0, 0, 0, 25, 0, 0, 0, 25, 0, 0, 0, 25, 0, 0, 0, 25, 0, 0, 0, 25, 0, 0, 0, 25, 0, 0, 0, 25, 0, 0, 0, 25, 0, 0, 0, 25, 0, 0, 0, 25, 0, 0, 0, 25, 0, 0, 0, 25, 0, 0, 0, 25, 0, 0, 0, 25, 0, 0, 0, 25, 0, 0, 0, 25, 0, 0, 0, 25, 0, 0, 0, 25, 0, 0, 0, 25, 0, 0, 0, 25, 0, 0, 0, 25, 0, 0, 0, 25, 0, 0, 0, 25, 0, 0, 0, 25, 0, 0, 0, 25, 0, 0, 0, 25, 0, 0, 0, 25, 0, 0, 0, 25, 0, 0, 0, 25, 0, 0, 0, 25, 0, 0, 0, 25, 0, 0, 0, 25, 0, 0, 0, 25, 0, 0, 0, 25, 0, 0, 0, 25, 0, 0, 0, 25, 0, 0, 0, 25, 0, 0, 0, 25, 0, 0, 0, 25, 0, 0, 0, 25, 0, 0, 0, 25, 0, 0, 0, 25, 0, 0, 0, 25, 0, 0, 0, 25, 0, 0, 0, 25, 0, 0, 0, 25, 0, 0, 0, 25, 0, 0, 0, 25, 0, 0, 0, 25, 0, 0, 0, 25, 0, 0, 0, 25, 0, 0, 0, 25, 0, 0, 0, 25, 0, 0, 0, 25, 0, 0, 0, 25, 0, 0, 0, 25, 0, 0, 0, 25, 0, 0, 0, 25, 0, 0, 0, 25, 0, 0, 0, 25, 0, 0, 0, 25, 0, 0, 0, 25, 0, 0, 0, 25, 0, 0, 0, 25, 0, 0, 0, 25, 0, 0, 0, 25, 0, 0, 0, 25, 0, 0, 0, 25, 0, 0, 0, 25, 0, 0, 0, 25, 0, 0, 0, 25, 0, 0, 0, 25, 0, 0, 0, 25, 0, 0, 0, 25, 0, 0, 0, 25, 0, 0, 0, 25, 0, 0, 0, 25, 0, 0, 0, 25, 0, 0, 0, 25, 0, 0, 0, 25, 0, 0, 0, 25, 0, 0, 0, 25, 0, 0, 0, 25, 0, 0, 0, 25, 0, 0, 0, 25, 0, 0, 0, 25, 0, 0, 0, 25, 0, 0, 0, 25, 0, 0, 0, 25, 0, 0, 0, 25, 0, 0, 0, 25, 0, 0, 0, 25, 0, 0, 0, 25, 0, 0, 0, 25, 0, 0, 0, 25, 0, 0, 0, 25, 0, 0, 0, 25, 0, 0, 0, 25, 0, 0, 0, 25, 0, 0, 0, 25, 0, 0, 0, 25, 0, 0, 0, 25, 0, 0, 0, 25, 0, 0, 0, 25, 0, 0, 0, 25, 0, 0, 0, 25, 0, 0, 0, 25, 0, 0, 0, 25, 0, 0, 0, 25, 0, 0, 0, 25, 0, 0, 0, 25, 0, 0, 0, 25, 0, 0, 0, 25, 0, 0, 0, 25, 0, 0, 0, 25, 0, 0, 0, 25, 0, 0, 0, 25, 0, 0, 0, 25, 0, 0, 0, 25, 0, 0, 0, 25, 0, 0, 0, 25, 0, 0, 0, 25, 0, 0, 0, 25, 0, 0, 0, 25, 0, 0, 0, 25, 0, 0, 0, 25, 0, 0, 0, 25, 0, 0, 0, 25, 0, 0, 0, 25, 0, 0, 0, 25, 0, 0, 0, 25, 0, 0, 0, 25, 0, 0, 0, 25, 0, 0, 0, 25, 0, 0, 0, 25, 0, 0, 0, 25, 0, 0, 0, 25, 0, 0, 0, 25, 0, 0, 0, 25, 0, 0, 0, 25, 0, 0, 0, 25, 0, 0, 0, 25, 0, 0, 0, 25, 0, 0, 0, 25, 0, 0, 0, 25, 0, 0, 0, 25, 0, 0, 0, 25, 0, 0, 0, 25, 0, 0, 0, 25, 0, 0, 0, 25, 0, 0, 0, 25, 0, 0, 0, 25, 0, 0, 0, 25, 0, 0, 0, 25, 0, 0, 0, 25, 0, 0, 0, 25, 0, 0, 0, 25, 0, 0, 0, 25, 0, 0, 0, 25, 0, 0, 0, 25, 0, 0, 0, 25, 0, 0, 0, 25, 0, 0, 0, 25, 0, 0, 0, 25, 0, 0, 0, 25, 0, 0, 0, 25, 0, 0, 0, 25, 0, 0, 0, 25, 0, 0, 0, 25, 0, 0, 0, 25, 0, 0, 0, 25, 0, 0, 0, 25, 0, 0, 0, 25, 0, 0, 0, 25, 0, 0, 0, 25, 0, 0, 0, 25, 0, 0, 0, 25, 0, 0, 0, 25, 0, 0, 0, 25, 0, 0, 0, 25, 0, 0, 0, 25, 0, 0, 0, 25, 0, 0, 0, 25, 0, 0, 0, 25, 0, 0, 0, 25, 0, 0, 0, 25, 0, 0, 0, 25, 0, 0, 0, 25, 0, 0, 0, 25, 0, 0, 0, 25, 0, 0, 0, 25, 0, 0, 0, 25, 0, 0, 0, 25, 0, 0, 0, 25, 0, 0, 0, 25, 0, 0, 0, 25, 0, 0, 0, 25, 0, 0, 0, 25, 0, 0, 0, 25, 0, 0, 0, 25, 0, 0, 0, 25, 0, 0, 0, 25, 0, 0, 0, 25, 0, 0, 0, 25, 0, 0, 0, 25, 0, 0, 0, 25, 0, 0, 0, 25, 0, 0, 0, 25, 0, 0, 0, 25, 0, 0, 0, 25, 0, 0, 0, 25, 0, 0, 0, 25, 0, 0, 0, 25, 0, 0, 0, 25, 0, 0, 0, 25, 0, 0, 0, 25, 0, 0, 0, 25, 0, 0, 0, 25, 0, 0, 0, 25, 0, 0, 0, 25, 0, 0, 0, 25, 0, 0, 0, 25, 0, 0, 0, 25, 0, 0, 0, 25, 0, 0, 0, 25, 0, 0, 0, 25, 0, 0, 0, 25, 0, 0, 0, 25, 0, 0, 0, 25, 0, 0, 0, 25, 0, 0, 0, 25, 0, 0, 0, 25, 0, 0, 0, 25, 0, 0, 0, 25, 0, 0, 0, 25, 0, 0, 0, 25, 0, 0, 0, 25, 0, 0, 0, 25, 0, 0, 0, 25, 0, 0, 0, 25, 0, 0, 0, 25, 0, 0, 0, 25, 0, 0, 0, 25, 0, 0, 0, 25, 0, 0, 0, 25, 0, 0, 0, 25, 0, 0, 0, 25, 0, 0, 0, 25, 0, 0, 0, 25, 0, 0, 0, 25, 0, 0, 0, 25, 0, 0, 0, 25, 0, 0, 0, 25, 0, 0, 0, 25, 0, 0, 0, 25, 0, 0, 0, 25, 0, 0, 0, 25, 0, 0, 0, 25, 0, 0, 0, 25, 0, 0, 0, 25, 0, 0, 0, 25, 0, 0, 0, 25, 0, 0, 0, 25, 0, 0, 0, 25, 0, 0, 0, 25, 0, 0, 0, 25, 0, 0, 0, 25, 0, 0, 0, 25, 0, 0, 0, 25, 0, 0, 0, 25, 0, 0, 0, 25, 0, 0, 0, 25, 0, 0, 0, 25, 0, 0, 0, 25, 0, 0, 0, 25, 0, 0, 0, 25, 0, 0, 0, 25, 0, 0, 0, 25, 0, 0, 0, 25, 0, 0, 0, 25, 0, 0, 0, 25, 0, 0, 0, 25, 0, 0, 0, 25, 0, 0, 0, 25, 0, 0, 0, 25, 0, 0, 0, 25, 0, 0, 0, 25, 0, 0, 0, 25, 0, 0, 0, 25, 0, 0, 0, 25, 0, 0, 0, 25, 0, 0, 0, 25, 0, 0, 0, 25, 0, 0, 0, 25, 0, 0, 0, 25, 0, 0, 0, 25, 0, 0, 0, 25, 0, 0, 0, 25, 0, 0, 0, 25, 0, 0, 0, 25, 0, 0, 0, 25, 0, 0, 0, 25, 0, 0, 0, 25, 0, 0, 0, 25, 0, 0, 0, 25, 0, 0, 0, 25, 0, 0, 0, 25, 0, 0, 0, 25, 0, 0, 0, 25, 0, 0, 0, 25, 0, 0, 0, 25, 0, 0, 0, 25, 0, 0, 0, 25, 0, 0, 0, 25, 0, 0, 0, 25, 0, 0, 0, 25, 0, 0, 0, 25, 0, 0, 0, 25, 0, 0, 0, 25, 0, 0, 0, 25, 0, 0, 0, 25, 0, 0, 0, 25, 0, 0, 0, 25, 0, 0, 0, 25, 0, 0, 0, 25, 0, 0, 0, 25, 0, 0, 0, 25, 0, 0, 0, 25, 0, 0, 0, 25, 0, 0, 0, 25, 0, 0, 0, 25, 0, 0, 0, 25, 0, 0, 0, 26, 0, 0, 0, 26, 0, 0, 0, 26, 0, 0, 0, 26, 0, 0, 0, 26, 0, 0, 0, 26, 0, 0, 0, 26, 0, 0, 0, 26, 0, 0, 0, 26, 0, 0, 0, 26, 0, 0, 0, 26, 0, 0, 0, 26, 0, 0, 0, 26, 0, 0, 0, 26, 0, 0, 0, 26, 0, 0, 0, 26, 0, 0, 0, 26, 0, 0, 0, 26, 0, 0, 0, 26, 0, 0, 0, 26, 0, 0, 0, 26, 0, 0, 0, 26, 0, 0, 0, 26, 0, 0, 0, 26, 0, 0, 0, 26, 0, 0, 0, 26, 0, 0, 0, 26, 0, 0, 0, 26, 0, 0, 0, 26, 0, 0, 0, 26, 0, 0, 0, 26, 0, 0, 0, 26, 0, 0, 0, 26, 0, 0, 0, 26, 0, 0, 0, 26, 0, 0, 0, 26, 0, 0, 0, 26, 0, 0, 0, 26, 0, 0, 0, 26, 0, 0, 0, 26, 0, 0, 0, 26, 0, 0, 0, 26, 0, 0, 0, 26, 0, 0, 0, 26, 0, 0, 0, 26, 0, 0, 0, 26, 0, 0, 0, 26, 0, 0, 0, 26, 0, 0, 0, 26, 0, 0, 0, 26, 0, 0, 0, 26, 0, 0, 0, 26, 0, 0, 0, 26, 0, 0, 0, 26, 0, 0, 0, 26, 0, 0, 0, 26, 0, 0, 0, 26, 0, 0, 0, 26, 0, 0, 0, 26, 0, 0, 0, 26, 0, 0, 0, 26, 0, 0, 0, 26, 0, 0, 0, 26, 0, 0, 0, 26, 0, 0, 0, 26, 0, 0, 0, 26, 0, 0, 0, 26, 0, 0, 0, 26, 0, 0, 0, 26, 0, 0, 0, 26, 0, 0, 0, 26, 0, 0, 0, 26, 0, 0, 0, 26, 0, 0, 0, 26, 0, 0, 0, 26, 0, 0, 0, 26, 0, 0, 0, 26, 0, 0, 0, 26, 0, 0, 0, 26, 0, 0, 0, 26, 0, 0, 0, 26, 0, 0, 0, 26, 0, 0, 0, 26, 0, 0, 0, 26, 0, 0, 0, 26, 0, 0, 0, 26, 0, 0, 0, 26, 0, 0, 0, 26, 0, 0, 0, 26, 0, 0, 0, 26, 0, 0, 0, 26, 0, 0, 0, 26, 0, 0, 0, 26, 0, 0, 0, 26, 0, 0, 0, 26, 0, 0, 0, 26, 0, 0, 0, 26, 0, 0, 0, 26, 0, 0, 0, 26, 0, 0, 0, 26, 0, 0, 0, 26, 0, 0, 0, 26, 0, 0, 0, 26, 0, 0, 0, 26, 0, 0, 0, 26, 0, 0, 0, 26, 0, 0, 0, 26, 0, 0, 0, 26, 0, 0, 0, 26, 0, 0, 0, 26, 0, 0, 0, 26, 0, 0, 0, 26, 0, 0, 0, 26, 0, 0, 0, 26, 0, 0, 0, 26, 0, 0, 0, 26, 0, 0, 0, 26, 0, 0, 0, 26, 0, 0, 0, 26, 0, 0, 0, 26, 0, 0, 0, 26, 0, 0, 0, 26, 0, 0, 0, 26, 0, 0, 0, 26, 0, 0, 0, 26, 0, 0, 0, 26, 0, 0, 0, 26, 0, 0, 0, 26, 0, 0, 0, 26, 0, 0, 0, 26, 0, 0, 0, 26, 0, 0, 0, 26, 0, 0, 0, 26, 0, 0, 0, 26, 0, 0, 0, 26, 0, 0, 0, 26, 0, 0, 0, 26, 0, 0, 0, 26, 0, 0, 0, 26, 0, 0, 0, 26, 0, 0, 0, 26, 0, 0, 0, 26, 0, 0, 0, 26, 0, 0, 0, 26, 0, 0, 0, 26, 0, 0, 0, 26, 0, 0, 0, 26, 0, 0, 0, 26, 0, 0, 0, 26, 0, 0, 0, 26, 0, 0, 0, 26, 0, 0, 0, 26, 0, 0, 0, 26, 0, 0, 0, 26, 0, 0, 0, 26, 0, 0, 0, 26, 0, 0, 0, 26, 0, 0, 0, 26, 0, 0, 0, 26, 0, 0, 0, 26, 0, 0, 0, 26, 0, 0, 0, 26, 0, 0, 0, 26, 0, 0, 0, 26, 0, 0, 0, 26, 0, 0, 0, 26, 0, 0, 0, 26, 0, 0, 0, 26, 0, 0, 0, 26, 0, 0, 0, 26, 0, 0, 0, 26, 0, 0, 0, 26, 0, 0, 0, 26, 0, 0, 0, 26, 0, 0, 0, 26, 0, 0, 0, 26, 0, 0, 0, 26, 0, 0, 0, 26, 0, 0, 0, 26, 0, 0, 0, 26, 0, 0, 0, 26, 0, 0, 0, 26, 0, 0, 0, 26, 0, 0, 0, 26, 0, 0, 0, 26, 0, 0, 0, 26, 0, 0, 0, 26, 0, 0, 0, 26, 0, 0, 0, 26, 0, 0, 0, 26, 0, 0, 0, 26, 0, 0, 0, 26, 0, 0, 0, 26, 0, 0, 0, 26, 0, 0, 0, 26, 0, 0, 0, 26, 0, 0, 0, 26, 0, 0, 0, 26, 0, 0, 0, 26, 0, 0, 0, 26, 0, 0, 0, 26, 0, 0, 0, 26, 0, 0, 0, 26, 0, 0, 0, 26, 0, 0, 0, 26, 0, 0, 0, 26, 0, 0, 0, 26, 0, 0, 0, 26, 0, 0, 0, 26, 0, 0, 0, 26, 0, 0, 0, 26, 0, 0, 0, 26, 0, 0, 0, 26, 0, 0, 0, 26, 0, 0, 0, 26, 0, 0, 0, 26, 0, 0, 0, 26, 0, 0, 0, 26, 0, 0, 0, 26, 0, 0, 0, 26, 0, 0, 0, 26, 0, 0, 0, 26, 0, 0, 0, 26, 0, 0, 0, 26, 0, 0, 0, 26, 0, 0, 0, 26, 0, 0, 0, 26, 0, 0, 0, 26, 0, 0, 0, 26, 0, 0, 0, 26, 0, 0, 0, 26, 0, 0, 0, 26, 0, 0, 0, 26, 0, 0, 0, 26, 0, 0, 0, 26, 0, 0, 0, 26, 0, 0, 0, 26, 0, 0, 0, 26, 0, 0, 0, 26, 0, 0, 0, 26, 0, 0, 0, 26, 0, 0, 0, 26, 0, 0, 0, 26, 0, 0, 0, 55, 0, 0, 0, 55, 0, 0, 0, 55, 0, 0, 0, 55, 0, 0, 0, 55, 0, 0, 0, 55, 0, 0, 0, 55, 0, 0, 0, 55, 0, 0, 0, 55, 0, 0, 0, 55, 0, 0, 0, 55, 0, 0, 0, 55, 0, 0, 0, 55, 0, 0, 0, 55, 0, 0, 0, 55, 0, 0, 0, 55, 0, 0, 0, 55, 0, 0, 0, 55, 0, 0, 0, 55, 0, 0, 0, 55, 0, 0, 0, 55, 0, 0, 0, 55, 0, 0, 0, 55, 0, 0, 0, 55, 0, 0, 0, 55, 0, 0, 0, 55, 0, 0, 0, 55, 0, 0, 0, 55, 0, 0, 0, 55, 0, 0, 0, 55, 0, 0, 0, 55, 0, 0, 0, 55, 0, 0, 0, 55, 0, 0, 0, 55, 0, 0, 0, 55, 0, 0, 0, 55, 0, 0, 0, 55, 0, 0, 0, 55, 0, 0, 0, 55, 0, 0, 0, 55, 0, 0, 0, 55, 0, 0, 0, 55, 0, 0, 0, 55, 0, 0, 0, 55, 0, 0, 0, 55, 0, 0, 0, 55, 0, 0, 0, 55, 0, 0, 0, 55, 0, 0, 0, 55, 0, 0, 0, 55, 0, 0, 0, 55, 0, 0, 0, 55, 0, 0, 0, 55, 0, 0, 0, 55, 0, 0, 0, 55, 0, 0, 0, 55, 0, 0, 0, 55, 0, 0, 0, 55, 0, 0, 0, 55, 0, 0, 0, 55, 0, 0, 0, 55, 0, 0, 0, 55, 0, 0, 0, 55, 0, 0, 0, 55, 0, 0, 0, 55, 0, 0, 0, 55, 0, 0, 0, 55, 0, 0, 0, 55, 0, 0, 0, 55, 0, 0, 0, 55, 0, 0, 0, 55, 0, 0, 0, 55, 0, 0, 0, 55, 0, 0, 0, 55, 0, 0, 0, 55, 0, 0, 0, 55, 0, 0, 0, 55, 0, 0, 0, 55, 0, 0, 0, 55, 0, 0, 0, 55, 0, 0, 0, 55, 0, 0, 0, 55, 0, 0, 0, 55, 0, 0, 0, 55, 0, 0, 0, 55, 0, 0, 0, 55, 0, 0, 0, 55, 0, 0, 0, 55, 0, 0, 0, 55, 0, 0, 0, 55, 0, 0, 0, 55, 0, 0, 0, 55, 0, 0, 0, 55, 0, 0, 0, 55, 0, 0, 0, 55, 0, 0, 0, 55, 0, 0, 0, 55, 0, 0, 0, 55, 0, 0, 0, 55, 0, 0, 0, 55, 0, 0, 0, 55, 0, 0, 0, 55, 0, 0, 0, 55, 0, 0, 0, 55, 0, 0, 0, 55, 0, 0, 0, 55, 0, 0, 0, 55, 0, 0, 0, 55, 0, 0, 0, 55, 0, 0, 0, 55, 0, 0, 0, 55, 0, 0, 0, 55, 0, 0, 0, 55, 0, 0, 0, 55, 0, 0, 0, 55, 0, 0, 0, 55, 0, 0, 0, 55, 0, 0, 0, 55, 0, 0, 0, 55, 0, 0, 0, 55, 0, 0, 0, 55, 0, 0, 0, 55, 0, 0, 0, 55, 0, 0, 0, 55, 0, 0, 0, 55, 0, 0, 0, 55, 0, 0, 0, 55, 0, 0, 0, 55, 0, 0, 0, 55, 0, 0, 0, 55, 0, 0, 0, 55, 0, 0, 0, 55, 0, 0, 0, 55, 0, 0, 0, 55, 0, 0, 0, 55, 0, 0, 0, 55, 0, 0, 0, 55, 0, 0, 0, 55, 0, 0, 0, 55, 0, 0, 0, 55, 0, 0, 0, 55, 0, 0, 0, 55, 0, 0, 0, 55, 0, 0, 0, 55, 0, 0, 0, 55, 0, 0, 0, 55, 0, 0, 0, 55, 0, 0, 0, 55, 0, 0, 0, 55, 0, 0, 0, 55, 0, 0, 0, 55, 0, 0, 0, 55, 0, 0, 0, 55, 0, 0, 0, 55, 0, 0, 0, 55, 0, 0, 0, 55, 0, 0, 0, 55, 0, 0, 0, 55, 0, 0, 0, 55, 0, 0, 0, 55, 0, 0, 0, 55, 0, 0, 0, 55, 0, 0, 0, 55, 0, 0, 0, 55, 0, 0, 0, 55, 0, 0, 0, 55, 0, 0, 0, 55, 0, 0, 0, 55, 0, 0, 0, 55, 0, 0, 0, 55, 0, 0, 0, 55, 0, 0, 0, 55, 0, 0, 0, 55, 0, 0, 0, 55, 0, 0, 0, 55, 0, 0, 0, 55, 0, 0, 0, 55, 0, 0, 0, 55, 0, 0, 0, 55, 0, 0, 0, 55, 0, 0, 0, 55, 0, 0, 0, 55, 0, 0, 0, 55, 0, 0, 0, 55, 0, 0, 0, 55, 0, 0, 0, 55, 0, 0, 0, 55, 0, 0, 0, 55, 0, 0, 0, 55, 0, 0, 0, 55, 0, 0, 0, 55, 0, 0, 0, 55, 0, 0, 0, 55, 0, 0, 0, 55, 0, 0, 0, 55, 0, 0, 0, 55, 0, 0, 0, 55, 0, 0, 0, 55, 0, 0, 0, 55, 0, 0, 0, 55, 0, 0, 0, 55, 0, 0, 0, 55, 0, 0, 0, 55, 0, 0, 0, 55, 0, 0, 0, 55, 0, 0, 0, 55, 0, 0, 0, 55, 0, 0, 0, 55, 0, 0, 0, 55, 0, 0, 0, 55, 0, 0, 0, 55, 0, 0, 0, 55, 0, 0, 0, 55, 0, 0, 0, 55, 0, 0, 0, 55, 0, 0, 0, 55, 0, 0, 0, 55, 0, 0, 0, 55, 0, 0, 0, 55, 0, 0, 0, 55, 0, 0, 0, 55, 0, 0, 0, 55, 0, 0, 0, 55, 0, 0, 0, 55, 0, 0, 0, 55, 0, 0, 0, 55, 0, 0, 0, 55, 0, 0, 0, 55, 0, 0, 0, 55, 0, 0, 0, 55, 0, 0, 0, 55, 0, 0, 0, 55, 0, 0, 0, 55, 0, 0, 0, 55, 0, 0, 0, 55, 0, 0, 0, 55, 0, 0, 0, 55, 0, 0, 0, 55, 0, 0, 0, 55, 0, 0, 0, 55, 0, 0, 0, 55, 0, 0, 0, 55, 0, 0, 0, 55, 0, 0, 0, 55, 0, 0, 0, 55, 0, 0, 0, 55, 0, 0, 0, 55, 0, 0, 0, 55, 0, 0, 0, 55, 0, 0, 0, 55, 0, 0, 0, 55, 0, 0, 0, 55, 0, 0, 0, 55, 0, 0, 0, 55, 0, 0, 0, 55, 0, 0, 0, 55, 0, 0, 0, 55, 0, 0, 0, 55, 0, 0, 0, 55, 0, 0, 0, 55, 0, 0, 0, 55, 0, 0, 0, 55, 0, 0, 0, 55, 0, 0, 0, 55, 0, 0, 0, 55, 0, 0, 0, 55, 0, 0, 0, 55, 0, 0, 0, 55, 0, 0, 0, 55, 0, 0, 0, 55, 0, 0, 0, 55, 0, 0, 0, 55, 0, 0, 0, 55, 0, 0, 0, 55, 0, 0, 0, 55, 0, 0, 0, 55, 0, 0, 0, 55, 0, 0, 0, 55, 0, 0, 0, 55, 0, 0, 0, 55, 0, 0, 0, 55, 0, 0, 0, 55, 0, 0, 0, 55, 0, 0, 0, 55, 0, 0, 0, 55, 0, 0, 0, 55, 0, 0, 0, 55, 0, 0, 0, 55, 0, 0, 0, 55, 0, 0, 0, 55, 0, 0, 0, 55, 0, 0, 0, 55, 0, 0, 0, 55, 0, 0, 0, 55, 0, 0, 0, 55, 0, 0, 0, 55, 0, 0, 0, 55, 0, 0, 0, 55, 0, 0, 0, 55, 0, 0, 0, 55, 0, 0, 0, 55, 0, 0, 0, 55, 0, 0, 0, 55, 0, 0, 0, 55, 0, 0, 0, 55, 0, 0, 0, 55, 0, 0, 0, 55, 0, 0, 0, 55, 0, 0, 0, 55, 0, 0, 0, 55, 0, 0, 0, 55, 0, 0, 0, 55, 0, 0, 0, 55, 0, 0, 0, 55, 0, 0, 0, 55, 0, 0, 0, 55, 0, 0, 0, 55, 0, 0, 0, 55, 0, 0, 0, 55, 0, 0, 0, 55, 0, 0, 0, 55, 0, 0, 0, 55, 0, 0, 0, 55, 0, 0, 0, 55, 0, 0, 0, 55, 0, 0, 0, 55, 0, 0, 0, 55, 0, 0, 0, 55, 0, 0, 0, 55, 0, 0, 0, 55, 0, 0, 0, 55, 0, 0, 0, 55, 0, 0, 0, 55, 0, 0, 0, 55, 0, 0, 0, 55, 0, 0, 0, 55, 0, 0, 0, 55, 0, 0, 0, 55, 0, 0, 0, 55, 0, 0, 0, 55, 0, 0, 0, 55, 0, 0, 0, 55, 0, 0, 0, 55, 0, 0, 0, 55, 0, 0, 0, 55, 0, 0, 0, 55, 0, 0, 0, 55, 0, 0, 0, 55, 0, 0, 0, 55, 0, 0, 0, 55, 0, 0, 0, 55, 0, 0, 0, 55, 0, 0, 0, 55, 0, 0, 0, 55, 0, 0, 0, 55, 0, 0, 0, 55, 0, 0, 0, 55, 0, 0, 0, 55, 0, 0, 0, 55, 0, 0, 0, 55, 0, 0, 0, 55, 0, 0, 0, 55, 0, 0, 0, 55, 0, 0, 0, 55, 0, 0, 0, 55, 0, 0, 0, 55, 0, 0, 0, 55, 0, 0, 0, 55, 0, 0, 0, 55, 0, 0, 0, 55, 0, 0, 0, 55, 0, 0, 0, 55, 0, 0, 0, 55, 0, 0, 0, 55, 0, 0, 0, 55, 0, 0, 0, 55, 0, 0, 0, 55, 0, 0, 0, 55, 0, 0, 0, 55, 0, 0, 0, 55, 0, 0, 0, 55, 0, 0, 0, 55, 0, 0, 0, 55, 0, 0, 0, 55, 0, 0, 0, 55, 0, 0, 0, 55, 0, 0, 0, 55, 0, 0, 0, 55, 0, 0, 0, 55, 0, 0, 0, 55, 0, 0, 0, 55, 0, 0, 0, 55, 0, 0, 0, 55, 0, 0, 0, 55, 0, 0, 0, 55, 0, 0, 0, 55, 0, 0, 0, 55, 0, 0, 0, 55, 0, 0, 0, 55, 0, 0, 0, 55, 0, 0, 0, 55, 0, 0, 0, 55, 0, 0, 0, 55, 0, 0, 0, 55, 0, 0, 0, 55, 0, 0, 0, 55, 0, 0, 0, 55, 0, 0, 0, 55, 0, 0, 0, 55, 0, 0, 0, 55, 0, 0, 0, 55, 0, 0, 0, 55, 0, 0, 0, 55, 0, 0, 0, 55, 0, 0, 0, 55, 0, 0, 0, 55, 0, 0, 0, 55, 0, 0, 0, 55, 0, 0, 0, 55, 0, 0, 0, 55, 0, 0, 0, 55, 0, 0, 0, 55, 0, 0, 0, 55, 0, 0, 0, 55, 0, 0, 0, 55, 0, 0, 0, 55, 0, 0, 0, 55, 0, 0, 0, 55, 0, 0, 0, 55, 0, 0, 0, 55, 0, 0, 0, 55, 0, 0, 0, 55, 0, 0, 0, 55, 0, 0, 0, 55, 0, 0, 0, 55, 0, 0, 0, 55, 0, 0, 0, 55, 0, 0, 0, 55, 0, 0, 0, 55, 0, 0, 0, 55, 0, 0, 0, 55, 0, 0, 0, 55, 0, 0, 0, 55, 0, 0, 0, 55, 0, 0, 0, 55, 0, 0, 0, 55, 0, 0, 0, 55, 0, 0, 0, 55, 0, 0, 0, 55, 0, 0, 0, 55, 0, 0, 0, 55, 0, 0, 0, 55, 0, 0, 0, 55, 0, 0, 0, 55, 0, 0, 0, 55, 0, 0, 0, 55, 0, 0, 0, 55, 0, 0, 0, 55, 0, 0, 0, 55, 0, 0, 0, 55, 0, 0, 0, 55, 0, 0, 0, 55, 0, 0, 0, 55, 0, 0, 0, 55, 0, 0, 0, 55, 0, 0, 0, 55, 0, 0, 0, 55, 0, 0, 0, 55, 0, 0, 0, 55, 0, 0, 0, 55, 0, 0, 0, 55, 0, 0, 0, 55, 0, 0, 0, 55, 0, 0, 0, 55, 0, 0, 0, 55, 0, 0, 0, 55, 0, 0, 0, 55, 0, 0, 0, 55, 0, 0, 0, 55, 0, 0, 0, 55, 0, 0, 0, 55, 0, 0, 0, 55, 0, 0, 0, 55, 0, 0, 0, 55, 0, 0, 0, 55, 0, 0, 0, 55, 0, 0, 0, 55, 0, 0, 0, 55, 0, 0, 0, 55, 0, 0, 0, 55, 0, 0, 0, 55, 0, 0, 0, 55, 0, 0, 0, 55, 0, 0, 0, 55, 0, 0, 0, 55, 0, 0, 0, 55, 0, 0, 0, 55, 0, 0, 0, 55, 0, 0, 0, 55, 0, 0, 0, 55, 0, 0, 0, 55, 0, 0, 0, 55, 0, 0, 0, 55, 0, 0, 0, 55, 0, 0, 0, 55, 0, 0, 0, 55, 0, 0, 0, 55, 0, 0, 0, 55, 0, 0, 0, 55, 0, 0, 0, 55, 0, 0, 0, 55, 0, 0, 0, 55, 0, 0, 0, 55, 0, 0, 0, 55, 0, 0, 0, 55, 0, 0, 0, 55, 0, 0, 0, 55, 0, 0, 0, 55, 0, 0, 0, 55, 0, 0, 0, 55, 0, 0, 0, 55, 0, 0, 0, 55, 0, 0, 0, 55, 0, 0, 0, 55, 0, 0, 0, 55, 0, 0, 0, 55, 0, 0, 0, 55, 0, 0, 0, 55, 0, 0, 0, 55, 0, 0, 0, 55, 0, 0, 0, 55, 0, 0, 0, 55, 0, 0, 0, 55, 0, 0, 0, 55, 0, 0, 0, 55, 0, 0, 0, 55, 0, 0, 0, 55, 0, 0, 0, 55, 0, 0, 0, 55, 0, 0, 0, 55, 0, 0, 0, 55, 0, 0, 0, 55, 0, 0, 0, 55, 0, 0, 0, 55, 0, 0, 0, 55, 0, 0, 0, 55, 0, 0, 0, 55, 0, 0, 0, 55, 0, 0, 0, 55, 0, 0, 0, 55, 0, 0, 0, 55, 0, 0, 0, 55, 0, 0, 0, 55, 0, 0, 0, 55, 0, 0, 0, 55, 0, 0, 0, 55, 0, 0, 0, 55, 0, 0, 0, 55, 0, 0, 0, 55, 0, 0, 0, 55, 0, 0, 0, 55, 0, 0, 0, 55, 0, 0, 0, 55, 0, 0, 0, 55, 0, 0, 0, 55, 0, 0, 0, 55, 0, 0, 0, 55, 0, 0, 0, 55, 0, 0, 0, 55, 0, 0, 0, 55, 0, 0, 0, 55, 0, 0, 0, 55, 0, 0, 0, 55, 0, 0, 0, 55, 0, 0, 0, 55, 0, 0, 0, 55, 0, 0, 0, 55, 0, 0, 0, 55, 0, 0, 0, 55, 0, 0, 0, 55, 0, 0, 0, 55, 0, 0, 0, 55, 0, 0, 0, 55, 0, 0, 0, 55, 0, 0, 0, 55, 0, 0, 0, 55, 0, 0, 0, 55, 0, 0, 0, 55, 0, 0, 0, 55, 0, 0, 0, 55, 0, 0, 0, 55, 0, 0, 0, 55, 0, 0, 0, 55, 0, 0, 0, 55, 0, 0, 0, 55, 0, 0, 0, 55, 0, 0, 0, 55, 0, 0, 0, 55, 0, 0, 0, 55, 0, 0, 0, 55, 0, 0, 0, 55, 0, 0, 0, 55, 0, 0, 0, 55, 0, 0, 0, 55, 0, 0, 0, 55, 0, 0, 0, 55, 0, 0, 0, 55, 0, 0, 0, 55, 0, 0, 0, 55, 0, 0, 0, 55, 0, 0, 0, 55, 0, 0, 0, 55, 0, 0, 0, 55, 0, 0, 0, 55, 0, 0, 0, 55, 0, 0, 0, 55, 0, 0, 0, 55, 0, 0, 0, 55, 0, 0, 0, 55, 0, 0, 0, 55, 0, 0, 0, 55, 0, 0, 0, 55, 0, 0, 0, 55, 0, 0, 0, 55, 0, 0, 0, 55, 0, 0, 0, 55, 0, 0, 0, 55, 0, 0, 0, 55, 0, 0, 0, 55, 0, 0, 0, 55, 0, 0, 0, 55, 0, 0, 0, 55, 0, 0, 0, 55, 0, 0, 0, 55, 0, 0, 0, 55, 0, 0, 0, 55, 0, 0, 0, 55, 0, 0, 0, 55, 0, 0, 0, 55, 0, 0, 0, 55, 0, 0, 0, 55, 0, 0, 0, 55, 0, 0, 0, 55, 0, 0, 0, 55, 0, 0, 0, 55, 0, 0, 0, 55, 0, 0, 0, 55, 0, 0, 0, 55, 0, 0, 0, 55, 0, 0, 0, 55, 0, 0, 0, 55, 0, 0, 0, 55, 0, 0, 0, 55, 0, 0, 0, 55, 0, 0, 0, 55, 0, 0, 0, 55, 0, 0, 0, 55, 0, 0, 0, 55, 0, 0, 0, 55, 0, 0, 0, 55, 0, 0, 0, 55, 0, 0, 0, 55, 0, 0, 0, 55, 0, 0, 0, 55, 0, 0, 0, 55, 0, 0, 0, 55, 0, 0, 0, 55, 0, 0, 0, 55, 0, 0, 0, 55, 0, 0, 0, 55, 0, 0, 0, 55, 0, 0, 0, 55, 0, 0, 0, 55, 0, 0, 0, 55, 0, 0, 0, 55, 0, 0, 0, 55, 0, 0, 0, 55, 0, 0, 0, 55, 0, 0, 0, 55, 0, 0, 0, 55, 0, 0, 0, 55, 0, 0, 0, 55, 0, 0, 0, 55, 0, 0, 0, 55, 0, 0, 0, 55, 0, 0, 0, 55, 0, 0, 0, 55, 0, 0, 0, 55, 0, 0, 0, 55, 0, 0, 0, 55, 0, 0, 0, 55, 0, 0, 0, 55, 0, 0, 0, 55, 0, 0, 0, 55, 0, 0, 0, 55, 0, 0, 0, 55, 0, 0, 0, 55, 0, 0, 0, 55, 0, 0, 0, 55, 0, 0, 0, 55, 0, 0, 0, 55, 0, 0, 0, 55, 0, 0, 0, 55, 0, 0, 0, 55, 0, 0, 0, 55, 0, 0, 0, 55, 0, 0, 0, 56, 0, 0, 0, 56, 0, 0, 0, 56, 0, 0, 0, 56, 0, 0, 0, 56, 0, 0, 0, 56, 0, 0, 0, 56, 0, 0, 0, 56, 0, 0, 0, 56, 0, 0, 0, 56, 0, 0, 0, 56, 0, 0, 0, 56, 0, 0, 0, 56, 0, 0, 0, 56, 0, 0, 0, 56, 0, 0, 0, 56, 0, 0, 0, 56, 0, 0, 0, 56, 0, 0, 0, 56, 0, 0, 0, 56, 0, 0, 0, 56, 0, 0, 0, 56, 0, 0, 0, 56, 0, 0, 0, 56, 0, 0, 0, 56, 0, 0, 0, 56, 0, 0, 0, 56, 0, 0, 0, 56, 0, 0, 0, 56, 0, 0, 0, 56, 0, 0, 0, 56, 0, 0, 0, 56, 0, 0, 0, 56, 0, 0, 0, 56, 0, 0, 0, 56, 0, 0, 0, 56, 0, 0, 0, 56, 0, 0, 0, 56, 0, 0, 0, 56, 0, 0, 0, 56, 0, 0, 0, 56, 0, 0, 0, 56, 0, 0, 0, 56, 0, 0, 0, 56, 0, 0, 0, 56, 0, 0, 0, 56, 0, 0, 0, 56, 0, 0, 0, 56, 0, 0, 0, 56, 0, 0, 0, 56, 0, 0, 0, 56, 0, 0, 0, 56, 0, 0, 0, 56, 0, 0, 0, 56, 0, 0, 0, 56, 0, 0, 0, 56, 0, 0, 0, 56, 0, 0, 0, 56, 0, 0, 0, 56, 0, 0, 0, 56, 0, 0, 0, 56, 0, 0, 0, 56, 0, 0, 0, 56, 0, 0, 0, 56, 0, 0, 0, 56, 0, 0, 0, 56, 0, 0, 0, 56, 0, 0, 0, 56, 0, 0, 0, 56, 0, 0, 0, 56, 0, 0, 0, 56, 0, 0, 0, 56, 0, 0, 0, 56, 0, 0, 0, 56, 0, 0, 0, 56, 0, 0, 0, 56, 0, 0, 0, 56, 0, 0, 0, 56, 0, 0, 0, 56, 0, 0, 0, 56, 0, 0, 0, 56, 0, 0, 0, 56, 0, 0, 0, 56, 0, 0, 0, 56, 0, 0, 0, 56, 0, 0, 0, 56, 0, 0, 0, 56, 0, 0, 0, 56, 0, 0, 0, 56, 0, 0, 0, 56, 0, 0, 0, 56, 0, 0, 0, 56, 0, 0, 0, 56, 0, 0, 0, 56, 0, 0, 0, 56, 0, 0, 0, 56, 0, 0, 0, 56, 0, 0, 0, 56, 0, 0, 0, 56, 0, 0, 0, 56, 0, 0, 0, 56, 0, 0, 0, 56, 0, 0, 0, 56, 0, 0, 0, 56, 0, 0, 0, 56, 0, 0, 0, 56, 0, 0, 0, 56, 0, 0, 0, 56, 0, 0, 0, 56, 0, 0, 0, 56, 0, 0, 0, 56, 0, 0, 0, 56, 0, 0, 0, 56, 0, 0, 0, 56, 0, 0, 0, 56, 0, 0, 0, 56, 0, 0, 0, 56, 0, 0, 0, 56, 0, 0, 0, 56, 0, 0, 0, 56, 0, 0, 0, 56, 0, 0, 0, 56, 0, 0, 0, 56, 0, 0, 0, 56, 0, 0, 0, 56, 0, 0, 0, 56, 0, 0, 0, 56, 0, 0, 0, 56, 0, 0, 0, 56, 0, 0, 0, 56, 0, 0, 0, 56, 0, 0, 0, 56, 0, 0, 0, 56, 0, 0, 0, 56, 0, 0, 0, 56, 0, 0, 0, 56, 0, 0, 0, 56, 0, 0, 0, 56, 0, 0, 0, 56, 0, 0, 0, 56, 0, 0, 0, 56, 0, 0, 0, 56, 0, 0, 0, 56, 0, 0, 0, 56, 0, 0, 0, 56, 0, 0, 0, 56, 0, 0, 0, 56, 0, 0, 0, 56, 0, 0, 0, 56, 0, 0, 0, 56, 0, 0, 0, 56, 0, 0, 0, 56, 0, 0, 0, 56, 0, 0, 0, 56, 0, 0, 0, 56, 0, 0, 0, 56, 0, 0, 0, 56, 0, 0, 0, 56, 0, 0, 0, 56, 0, 0, 0, 56, 0, 0, 0, 56, 0, 0, 0, 56, 0, 0, 0, 56, 0, 0, 0, 56, 0, 0, 0, 56, 0, 0, 0, 56, 0, 0, 0, 56, 0, 0, 0, 56, 0, 0, 0, 56, 0, 0, 0, 56, 0, 0, 0, 56, 0, 0, 0, 56, 0, 0, 0, 56, 0, 0, 0, 56, 0, 0, 0, 56, 0, 0, 0, 56, 0, 0, 0, 56, 0, 0, 0, 56, 0, 0, 0, 56, 0, 0, 0, 56, 0, 0, 0, 56, 0, 0, 0, 56, 0, 0, 0, 56, 0, 0, 0, 56, 0, 0, 0, 56, 0, 0, 0, 56, 0, 0, 0, 56, 0, 0, 0, 56, 0, 0, 0, 56, 0, 0, 0, 56, 0, 0, 0, 56, 0, 0, 0, 56, 0, 0, 0, 56, 0, 0, 0, 56, 0, 0, 0, 56, 0, 0, 0, 56, 0, 0, 0, 56, 0, 0, 0, 56, 0, 0, 0, 56, 0, 0, 0, 56, 0, 0, 0, 56, 0, 0, 0, 56, 0, 0, 0, 56, 0, 0, 0, 56, 0, 0, 0, 56, 0, 0, 0, 56, 0, 0, 0, 56, 0, 0, 0, 56, 0, 0, 0, 56, 0, 0, 0, 56, 0, 0, 0, 56, 0, 0, 0, 56, 0, 0, 0, 56, 0, 0, 0, 56, 0, 0, 0, 56, 0, 0, 0, 56, 0, 0, 0, 56, 0, 0, 0, 56, 0, 0, 0, 56, 0, 0, 0, 56, 0, 0, 0, 56, 0, 0, 0, 56, 0, 0, 0, 56, 0, 0, 0, 56, 0, 0, 0, 56, 0, 0, 0, 56, 0, 0, 0, 56, 0, 0, 0, 56, 0, 0, 0, 56, 0, 0, 0, 56, 0, 0, 0, 56, 0, 0, 0, 56, 0, 0, 0, 56, 0, 0, 0, 56, 0, 0, 0, 56, 0, 0, 0, 56, 0, 0, 0, 56, 0, 0, 0, 56, 0, 0, 0, 56, 0, 0, 0, 56, 0, 0, 0, 56, 0, 0, 0, 56, 0, 0, 0, 56, 0, 0, 0, 23, 0, 0, 0, 23, 0, 0, 0, 23, 0, 0, 0, 23, 0, 0, 0, 23, 0, 0, 0, 23, 0, 0, 0, 23, 0, 0, 0, 23, 0, 0, 0, 23, 0, 0, 0, 23, 0, 0, 0, 23, 0, 0, 0, 23, 0, 0, 0, 23, 0, 0, 0, 23, 0, 0, 0, 23, 0, 0, 0, 23, 0, 0, 0, 23, 0, 0, 0, 23, 0, 0, 0, 23, 0, 0, 0, 23, 0, 0, 0, 23, 0, 0, 0, 23, 0, 0, 0, 23, 0, 0, 0, 23, 0, 0, 0, 23, 0, 0, 0, 23, 0, 0, 0, 23, 0, 0, 0, 23, 0, 0, 0, 23, 0, 0, 0, 23, 0, 0, 0, 23, 0, 0, 0, 23, 0, 0, 0, 23, 0, 0, 0, 23, 0, 0, 0, 23, 0, 0, 0, 23, 0, 0, 0, 23, 0, 0, 0, 23, 0, 0, 0, 23, 0, 0, 0, 23, 0, 0, 0, 23, 0, 0, 0, 23, 0, 0, 0, 23, 0, 0, 0, 23, 0, 0, 0, 23, 0, 0, 0, 23, 0, 0, 0, 23, 0, 0, 0, 23, 0, 0, 0, 23, 0, 0, 0, 23, 0, 0, 0, 23, 0, 0, 0, 23, 0, 0, 0, 23, 0, 0, 0, 23, 0, 0, 0, 23, 0, 0, 0, 23, 0, 0, 0, 23, 0, 0, 0, 23, 0, 0, 0, 23, 0, 0, 0, 23, 0, 0, 0, 23, 0, 0, 0, 23, 0, 0, 0, 23, 0, 0, 0, 23, 0, 0, 0, 23, 0, 0, 0, 23, 0, 0, 0, 23, 0, 0, 0, 23, 0, 0, 0, 23, 0, 0, 0, 23, 0, 0, 0, 23, 0, 0, 0, 23, 0, 0, 0, 23, 0, 0, 0, 23, 0, 0, 0, 23, 0, 0, 0, 23, 0, 0, 0, 23, 0, 0, 0, 23, 0, 0, 0, 23, 0, 0, 0, 23, 0, 0, 0, 23, 0, 0, 0, 23, 0, 0, 0, 23, 0, 0, 0, 23, 0, 0, 0, 23, 0, 0, 0, 23, 0, 0, 0, 23, 0, 0, 0, 23, 0, 0, 0, 23, 0, 0, 0, 23, 0, 0, 0, 23, 0, 0, 0, 23, 0, 0, 0, 23, 0, 0, 0, 23, 0, 0, 0, 23, 0, 0, 0, 23, 0, 0, 0, 23, 0, 0, 0, 23, 0, 0, 0, 23, 0, 0, 0, 23, 0, 0, 0, 23, 0, 0, 0, 23, 0, 0, 0, 23, 0, 0, 0, 23, 0, 0, 0, 23, 0, 0, 0, 23, 0, 0, 0, 23, 0, 0, 0, 23, 0, 0, 0, 23, 0, 0, 0, 23, 0, 0, 0, 23, 0, 0, 0, 23, 0, 0, 0, 23, 0, 0, 0, 23, 0, 0, 0, 23, 0, 0, 0, 23, 0, 0, 0, 23, 0, 0, 0, 23, 0, 0, 0, 23, 0, 0, 0, 23, 0, 0, 0, 23, 0, 0, 0, 23, 0, 0, 0, 23, 0, 0, 0, 23, 0, 0, 0, 23, 0, 0, 0, 23, 0, 0, 0, 23, 0, 0, 0, 23, 0, 0, 0, 23, 0, 0, 0, 23, 0, 0, 0, 23, 0, 0, 0, 23, 0, 0, 0, 23, 0, 0, 0, 23, 0, 0, 0, 23, 0, 0, 0, 23, 0, 0, 0, 23, 0, 0, 0, 23, 0, 0, 0, 23, 0, 0, 0, 23, 0, 0, 0, 23, 0, 0, 0, 23, 0, 0, 0, 23, 0, 0, 0, 24, 0, 0, 0, 23, 0, 0, 0, 23, 0, 0, 0, 23, 0, 0, 0, 23, 0, 0, 0, 23, 0, 0, 0, 23, 0, 0, 0, 23, 0, 0, 0, 23, 0, 0, 0, 23, 0, 0, 0, 23, 0, 0, 0, 23, 0, 0, 0, 23, 0, 0, 0, 23, 0, 0, 0, 23, 0, 0, 0, 23, 0, 0, 0, 23, 0, 0, 0, 23, 0, 0, 0, 23, 0, 0, 0, 23, 0, 0, 0, 23, 0, 0, 0, 23, 0, 0, 0, 23, 0, 0, 0, 23, 0, 0, 0, 23, 0, 0, 0, 23, 0, 0, 0, 23, 0, 0, 0, 23, 0, 0, 0, 23, 0, 0, 0, 23, 0, 0, 0, 23, 0, 0, 0, 23, 0, 0, 0, 23, 0, 0, 0, 23, 0, 0, 0, 23, 0, 0, 0, 23, 0, 0, 0, 24, 0, 0, 0, 23, 0, 0, 0, 24, 0, 0, 0, 23, 0, 0, 0, 23, 0, 0, 0, 23, 0, 0, 0, 23, 0, 0, 0, 23, 0, 0, 0, 24, 0, 0, 0, 23, 0, 0, 0, 24, 0, 0, 0, 23, 0, 0, 0, 23, 0, 0, 0, 23, 0, 0, 0, 23, 0, 0, 0, 23, 0, 0, 0, 23, 0, 0, 0, 23, 0, 0, 0, 23, 0, 0, 0, 23, 0, 0, 0, 23, 0, 0, 0, 23, 0, 0, 0, 23, 0, 0, 0, 23, 0, 0, 0, 23, 0, 0, 0, 23, 0, 0, 0, 23, 0, 0, 0, 23, 0, 0, 0, 23, 0, 0, 0, 23, 0, 0, 0, 23, 0, 0, 0, 23, 0, 0, 0, 23, 0, 0, 0, 23, 0, 0, 0, 23, 0, 0, 0, 23, 0, 0, 0, 23, 0, 0, 0, 23, 0, 0, 0, 23, 0, 0, 0, 23, 0, 0, 0, 23, 0, 0, 0, 23, 0, 0, 0, 23, 0, 0, 0, 23, 0, 0, 0, 23, 0, 0, 0, 23, 0, 0, 0, 23, 0, 0, 0, 23, 0, 0, 0, 23, 0, 0, 0, 23, 0, 0, 0, 23, 0, 0, 0, 23, 0, 0, 0, 23, 0, 0, 0, 23, 0, 0, 0, 23, 0, 0, 0, 23, 0, 0, 0, 23, 0, 0, 0, 23, 0, 0, 0, 23, 0, 0, 0, 23, 0, 0, 0, 23, 0, 0, 0, 23, 0, 0, 0, 23, 0, 0, 0, 23, 0, 0, 0, 23, 0, 0, 0, 23, 0, 0, 0, 23, 0, 0, 0, 23, 0, 0, 0, 23, 0, 0, 0, 23, 0, 0, 0, 23, 0, 0, 0, 23, 0, 0, 0, 23, 0, 0, 0, 23, 0, 0, 0, 23, 0, 0, 0, 23, 0, 0, 0, 23, 0, 0, 0, 23, 0, 0, 0, 23, 0, 0, 0, 23, 0, 0, 0, 23, 0, 0, 0, 23, 0, 0, 0, 23, 0, 0, 0, 23, 0, 0, 0, 23, 0, 0, 0, 23, 0, 0, 0, 23, 0, 0, 0, 23, 0, 0, 0, 23, 0, 0, 0, 23, 0, 0, 0, 23, 0, 0, 0, 23, 0, 0, 0, 23, 0, 0, 0, 23, 0, 0, 0, 23, 0, 0, 0, 23, 0, 0, 0, 23, 0, 0, 0, 23, 0, 0, 0, 23, 0, 0, 0, 23, 0, 0, 0, 23, 0, 0, 0, 23, 0, 0, 0, 23, 0, 0, 0, 23, 0, 0, 0, 23, 0, 0, 0, 23, 0, 0, 0, 23, 0, 0, 0, 23, 0, 0, 0, 23, 0, 0, 0, 23, 0, 0, 0, 23, 0, 0, 0, 23, 0, 0, 0, 23, 0, 0, 0, 23, 0, 0, 0, 23, 0, 0, 0, 23, 0, 0, 0, 23, 0, 0, 0, 23, 0, 0, 0, 23, 0, 0, 0, 23, 0, 0, 0, 23, 0, 0, 0, 23, 0, 0, 0, 23, 0, 0, 0, 23, 0, 0, 0, 23, 0, 0, 0, 23, 0, 0, 0, 23, 0, 0, 0, 23, 0, 0, 0, 23, 0, 0, 0, 23, 0, 0, 0, 23, 0, 0, 0, 23, 0, 0, 0, 23, 0, 0, 0, 23, 0, 0, 0, 23, 0, 0, 0, 23, 0, 0, 0, 23, 0, 0, 0, 23, 0, 0, 0, 23, 0, 0, 0, 23, 0, 0, 0, 23, 0, 0, 0, 23, 0, 0, 0, 23, 0, 0, 0, 23, 0, 0, 0, 23, 0, 0, 0, 23, 0, 0, 0, 23, 0, 0, 0, 23, 0, 0, 0, 23, 0, 0, 0, 23, 0, 0, 0, 23, 0, 0, 0, 23, 0, 0, 0, 23, 0, 0, 0, 23, 0, 0, 0, 23, 0, 0, 0, 23, 0, 0, 0, 23, 0, 0, 0, 23, 0, 0, 0, 23, 0, 0, 0, 23, 0, 0, 0, 23, 0, 0, 0, 23, 0, 0, 0, 23, 0, 0, 0, 23, 0, 0, 0, 23, 0, 0, 0, 23, 0, 0, 0, 23, 0, 0, 0, 23, 0, 0, 0, 23, 0, 0, 0, 23, 0, 0, 0, 23, 0, 0, 0, 23, 0, 0, 0, 23, 0, 0, 0, 23, 0, 0, 0, 23, 0, 0, 0, 23, 0, 0, 0, 23, 0, 0, 0, 23, 0, 0, 0, 23, 0, 0, 0, 23, 0, 0, 0, 23, 0, 0, 0, 23, 0, 0, 0, 23, 0, 0, 0, 23, 0, 0, 0, 23, 0, 0, 0, 23, 0, 0, 0, 24, 0, 0, 0, 24, 0, 0, 0, 24, 0, 0, 0, 24, 0, 0, 0, 24, 0, 0, 0, 24, 0, 0, 0, 24, 0, 0, 0, 24, 0, 0, 0, 24, 0, 0, 0, 24, 0, 0, 0, 24, 0, 0, 0, 24, 0, 0, 0, 24, 0, 0, 0, 24, 0, 0, 0, 24, 0, 0, 0, 24, 0, 0, 0, 24, 0, 0, 0, 24, 0, 0, 0, 24, 0, 0, 0, 24, 0, 0, 0, 24, 0, 0, 0, 24, 0, 0, 0, 24, 0, 0, 0, 24, 0, 0, 0, 24, 0, 0, 0, 24, 0, 0, 0, 24, 0, 0, 0, 24, 0, 0, 0, 24, 0, 0, 0, 24, 0, 0, 0, 24, 0, 0, 0, 24, 0, 0, 0, 24, 0, 0, 0, 24, 0, 0, 0, 24, 0, 0, 0, 24, 0, 0, 0, 24, 0, 0, 0, 24, 0, 0, 0, 24, 0, 0, 0, 24, 0, 0, 0, 24, 0, 0, 0, 24, 0, 0, 0, 24, 0, 0, 0, 24, 0, 0, 0, 24, 0, 0, 0, 24, 0, 0, 0, 24, 0, 0, 0, 24, 0, 0, 0, 24, 0, 0, 0, 24, 0, 0, 0, 24, 0, 0, 0, 24, 0, 0, 0, 24, 0, 0, 0, 24, 0, 0, 0, 24, 0, 0, 0, 24, 0, 0, 0, 24, 0, 0, 0, 24, 0, 0, 0, 24, 0, 0, 0, 24, 0, 0, 0, 24, 0, 0, 0, 24, 0, 0, 0, 24, 0, 0, 0, 24, 0, 0, 0, 24, 0, 0, 0, 24, 0, 0, 0, 24, 0, 0, 0, 24, 0, 0, 0, 24, 0, 0, 0, 24, 0, 0, 0, 24, 0, 0, 0, 24, 0, 0, 0, 24, 0, 0, 0, 24, 0, 0, 0, 24, 0, 0, 0, 24, 0, 0, 0, 24, 0, 0, 0, 24, 0, 0, 0, 24, 0, 0, 0, 24, 0, 0, 0, 24, 0, 0, 0, 24, 0, 0, 0, 24, 0, 0, 0, 24, 0, 0, 0, 24, 0, 0, 0, 24, 0, 0, 0, 24, 0, 0, 0, 24, 0, 0, 0, 24, 0, 0, 0, 24, 0, 0, 0, 24, 0, 0, 0, 24, 0, 0, 0, 24, 0, 0, 0, 24, 0, 0, 0, 24, 0, 0, 0, 24, 0, 0, 0, 24, 0, 0, 0, 24, 0, 0, 0, 24, 0, 0, 0, 24, 0, 0, 0, 24, 0, 0, 0, 24, 0, 0, 0, 24, 0, 0, 0, 24, 0, 0, 0, 24, 0, 0, 0, 24, 0, 0, 0, 24, 0, 0, 0, 24, 0, 0, 0, 24, 0, 0, 0, 24, 0, 0, 0, 24, 0, 0, 0, 24, 0, 0, 0, 24, 0, 0, 0, 24, 0, 0, 0, 24, 0, 0, 0, 24, 0, 0, 0, 24, 0, 0, 0, 24, 0, 0, 0, 24, 0, 0, 0, 24, 0, 0, 0, 24, 0, 0, 0, 24, 0, 0, 0, 24, 0, 0, 0, 24, 0, 0, 0, 24, 0, 0, 0, 24, 0, 0, 0, 24, 0, 0, 0, 24, 0, 0, 0, 24, 0, 0, 0, 24, 0, 0, 0, 24, 0, 0, 0, 24, 0, 0, 0, 24, 0, 0, 0, 24, 0, 0, 0, 24, 0, 0, 0, 24, 0, 0, 0, 24, 0, 0, 0, 24, 0, 0, 0, 24, 0, 0, 0, 24, 0, 0, 0, 24, 0, 0, 0, 24, 0, 0, 0, 24, 0, 0, 0, 24, 0, 0, 0, 24, 0, 0, 0, 24, 0, 0, 0, 24, 0, 0, 0, 24, 0, 0, 0, 24, 0, 0, 0, 24, 0, 0, 0, 24, 0, 0, 0, 24, 0, 0, 0, 24, 0, 0, 0, 24, 0, 0, 0, 24, 0, 0, 0, 24, 0, 0, 0, 24, 0, 0, 0, 24, 0, 0, 0, 24, 0, 0, 0, 24, 0, 0, 0, 24, 0, 0, 0, 24, 0, 0, 0, 24, 0, 0, 0, 24, 0, 0, 0, 24, 0, 0, 0, 24, 0, 0, 0, 24, 0, 0, 0, 24, 0, 0, 0, 24, 0, 0, 0, 24, 0, 0, 0, 24, 0, 0, 0, 24, 0, 0, 0, 24, 0, 0, 0, 24, 0, 0, 0, 24, 0, 0, 0, 24, 0, 0, 0, 24, 0, 0, 0, 24, 0, 0, 0, 24, 0, 0, 0, 24, 0, 0, 0, 24, 0, 0, 0, 24, 0, 0, 0, 24, 0, 0, 0, 24, 0, 0, 0, 24, 0, 0, 0, 24, 0, 0, 0, 24, 0, 0, 0, 24, 0, 0, 0, 24, 0, 0, 0, 24, 0, 0, 0, 24, 0, 0, 0, 24, 0, 0, 0, 24, 0, 0, 0, 24, 0, 0, 0, 24, 0, 0, 0, 24, 0, 0, 0, 24, 0, 0, 0, 24, 0, 0, 0, 24, 0, 0, 0, 24, 0, 0, 0, 24, 0, 0, 0, 24, 0, 0, 0, 24, 0, 0, 0, 24, 0, 0, 0, 24, 0, 0, 0, 24, 0, 0, 0, 24, 0, 0, 0, 24, 0, 0, 0, 24, 0, 0, 0, 24, 0, 0, 0, 24, 0, 0, 0, 24, 0, 0, 0, 24, 0, 0, 0, 24, 0, 0, 0, 24, 0, 0, 0, 24, 0, 0, 0, 24, 0, 0, 0, 24, 0, 0, 0, 24, 0, 0, 0, 24, 0, 0, 0, 24, 0, 0, 0, 24, 0, 0, 0, 24, 0, 0, 0, 24, 0, 0, 0, 24, 0, 0, 0, 24, 0, 0, 0, 24, 0, 0, 0, 24, 0, 0, 0, 24, 0, 0, 0, 24, 0, 0, 0, 24, 0, 0, 0, 24, 0, 0, 0, 24, 0, 0, 0, 24, 0, 0, 0, 24, 0, 0, 0, 24, 0, 0, 0, 24, 0, 0, 0, 24, 0, 0, 0, 24, 0, 0, 0, 24, 0, 0, 0, 24, 0, 0, 0, 24, 0, 0, 0, 24, 0, 0, 0, 24, 0, 0, 0, 24, 0, 0, 0, 24, 0, 0, 0, 24, 0, 0, 0, 24, 0, 0, 0, 24, 0, 0, 0, 24, 0, 0, 0, 24, 0, 0, 0, 24, 0, 0, 0, 24, 0, 0, 0, 24, 0, 0, 0, 24, 0, 0, 0, 24, 0, 0, 0, 24, 0, 0, 0, 24, 0, 0, 0, 24, 0, 0, 0, 24, 0, 0, 0, 24, 0, 0, 0, 24, 0, 0, 0, 24, 0, 0, 0, 24, 0, 0, 0, 24, 0, 0, 0, 24, 0, 0, 0, 24, 0, 0, 0, 24, 0, 0, 0, 24, 0, 0, 0, 24, 0, 0, 0, 24, 0, 0, 0, 24, 0, 0, 0, 24, 0, 0, 0, 24, 0, 0, 0, 24, 0, 0, 0, 24, 0, 0, 0, 24, 0, 0, 0, 24, 0, 0, 0, 24, 0, 0, 0, 24, 0, 0, 0, 24, 0, 0, 0, 24, 0, 0, 0, 24, 0, 0, 0, 24, 0, 0, 0, 24, 0, 0, 0, 24, 0, 0, 0, 24, 0, 0, 0, 24, 0, 0, 0, 24, 0, 0, 0, 24, 0, 0, 0, 24, 0, 0, 0, 24, 0, 0, 0, 24, 0, 0, 0, 24, 0, 0, 0, 24, 0, 0, 0, 24, 0, 0, 0, 24, 0, 0, 0, 24, 0, 0, 0, 24, 0, 0, 0, 24, 0, 0, 0, 24, 0, 0, 0, 24, 0, 0, 0, 24, 0, 0, 0, 24, 0, 0, 0, 24, 0, 0, 0, 24, 0, 0, 0, 24, 0, 0, 0, 24, 0, 0, 0, 24, 0, 0, 0, 24, 0, 0, 0, 24, 0, 0, 0, 24, 0, 0, 0, 24, 0, 0, 0, 24, 0, 0, 0, 24, 0, 0, 0, 24, 0, 0, 0, 24, 0, 0, 0, 24, 0, 0, 0, 24, 0, 0, 0, 24, 0, 0, 0, 24, 0, 0, 0, 24, 0, 0, 0, 24, 0, 0, 0, 24, 0, 0, 0, 24, 0, 0, 0, 24, 0, 0, 0, 24, 0, 0, 0, 24, 0, 0, 0, 24, 0, 0, 0, 24, 0, 0, 0, 24, 0, 0, 0, 24, 0, 0, 0, 24, 0, 0, 0, 24, 0, 0, 0, 24, 0, 0, 0, 24, 0, 0, 0, 24, 0, 0, 0, 24, 0, 0, 0, 24, 0, 0, 0, 24, 0, 0, 0, 24, 0, 0, 0, 24, 0, 0, 0, 24, 0, 0, 0, 24, 0, 0, 0, 24, 0, 0, 0, 24, 0, 0, 0, 24, 0, 0, 0, 24, 0, 0, 0, 24, 0, 0, 0, 24, 0, 0, 0, 24, 0, 0, 0, 24, 0, 0, 0, 24, 0, 0, 0, 24, 0, 0, 0, 24, 0, 0, 0, 24, 0, 0, 0, 24, 0, 0, 0, 24, 0, 0, 0, 24, 0, 0, 0, 24, 0, 0, 0, 24, 0, 0, 0, 24, 0, 0, 0, 24, 0, 0, 0, 24, 0, 0, 0, 24, 0, 0, 0, 24, 0, 0, 0, 24, 0, 0, 0, 24, 0, 0, 0, 24, 0, 0, 0, 24, 0, 0, 0, 24, 0, 0, 0, 24, 0, 0, 0, 24, 0, 0, 0, 24, 0, 0, 0, 24, 0, 0, 0, 24, 0, 0, 0, 24, 0, 0, 0, 24, 0, 0, 0, 24, 0, 0, 0, 24, 0, 0, 0, 24, 0, 0, 0, 24, 0, 0, 0, 24, 0, 0, 0, 24, 0, 0, 0, 24, 0, 0, 0, 24, 0, 0, 0, 24, 0, 0, 0, 24, 0, 0, 0, 24, 0, 0, 0, 24, 0, 0, 0, 24, 0, 0, 0, 24, 0, 0, 0, 53, 0, 0, 0, 53, 0, 0, 0, 53, 0, 0, 0, 53, 0, 0, 0, 53, 0, 0, 0, 53, 0, 0, 0, 53, 0, 0, 0, 53, 0, 0, 0, 53, 0, 0, 0, 53, 0, 0, 0, 53, 0, 0, 0, 53, 0, 0, 0, 53, 0, 0, 0, 53, 0, 0, 0, 53, 0, 0, 0, 53, 0, 0, 0, 53, 0, 0, 0, 53, 0, 0, 0, 53, 0, 0, 0, 53, 0, 0, 0, 53, 0, 0, 0, 53, 0, 0, 0, 53, 0, 0, 0, 53, 0, 0, 0, 53, 0, 0, 0, 53, 0, 0, 0, 53, 0, 0, 0, 53, 0, 0, 0, 53, 0, 0, 0, 53, 0, 0, 0, 53, 0, 0, 0, 53, 0, 0, 0, 53, 0, 0, 0, 53, 0, 0, 0, 53, 0, 0, 0, 53, 0, 0, 0, 53, 0, 0, 0, 53, 0, 0, 0, 53, 0, 0, 0, 53, 0, 0, 0, 53, 0, 0, 0, 53, 0, 0, 0, 53, 0, 0, 0, 53, 0, 0, 0, 53, 0, 0, 0, 53, 0, 0, 0, 53, 0, 0, 0, 53, 0, 0, 0, 53, 0, 0, 0, 53, 0, 0, 0, 53, 0, 0, 0, 53, 0, 0, 0, 53, 0, 0, 0, 53, 0, 0, 0, 53, 0, 0, 0, 53, 0, 0, 0, 53, 0, 0, 0, 53, 0, 0, 0, 53, 0, 0, 0, 53, 0, 0, 0, 53, 0, 0, 0, 53, 0, 0, 0, 53, 0, 0, 0, 53, 0, 0, 0, 53, 0, 0, 0, 53, 0, 0, 0, 53, 0, 0, 0, 53, 0, 0, 0, 53, 0, 0, 0, 53, 0, 0, 0, 53, 0, 0, 0, 53, 0, 0, 0, 53, 0, 0, 0, 53, 0, 0, 0, 53, 0, 0, 0, 53, 0, 0, 0, 53, 0, 0, 0, 53, 0, 0, 0, 53, 0, 0, 0, 53, 0, 0, 0, 53, 0, 0, 0, 53, 0, 0, 0, 53, 0, 0, 0, 53, 0, 0, 0, 53, 0, 0, 0, 53, 0, 0, 0, 53, 0, 0, 0, 53, 0, 0, 0, 53, 0, 0, 0, 53, 0, 0, 0, 53, 0, 0, 0, 53, 0, 0, 0, 53, 0, 0, 0, 53, 0, 0, 0, 53, 0, 0, 0, 53, 0, 0, 0, 53, 0, 0, 0, 53, 0, 0, 0, 53, 0, 0, 0, 53, 0, 0, 0, 53, 0, 0, 0, 53, 0, 0, 0, 53, 0, 0, 0, 53, 0, 0, 0, 53, 0, 0, 0, 53, 0, 0, 0, 53, 0, 0, 0, 53, 0, 0, 0, 53, 0, 0, 0, 53, 0, 0, 0, 53, 0, 0, 0, 53, 0, 0, 0, 53, 0, 0, 0, 53, 0, 0, 0, 53, 0, 0, 0, 53, 0, 0, 0, 53, 0, 0, 0, 53, 0, 0, 0, 53, 0, 0, 0, 53, 0, 0, 0, 53, 0, 0, 0, 53, 0, 0, 0, 53, 0, 0, 0, 53, 0, 0, 0, 53, 0, 0, 0, 53, 0, 0, 0, 53, 0, 0, 0, 53, 0, 0, 0, 53, 0, 0, 0, 53, 0, 0, 0, 53, 0, 0, 0, 53, 0, 0, 0, 53, 0, 0, 0, 53, 0, 0, 0, 53, 0, 0, 0, 53, 0, 0, 0, 53, 0, 0, 0, 53, 0, 0, 0, 53, 0, 0, 0, 53, 0, 0, 0, 53, 0, 0, 0, 53, 0, 0, 0, 53, 0, 0, 0, 54, 0, 0, 0, 53, 0, 0, 0, 53, 0, 0, 0, 53, 0, 0, 0, 53, 0, 0, 0, 53, 0, 0, 0, 53, 0, 0, 0, 53, 0, 0, 0, 53, 0, 0, 0, 53, 0, 0, 0, 53, 0, 0, 0, 53, 0, 0, 0, 53, 0, 0, 0, 53, 0, 0, 0, 53, 0, 0, 0, 53, 0, 0, 0, 53, 0, 0, 0, 53, 0, 0, 0, 53, 0, 0, 0, 53, 0, 0, 0, 53, 0, 0, 0, 53, 0, 0, 0, 53, 0, 0, 0, 53, 0, 0, 0, 53, 0, 0, 0, 53, 0, 0, 0, 53, 0, 0, 0, 53, 0, 0, 0, 53, 0, 0, 0, 53, 0, 0, 0, 53, 0, 0, 0, 53, 0, 0, 0, 53, 0, 0, 0, 53, 0, 0, 0, 53, 0, 0, 0, 53, 0, 0, 0, 54, 0, 0, 0, 53, 0, 0, 0, 54, 0, 0, 0, 53, 0, 0, 0, 53, 0, 0, 0, 53, 0, 0, 0, 53, 0, 0, 0, 53, 0, 0, 0, 54, 0, 0, 0, 53, 0, 0, 0, 53, 0, 0, 0, 53, 0, 0, 0, 53, 0, 0, 0, 53, 0, 0, 0, 53, 0, 0, 0, 53, 0, 0, 0, 53, 0, 0, 0, 53, 0, 0, 0, 53, 0, 0, 0, 53, 0, 0, 0, 53, 0, 0, 0, 53, 0, 0, 0, 53, 0, 0, 0, 53, 0, 0, 0, 53, 0, 0, 0, 53, 0, 0, 0, 53, 0, 0, 0, 53, 0, 0, 0, 53, 0, 0, 0, 53, 0, 0, 0, 53, 0, 0, 0, 53, 0, 0, 0, 53, 0, 0, 0, 53, 0, 0, 0, 53, 0, 0, 0, 53, 0, 0, 0, 53, 0, 0, 0, 53, 0, 0, 0, 53, 0, 0, 0, 53, 0, 0, 0, 53, 0, 0, 0, 53, 0, 0, 0, 53, 0, 0, 0, 53, 0, 0, 0, 53, 0, 0, 0, 53, 0, 0, 0, 53, 0, 0, 0, 53, 0, 0, 0, 53, 0, 0, 0, 53, 0, 0, 0, 53, 0, 0, 0, 53, 0, 0, 0, 53, 0, 0, 0, 53, 0, 0, 0, 53, 0, 0, 0, 53, 0, 0, 0, 53, 0, 0, 0, 53, 0, 0, 0, 53, 0, 0, 0, 53, 0, 0, 0, 53, 0, 0, 0, 53, 0, 0, 0, 53, 0, 0, 0, 53, 0, 0, 0, 53, 0, 0, 0, 53, 0, 0, 0, 53, 0, 0, 0, 53, 0, 0, 0, 53, 0, 0, 0, 53, 0, 0, 0, 53, 0, 0, 0, 53, 0, 0, 0, 53, 0, 0, 0, 53, 0, 0, 0, 53, 0, 0, 0, 53, 0, 0, 0, 53, 0, 0, 0, 53, 0, 0, 0, 53, 0, 0, 0, 53, 0, 0, 0, 53, 0, 0, 0, 53, 0, 0, 0, 53, 0, 0, 0, 53, 0, 0, 0, 53, 0, 0, 0, 53, 0, 0, 0, 53, 0, 0, 0, 53, 0, 0, 0, 53, 0, 0, 0, 53, 0, 0, 0, 53, 0, 0, 0, 53, 0, 0, 0, 53, 0, 0, 0, 53, 0, 0, 0, 53, 0, 0, 0, 53, 0, 0, 0, 53, 0, 0, 0, 53, 0, 0, 0, 53, 0, 0, 0, 53, 0, 0, 0, 53, 0, 0, 0, 53, 0, 0, 0, 53, 0, 0, 0, 53, 0, 0, 0, 53, 0, 0, 0, 53, 0, 0, 0, 53, 0, 0, 0, 53, 0, 0, 0, 53, 0, 0, 0, 53, 0, 0, 0, 53, 0, 0, 0, 53, 0, 0, 0, 53, 0, 0, 0, 53, 0, 0, 0, 53, 0, 0, 0, 53, 0, 0, 0, 53, 0, 0, 0, 53, 0, 0, 0, 53, 0, 0, 0, 53, 0, 0, 0, 53, 0, 0, 0, 53, 0, 0, 0, 53, 0, 0, 0, 53, 0, 0, 0, 53, 0, 0, 0, 53, 0, 0, 0, 53, 0, 0, 0, 53, 0, 0, 0, 53, 0, 0, 0, 53, 0, 0, 0, 53, 0, 0, 0, 53, 0, 0, 0, 53, 0, 0, 0, 53, 0, 0, 0, 53, 0, 0, 0, 53, 0, 0, 0, 53, 0, 0, 0, 53, 0, 0, 0, 53, 0, 0, 0, 53, 0, 0, 0, 53, 0, 0, 0, 53, 0, 0, 0, 53, 0, 0, 0, 53, 0, 0, 0, 53, 0, 0, 0, 53, 0, 0, 0, 53, 0, 0, 0, 53, 0, 0, 0, 53, 0, 0, 0, 53, 0, 0, 0, 53, 0, 0, 0, 53, 0, 0, 0, 53, 0, 0, 0, 53, 0, 0, 0, 53, 0, 0, 0, 53, 0, 0, 0, 53, 0, 0, 0, 53, 0, 0, 0, 53, 0, 0, 0, 53, 0, 0, 0, 53, 0, 0, 0, 53, 0, 0, 0, 53, 0, 0, 0, 53, 0, 0, 0, 53, 0, 0, 0, 53, 0, 0, 0, 53, 0, 0, 0, 53, 0, 0, 0, 53, 0, 0, 0, 53, 0, 0, 0, 53, 0, 0, 0, 53, 0, 0, 0, 53, 0, 0, 0, 53, 0, 0, 0, 53, 0, 0, 0, 53, 0, 0, 0, 53, 0, 0, 0, 53, 0, 0, 0, 53, 0, 0, 0, 53, 0, 0, 0, 53, 0, 0, 0, 53, 0, 0, 0, 53, 0, 0, 0, 53, 0, 0, 0, 53, 0, 0, 0, 53, 0, 0, 0, 54, 0, 0, 0, 54, 0, 0, 0, 54, 0, 0, 0, 54, 0, 0, 0, 54, 0, 0, 0, 54, 0, 0, 0, 54, 0, 0, 0, 54, 0, 0, 0, 54, 0, 0, 0, 54, 0, 0, 0, 54, 0, 0, 0, 54, 0, 0, 0, 54, 0, 0, 0, 54, 0, 0, 0, 54, 0, 0, 0, 54, 0, 0, 0, 54, 0, 0, 0, 54, 0, 0, 0, 54, 0, 0, 0, 54, 0, 0, 0, 54, 0, 0, 0, 54, 0, 0, 0, 54, 0, 0, 0, 54, 0, 0, 0, 54, 0, 0, 0, 54, 0, 0, 0, 54, 0, 0, 0, 54, 0, 0, 0, 54, 0, 0, 0, 54, 0, 0, 0, 54, 0, 0, 0, 54, 0, 0, 0, 54, 0, 0, 0, 54, 0, 0, 0, 54, 0, 0, 0, 54, 0, 0, 0, 54, 0, 0, 0, 54, 0, 0, 0, 54, 0, 0, 0, 54, 0, 0, 0, 54, 0, 0, 0, 54, 0, 0, 0, 54, 0, 0, 0, 54, 0, 0, 0, 54, 0, 0, 0, 54, 0, 0, 0, 54, 0, 0, 0, 54, 0, 0, 0, 54, 0, 0, 0, 54, 0, 0, 0, 54, 0, 0, 0, 54, 0, 0, 0, 54, 0, 0, 0, 54, 0, 0, 0, 54, 0, 0, 0, 54, 0, 0, 0, 54, 0, 0, 0, 54, 0, 0, 0, 54, 0, 0, 0, 54, 0, 0, 0, 54, 0, 0, 0, 54, 0, 0, 0, 54, 0, 0, 0, 54, 0, 0, 0, 54, 0, 0, 0, 54, 0, 0, 0, 54, 0, 0, 0, 54, 0, 0, 0, 54, 0, 0, 0, 54, 0, 0, 0, 54, 0, 0, 0, 54, 0, 0, 0, 54, 0, 0, 0, 54, 0, 0, 0, 54, 0, 0, 0, 54, 0, 0, 0, 54, 0, 0, 0, 54, 0, 0, 0, 54, 0, 0, 0, 54, 0, 0, 0, 54, 0, 0, 0, 54, 0, 0, 0, 54, 0, 0, 0, 54, 0, 0, 0, 54, 0, 0, 0, 54, 0, 0, 0, 54, 0, 0, 0, 54, 0, 0, 0, 54, 0, 0, 0, 54, 0, 0, 0, 54, 0, 0, 0, 54, 0, 0, 0, 54, 0, 0, 0, 54, 0, 0, 0, 54, 0, 0, 0, 54, 0, 0, 0, 54, 0, 0, 0, 54, 0, 0, 0, 54, 0, 0, 0, 54, 0, 0, 0, 54, 0, 0, 0, 54, 0, 0, 0, 54, 0, 0, 0, 54, 0, 0, 0, 54, 0, 0, 0, 54, 0, 0, 0, 54, 0, 0, 0, 54, 0, 0, 0, 54, 0, 0, 0, 54, 0, 0, 0, 54, 0, 0, 0, 54, 0, 0, 0, 54, 0, 0, 0, 54, 0, 0, 0, 54, 0, 0, 0, 54, 0, 0, 0, 54, 0, 0, 0, 54, 0, 0, 0, 54, 0, 0, 0, 54, 0, 0, 0, 54, 0, 0, 0, 54, 0, 0, 0, 54, 0, 0, 0, 54, 0, 0, 0, 54, 0, 0, 0, 54, 0, 0, 0, 54, 0, 0, 0, 54, 0, 0, 0, 54, 0, 0, 0, 54, 0, 0, 0, 54, 0, 0, 0, 54, 0, 0, 0, 54, 0, 0, 0, 54, 0, 0, 0, 54, 0, 0, 0, 54, 0, 0, 0, 54, 0, 0, 0, 54, 0, 0, 0, 54, 0, 0, 0, 54, 0, 0, 0, 54, 0, 0, 0, 54, 0, 0, 0, 54, 0, 0, 0, 54, 0, 0, 0, 54, 0, 0, 0, 54, 0, 0, 0, 54, 0, 0, 0, 54, 0, 0, 0, 54, 0, 0, 0, 54, 0, 0, 0, 54, 0, 0, 0, 54, 0, 0, 0, 54, 0, 0, 0, 54, 0, 0, 0, 54, 0, 0, 0, 54, 0, 0, 0, 54, 0, 0, 0, 54, 0, 0, 0, 54, 0, 0, 0, 54, 0, 0, 0, 54, 0, 0, 0, 54, 0, 0, 0, 54, 0, 0, 0, 54, 0, 0, 0, 54, 0, 0, 0, 54, 0, 0, 0, 54, 0, 0, 0, 54, 0, 0, 0, 54, 0, 0, 0, 54, 0, 0, 0, 54, 0, 0, 0, 54, 0, 0, 0, 54, 0, 0, 0, 54, 0, 0, 0, 54, 0, 0, 0, 54, 0, 0, 0, 54, 0, 0, 0, 54, 0, 0, 0, 54, 0, 0, 0, 54, 0, 0, 0, 54, 0, 0, 0, 54, 0, 0, 0, 54, 0, 0, 0, 54, 0, 0, 0, 54, 0, 0, 0, 54, 0, 0, 0, 54, 0, 0, 0, 54, 0, 0, 0, 54, 0, 0, 0, 54, 0, 0, 0, 54, 0, 0, 0, 54, 0, 0, 0, 54, 0, 0, 0, 54, 0, 0, 0, 54, 0, 0, 0, 54, 0, 0, 0, 54, 0, 0, 0, 54, 0, 0, 0, 54, 0, 0, 0, 54, 0, 0, 0, 54, 0, 0, 0, 54, 0, 0, 0, 54, 0, 0, 0, 54, 0, 0, 0, 54, 0, 0, 0, 54, 0, 0, 0, 54, 0, 0, 0, 54, 0, 0, 0, 54, 0, 0, 0, 54, 0, 0, 0, 54, 0, 0, 0, 54, 0, 0, 0, 54, 0, 0, 0, 54, 0, 0, 0, 54, 0, 0, 0, 54, 0, 0, 0, 54, 0, 0, 0, 54, 0, 0, 0, 54, 0, 0, 0, 54, 0, 0, 0, 54, 0, 0, 0, 54, 0, 0, 0, 54, 0, 0, 0, 54, 0, 0, 0, 54, 0, 0, 0, 54, 0, 0, 0, 54, 0, 0, 0, 54, 0, 0, 0, 54, 0, 0, 0, 54, 0, 0, 0, 54, 0, 0, 0, 54, 0, 0, 0, 54, 0, 0, 0, 54, 0, 0, 0, 54, 0, 0, 0, 54, 0, 0, 0, 54, 0, 0, 0, 54, 0, 0, 0, 54, 0, 0, 0, 54, 0, 0, 0, 54, 0, 0, 0, 54, 0, 0, 0, 54, 0, 0, 0, 54, 0, 0, 0, 54, 0, 0, 0, 54, 0, 0, 0, 54, 0, 0, 0, 54, 0, 0, 0, 54, 0, 0, 0, 54, 0, 0, 0, 54, 0, 0, 0, 54, 0, 0, 0, 54, 0, 0, 0, 54, 0, 0, 0, 54, 0, 0, 0, 54, 0, 0, 0, 54, 0, 0, 0, 54, 0, 0, 0, 54, 0, 0, 0, 54, 0, 0, 0, 54, 0, 0, 0, 54, 0, 0, 0, 54, 0, 0, 0, 54, 0, 0, 0, 54, 0, 0, 0, 54, 0, 0, 0, 54, 0, 0, 0, 54, 0, 0, 0, 54, 0, 0, 0, 54, 0, 0, 0, 54, 0, 0, 0, 54, 0, 0, 0, 54, 0, 0, 0, 54, 0, 0, 0, 54, 0, 0, 0, 54, 0, 0, 0, 54, 0, 0, 0, 54, 0, 0, 0, 54, 0, 0, 0, 54, 0, 0, 0, 54, 0, 0, 0, 54, 0, 0, 0, 54, 0, 0, 0, 54, 0, 0, 0, 54, 0, 0, 0, 54, 0, 0, 0, 54, 0, 0, 0, 54, 0, 0, 0, 54, 0, 0, 0, 54, 0, 0, 0, 54, 0, 0, 0, 54, 0, 0, 0, 54, 0, 0, 0, 54, 0, 0, 0, 54, 0, 0, 0, 54, 0, 0, 0, 54, 0, 0, 0, 54, 0, 0, 0, 54, 0, 0, 0, 54, 0, 0, 0, 54, 0, 0, 0, 54, 0, 0, 0, 54, 0, 0, 0, 54, 0, 0, 0, 54, 0, 0, 0, 54, 0, 0, 0, 54, 0, 0, 0, 54, 0, 0, 0, 54, 0, 0, 0, 54, 0, 0, 0, 54, 0, 0, 0, 54, 0, 0, 0, 54, 0, 0, 0, 54, 0, 0, 0, 54, 0, 0, 0, 54, 0, 0, 0, 54, 0, 0, 0, 54, 0, 0, 0, 54, 0, 0, 0, 54, 0, 0, 0, 54, 0, 0, 0, 54, 0, 0, 0, 54, 0, 0, 0, 54, 0, 0, 0, 54, 0, 0, 0, 54, 0, 0, 0, 54, 0, 0, 0, 54, 0, 0, 0, 54, 0, 0, 0, 54, 0, 0, 0, 54, 0, 0, 0, 54, 0, 0, 0, 54, 0, 0, 0, 54, 0, 0, 0, 54, 0, 0, 0, 54, 0, 0, 0, 54, 0, 0, 0, 54, 0, 0, 0, 54, 0, 0, 0, 54, 0, 0, 0, 54, 0, 0, 0, 54, 0, 0, 0, 54, 0, 0, 0, 54, 0, 0, 0, 54, 0, 0, 0, 54, 0, 0, 0, 54, 0, 0, 0, 54, 0, 0, 0, 54, 0, 0, 0, 54, 0, 0, 0, 54, 0, 0, 0, 54, 0, 0, 0, 54, 0, 0, 0, 54, 0, 0, 0, 54, 0, 0, 0, 54, 0, 0, 0, 54, 0, 0, 0, 54, 0, 0, 0, 54, 0, 0, 0, 54, 0, 0, 0, 54, 0, 0, 0, 54, 0, 0, 0, 54, 0, 0, 0, 54, 0, 0, 0, 54, 0, 0, 0, 54, 0, 0, 0, 54, 0, 0, 0, 54, 0, 0, 0, 54, 0, 0, 0, 54, 0, 0, 0, 54, 0, 0, 0, 54, 0, 0, 0, 54, 0, 0, 0, 54, 0, 0, 0, 54, 0, 0, 0, 54, 0, 0, 0, 54, 0, 0, 0, 54, 0, 0, 0, 54, 0, 0, 0, 54, 0, 0, 0, 54, 0, 0, 0, 54, 0, 0, 0, 54, 0, 0, 0, 54, 0, 0, 0, 54, 0, 0, 0, 54, 0, 0, 0, 54, 0, 0, 0, 54, 0, 0, 0, 54, 0, 0, 0, 54, 0, 0, 0, 54, 0, 0, 0, 54, 0, 0, 0, 5, 6, 0, 0, 5, 10, 6, 0, 5, 0, 0, 0, 5, 4, 6, 18, 5, 0, 0, 0, 5, 10, 0, 0, 5, 0, 0, 0, 5, 0, 0, 0, 5, 14, 6, 0, 5, 14, 6, 0, 5, 6, 18, 0, 5, 18, 6, 0, 5, 0, 0, 0, 5, 6, 0, 0, 5, 6, 0, 0, 5, 6, 0, 0, 5, 6, 14, 0, 5, 6, 14, 0, 5, 6, 0, 0, 5, 0, 0, 0, 5, 0, 0, 0, 5, 18, 0, 0, 5, 18, 0, 0, 5, 18, 6, 0, 18, 5, 6, 0, 5, 18, 6, 0, 5, 18, 0, 0, 5, 0, 0, 0, 5, 10, 0, 0, 5, 10, 14, 0, 5, 14, 10, 6, 5, 14, 0, 0, 5, 14, 6, 0, 5, 14, 0, 0, 5, 14, 10, 0, 5, 0, 0, 0, 4, 0, 0, 0, 4, 0, 0, 0, 4, 0, 0, 0, 4, 0, 0, 0, 4, 0, 0, 0, 5, 10, 0, 0, 5, 14, 10, 0, 14, 5, 0, 0, 14, 5, 0, 0, 16, 0, 0, 0, 14, 5, 6, 0, 6, 5, 14, 0, 8, 0, 0, 0, 5, 6, 0, 0, 18, 5, 6, 0, 20, 0, 0, 0, 18, 5, 0, 0, 5, 18, 0, 0, 5, 18, 0, 0, 5, 4, 0, 0, 5, 0, 0, 0, 5, 0, 0, 0, 5, 0, 0, 0, 5, 0, 0, 0, 5, 0, 0, 0, 5, 0, 0, 0, 5, 0, 0, 0, 5, 0, 0, 0, 5, 10, 0, 0, 12, 0, 0, 0, 5, 10, 0, 0, 5, 10, 0, 0, 5, 10, 0, 0, 5, 0, 0, 0, 4, 0, 0, 0, 4, 0, 0, 0, 4, 0, 0, 0, 4, 0, 0, 0, 4, 0, 0, 0, 4, 0, 0, 0, 5, 4, 0, 0, 5, 4, 0, 0, 5, 0, 0, 0, 4, 0, 0, 0, 4, 0, 0, 0, 4, 0, 0, 0, 4, 0, 0, 0, 4, 0, 0, 0, 4, 0, 0, 0, 5, 0, 0, 0, 5, 0, 0, 0, 5, 0, 0, 0, 4, 0, 0, 0, 4, 0, 0, 0, 4, 0, 0, 0, 4, 0, 0, 0, 4, 0, 0, 0, 4, 0, 0, 0, 5, 10, 0, 0, 5, 10, 0, 0, 5, 10, 0, 0, 4, 0, 0, 0, 4, 5, 0, 0, 4, 5, 0, 0, 4, 5, 0, 0, 4, 0, 0, 0, 4, 0, 0, 0, 5, 10, 0, 0, 10, 5, 0, 0, 10, 5, 0, 0, 4, 0, 0, 0, 4, 0, 0, 0, 4, 0, 0, 0, 4, 0, 0, 0, 4, 0, 0, 0, 4, 0, 0, 0, 4, 0, 0, 0, 4, 0, 0, 0, 4, 5, 0, 0, 4, 0, 0, 0, 4, 0, 0, 0, 4, 5, 0, 0, 4, 0, 0, 0, 4, 0, 0, 0, 4, 0, 0, 0, 4, 0, 0, 0, 4, 0, 0, 0, 4, 0, 0, 0, 4, 0, 0, 0, 4, 0, 0, 0, 4, 0, 0, 0, 4, 0, 0, 0, 4, 0, 0, 0, 4, 0, 0, 0, 4, 0, 0, 0, 4, 0, 0, 0, 4, 0, 0, 0, 4, 0, 0, 0, 4, 0, 0, 0, 4, 0, 0, 0, 4, 0, 0, 0, 4, 0, 0, 0, 4, 0, 0, 0, 4, 0, 0, 0, 4, 0, 0, 0, 4, 0, 0, 0, 5, 18, 0, 0, 5, 18, 0, 0, 5, 18, 0, 0, 5, 18, 0, 0, 5, 18, 0, 0, 5, 18, 0, 0, 5, 18, 0, 0, 5, 18, 0, 0, 5, 18, 0, 0, 5, 18, 0, 0, 5, 18, 0, 0, 5, 18, 0, 0, 5, 14, 10, 0, 5, 10, 14, 0, 5, 10, 14, 0, 14, 5, 10, 0, 5, 14, 10, 0, 5, 14, 10, 0, 5, 10, 14, 0, 5, 10, 14, 0, 5, 10, 14, 0, 5, 14, 0, 0, 5, 14, 0, 0, 5, 14, 0, 0, 5, 0, 0, 0, 5, 0, 0, 0, 5, 0, 0, 0, 5, 0, 0, 0, 5, 0, 0, 0, 5, 0, 0, 0, 5, 14, 6, 0, 14, 5, 6, 0, 14, 5, 6, 0, 6, 5, 14, 0, 6, 5, 14, 0, 5, 6, 14, 0, 5, 6, 14, 0, 6, 5, 14, 0, 6, 5, 14, 0, 14, 5, 6, 0, 14, 5, 6, 0, 5, 14, 6, 0, 5, 6, 18, 0, 6, 5, 18, 0, 6, 5, 18, 0, 18, 5, 6, 0, 18, 5, 6, 0, 5, 18, 6, 0, 5, 18, 6, 0, 18, 5, 6, 0, 18, 5, 6, 0, 6, 5, 18, 0, 6, 5, 18, 0, 5, 6, 18, 0, 18, 5, 0, 0, 18, 5, 0, 0, 18, 5, 0, 0, 20, 0, 0, 0, 20, 0, 0, 0, 20, 0, 0, 0, 20, 0, 0, 0, 20, 0, 0, 0, 20, 0, 0, 0, 20, 0, 0, 0, 20, 0, 0, 0, 20, 0, 0, 0, 20, 0, 0, 0, 20, 0, 0, 0, 20, 0, 0, 0, 18, 5, 0, 0, 18, 5, 0, 0, 18, 5, 0, 0, 20, 0, 0, 0, 20, 0, 0, 0, 20, 0, 0, 0, 20, 0, 0, 0, 20, 0, 0, 0, 20, 0, 0, 0, 20, 0, 0, 0, 20, 0, 0, 0, 20, 0, 0, 0, 20, 0, 0, 0, 20, 0, 0, 0, 20, 0, 0, 0, 20, 0, 0, 0, 20, 0, 0, 0, 20, 0, 0, 0, 20, 0, 0, 0, 20, 0, 0, 0, 20, 0, 0, 0, 16, 0, 0, 0, 16, 0, 0, 0, 16, 0, 0, 0, 16, 0, 0, 0, 16, 0, 0, 0, 16, 0, 0, 0, 16, 0, 0, 0, 16, 0, 0, 0, 16, 0, 0, 0, 14, 5, 0, 0, 14, 5, 0, 0, 14, 5, 0, 0, 16, 0, 0, 0, 16, 0, 0, 0, 16, 0, 0, 0, 16, 0, 0, 0, 16, 0, 0, 0, 16, 0, 0, 0, 16, 0, 0, 0, 16, 0, 0, 0, 16, 0, 0, 0, 14, 5, 0, 0, 14, 5, 0, 0, 14, 5, 0, 0, 16, 0, 0, 0, 16, 0, 0, 0, 16, 0, 0, 0, 16, 0, 0, 0, 16, 0, 0, 0, 16, 0, 0, 0, 16, 0, 0, 0, 16, 0, 0, 0, 16, 0, 0, 0, 16, 0, 0, 0, 16, 0, 0, 0, 16, 0, 0, 0, 8, 0, 0, 0, 8, 0, 0, 0, 8, 0, 0, 0, 8, 0, 0, 0, 8, 0, 0, 0, 8, 0, 0, 0, 8, 0, 0, 0, 8, 0, 0, 0, 8, 0, 0, 0, 8, 0, 0, 0, 8, 0, 0, 0, 8, 0, 0, 0, 8, 0, 0, 0, 8, 0, 0, 0, 8, 0, 0, 0, 8, 0, 0, 0, 8, 0, 0, 0, 8, 0, 0, 0, 8, 0, 0, 0, 8, 0, 0, 0, 8, 0, 0, 0, 8, 0, 0, 0, 8, 0, 0, 0, 8, 0, 0, 0, 12, 0, 0, 0, 12, 0, 0, 0, 12, 0, 0, 0, 12, 0, 0, 0, 12, 0, 0, 0, 12, 0, 0, 0, 12, 0, 0, 0, 12, 0, 0, 0, 12, 0, 0, 0, 12, 0, 0, 0, 12, 0, 0, 0, 12, 0, 0, 0, 12, 0, 0, 0, 12, 0, 0, 0, 12, 0, 0, 0, 12, 0, 0, 0, 12, 0, 0, 0, 12, 0, 0, 0, 12, 0, 0, 0, 12, 0, 0, 0, 12, 0, 0, 0, 12, 0, 0, 0, 12, 0, 0, 0, 12, 0, 0, 0, 12, 0, 0, 0, 12, 0, 0, 0, 12, 0, 0, 0, 12, 0, 0, 0, 12, 0, 0, 0, 12, 0, 0, 0, 12, 0, 0, 0, 12, 0, 0, 0, 12, 0, 0, 0, 12, 0, 0, 0, 12, 0, 0, 0, 12, 0, 0, 0, 20, 0, 0, 0, 20, 0, 0, 0, 20, 0, 0, 0, 20, 0, 0, 0, 20, 0, 0, 0, 20, 0, 0, 0, 8, 0, 0, 0, 8, 0, 0, 0, 8, 0, 0, 0, 8, 0, 0, 0, 8, 0, 0, 0, 8, 0, 0, 0, 8, 0, 0, 0, 8, 0, 0, 0, 8, 0, 0, 0, 8, 0, 0, 0, 8, 0, 0, 0, 8, 0, 0, 0, 16, 0, 0, 0, 16, 0, 0, 0, 16, 0, 0, 0, 16, 0, 0, 0, 16, 0, 0, 0, 16, 0, 0, 0, 4, 0, 0, 0, 4, 0, 0, 0, 4, 0, 0, 0, 4, 0, 0, 0, 20, 0, 0, 0, 20, 0, 0, 0, 20, 0, 0, 0, 16, 0, 0, 0, 16, 0, 0, 0, 16, 0, 0, 0, 8, 0, 0, 0, 8, 0, 0, 0, 12, 0, 0, 0, 12, 0, 0, 0, 12, 0, 0, 0, 12, 0, 0, 0, 20, 0, 0, 0, 8, 0, 0, 0, 8, 0, 0, 0, 16, 0, 0, 0, 14, 15, 0, 0, 14, 15, 0, 0, 15, 14, 0, 0, 14, 15, 0, 0, 14, 15, 0, 0, 15, 14, 0, 0, 15, 14, 0, 0, 14, 15, 0, 0, 14, 15, 0, 0, 6, 7, 0, 0, 7, 6, 0, 0, 7, 6, 0, 0, 6, 7, 0, 0, 7, 6, 0, 0, 7, 6, 0, 0, 7, 6, 0, 0, 7, 6, 0, 0, 6, 7, 0, 0, 6, 7, 0, 0, 7, 6, 0, 0, 7, 6, 0, 0, 6, 7, 0, 0, 7, 6, 0, 0, 7, 6, 0, 0, 7, 6, 0, 0, 6, 7, 0, 0, 6, 7, 0, 0, 14, 15, 0, 0, 14, 15, 0, 0, 15, 14, 0, 0, 14, 15, 0, 0, 14, 15, 0, 0, 15, 14, 0, 0, 15, 14, 0, 0, 14, 15, 0, 0, 14, 15, 0, 0, 6, 7, 0, 0, 7, 6, 0, 0, 7, 6, 0, 0, 6, 7, 0, 0, 7, 6, 0, 0, 7, 6, 0, 0, 7, 6, 0, 0, 7, 6, 0, 0, 6, 7, 0, 0, 18, 19, 0, 0, 18, 19, 0, 0, 19, 18, 0, 0, 18, 19, 0, 0, 19, 18, 0, 0, 19, 18, 0, 0, 19, 18, 0, 0, 19, 18, 0, 0, 18, 19, 0, 0, 18, 19, 0, 0, 19, 18, 0, 0, 19, 18, 0, 0, 18, 19, 0, 0, 19, 18, 0, 0, 19, 18, 0, 0, 19, 18, 0, 0, 19, 18, 0, 0, 18, 19, 0, 0, 6, 7, 0, 0, 6, 7, 0, 0, 7, 6, 0, 0, 6, 7, 0, 0, 6, 7, 0, 0, 7, 6, 0, 0, 7, 6, 0, 0, 6, 7, 0, 0, 6, 7, 0, 0, 19, 20, 0, 0, 19, 20, 0, 0, 20, 19, 0, 0, 19, 20, 0, 0, 20, 19, 0, 0, 20, 19, 0, 0, 20, 19, 0, 0, 19, 20, 0, 0, 19, 20, 0, 0, 18, 19, 0, 0, 18, 19, 0, 0, 19, 18, 0, 0, 18, 19, 0, 0, 18, 19, 0, 0, 19, 18, 0, 0, 19, 18, 0, 0, 18, 19, 0, 0, 18, 19, 0, 0, 19, 20, 0, 0, 20, 19, 0, 0, 20, 19, 0, 0, 19, 20, 0, 0, 20, 19, 0, 0, 20, 19, 0, 0, 20, 19, 0, 0, 20, 19, 0, 0, 19, 20, 0, 0, 19, 20, 0, 0, 19, 20, 0, 0, 20, 19, 0, 0, 19, 20, 0, 0, 19, 20, 0, 0, 20, 19, 0, 0, 20, 19, 0, 0, 19, 20, 0, 0, 19, 20, 0, 0, 18, 19, 0, 0, 18, 19, 0, 0, 19, 18, 0, 0, 18, 19, 0, 0, 18, 19, 0, 0, 19, 18, 0, 0, 19, 18, 0, 0, 18, 19, 0, 0, 18, 19, 0, 0, 19, 20, 0, 0, 19, 20, 0, 0, 20, 19, 0, 0, 19, 20, 0, 0, 19, 20, 0, 0, 20, 19, 0, 0, 20, 19, 0, 0, 19, 20, 0, 0, 19, 20, 0, 0, 15, 16, 0, 0, 16, 15, 0, 0, 16, 15, 0, 0, 15, 16, 0, 0, 16, 15, 0, 0, 16, 15, 0, 0, 16, 15, 0, 0, 16, 15, 0, 0, 15, 16, 0, 0, 15, 16, 0, 0, 16, 15, 0, 0, 16, 15, 0, 0, 15, 16, 0, 0, 16, 15, 0, 0, 16, 15, 0, 0, 16, 15, 0, 0, 16, 15, 0, 0, 15, 16, 0, 0, 14, 15, 0, 0, 14, 15, 0, 0, 15, 14, 0, 0, 14, 15, 0, 0, 14, 15, 0, 0, 15, 14, 0, 0, 15, 14, 0, 0, 14, 15, 0, 0, 14, 15, 0, 0, 15, 16, 0, 0, 16, 15, 0, 0, 16, 15, 0, 0, 15, 16, 0, 0, 16, 15, 0, 0, 16, 15, 0, 0, 16, 15, 0, 0, 16, 15, 0, 0, 15, 16, 0, 0, 14, 15, 0, 0, 14, 15, 0, 0, 15, 14, 0, 0, 14, 15, 0, 0, 14, 15, 0, 0, 15, 14, 0, 0, 15, 14, 0, 0, 14, 15, 0, 0, 14, 15, 0, 0, 15, 16, 0, 0, 16, 15, 0, 0, 16, 15, 0, 0, 15, 16, 0, 0, 16, 15, 0, 0, 16, 15, 0, 0, 16, 15, 0, 0, 16, 15, 0, 0, 15, 16, 0, 0, 7, 8, 0, 0, 7, 8, 0, 0, 8, 7, 0, 0, 7, 8, 0, 0, 7, 8, 0, 0, 8, 7, 0, 0, 8, 7, 0, 0, 7, 8, 0, 0, 7, 8, 0, 0, 7, 8, 0, 0, 7, 8, 0, 0, 8, 7, 0, 0, 7, 8, 0, 0, 7, 8, 0, 0, 8, 7, 0, 0, 8, 7, 0, 0, 7, 8, 0, 0, 7, 8, 0, 0, 7, 8, 0, 0, 7, 8, 0, 0, 8, 7, 0, 0, 7, 8, 0, 0, 7, 8, 0, 0, 8, 7, 0, 0, 8, 7, 0, 0, 7, 8, 0, 0, 7, 8, 0, 0, 7, 8, 0, 0, 7, 8, 0, 0, 8, 7, 0, 0, 7, 8, 0, 0, 7, 8, 0, 0, 8, 7, 0, 0, 8, 7, 0, 0, 7, 8, 0, 0, 7, 8, 0, 0, 19, 18, 0, 0, 18, 19, 0, 0, 18, 19, 0, 0, 19, 18, 0, 0, 19, 18, 0, 0, 18, 19, 0, 0, 18, 19, 0, 0, 18, 19, 0, 0, 19, 18, 0, 0, 18, 19, 0, 0, 18, 19, 0, 0, 19, 18, 0, 0, 14, 15, 0, 0, 14, 15, 0, 0, 15, 14, 0, 0, 14, 15, 0, 0, 14, 15, 0, 0, 15, 14, 0, 0, 15, 14, 0, 0, 14, 15, 0, 0, 14, 15, 0, 0, 15, 14, 0, 0, 14, 15, 0, 0, 14, 15, 0, 0, 6, 7, 0, 0, 7, 6, 0, 0, 7, 6, 0, 0, 6, 7, 0, 0, 7, 6, 0, 0, 7, 6, 0, 0, 7, 6, 0, 0, 7, 6, 0, 0, 6, 7, 0, 0, 7, 6, 0, 0, 6, 7, 0, 0, 6, 7, 0, 0, 16, 15, 0, 0, 16, 15, 0, 0, 15, 16, 0, 0, 16, 15, 0, 0, 16, 15, 0, 0, 15, 16, 0, 0, 15, 16, 0, 0, 16, 15, 0, 0, 16, 15, 0, 0, 15, 16, 0, 0, 16, 15, 0, 0, 16, 15, 0, 0, 8, 7, 0, 0, 7, 8, 0, 0, 7, 8, 0, 0, 8, 7, 0, 0, 7, 8, 0, 0, 7, 8, 0, 0, 7, 8, 0, 0, 7, 8, 0, 0, 8, 7, 0, 0, 7, 8, 0, 0, 7, 8, 0, 0, 8, 7, 0, 0, 20, 19, 0, 0, 19, 20, 0, 0, 19, 20, 0, 0, 19, 20, 0, 0, 19, 20, 0, 0, 20, 19, 0, 0, 19, 20, 0, 0, 19, 20, 0, 0, 20, 19, 0, 0, 20, 19, 0, 0, 19, 20, 0, 0, 19, 20, 0, 0, 14, 5, 6, 0, 14, 5, 6, 0, 14, 0, 0, 0, 14, 5, 6, 0, 14, 5, 6, 0, 14, 5, 6, 0, 14, 5, 0, 0, 14, 5, 0, 0, 14, 5, 0, 0, 14, 5, 0, 0, 14, 5, 0, 0, 14, 5, 0, 0, 14, 5, 0, 0, 14, 5, 0, 0, 14, 5, 0, 0, 14, 5, 6, 0, 6, 5, 14, 0, 6, 5, 14, 0, 6, 5, 0, 0, 6, 5, 18, 0, 6, 5, 18, 0, 6, 5, 18, 0, 6, 5, 0, 0, 6, 5, 18, 0, 6, 5, 0, 0, 6, 5, 0, 0, 6, 5, 0, 0, 6, 5, 0, 0, 6, 5, 0, 0, 6, 5, 0, 0, 6, 5, 0, 0, 6, 5, 14, 0, 18, 5, 0, 0, 18, 5, 0, 0, 18, 5, 0, 0, 18, 5, 0, 0, 18, 5, 0, 0, 18, 5, 0, 0, 18, 5, 0, 0, 18, 5, 0, 0, 18, 5, 0, 0, 18, 5, 0, 0, 18, 5, 0, 0, 18, 5, 0, 0, 18, 5, 0, 0, 18, 5, 0, 0, 18, 0, 0, 0, 18, 5, 0, 0, 14, 0, 0, 0, 14, 0, 0, 0, 14, 0, 0, 0, 14, 0, 0, 0, 14, 0, 0, 0, 14, 0, 0, 0, 14, 0, 0, 0, 14, 0, 0, 0, 14, 0, 0, 0, 14, 0, 0, 0, 14, 0, 0, 0, 14, 0, 0, 0, 14, 0, 0, 0, 14, 0, 0, 0, 14, 0, 0, 0, 14, 0, 0, 0, 15, 0, 0, 0, 15, 0, 0, 0, 15, 0, 0, 0, 15, 0, 0, 0, 15, 0, 0, 0, 15, 0, 0, 0, 15, 0, 0, 0, 15, 0, 0, 0, 15, 0, 0, 0, 15, 0, 0, 0, 15, 0, 0, 0, 15, 0, 0, 0, 15, 0, 0, 0, 15, 0, 0, 0, 15, 0, 0, 0, 15, 0, 0, 0, 7, 0, 0, 0, 7, 0, 0, 0, 7, 0, 0, 0, 7, 0, 0, 0, 7, 0, 0, 0, 7, 0, 0, 0, 7, 0, 0, 0, 7, 0, 0, 0, 7, 0, 0, 0, 7, 0, 0, 0, 7, 0, 0, 0, 7, 0, 0, 0, 7, 0, 0, 0, 7, 0, 0, 0, 7, 0, 0, 0, 7, 0, 0, 0, 6, 0, 0, 0, 6, 0, 0, 0, 6, 0, 0, 0, 6, 0, 0, 0, 6, 0, 0, 0, 6, 0, 0, 0, 6, 5, 0, 0, 6, 5, 0, 0, 6, 5, 0, 0, 6, 0, 0, 0, 6, 0, 0, 0, 6, 0, 0, 0, 6, 0, 0, 0, 6, 0, 0, 0, 6, 0, 0, 0, 6, 0, 0, 0, 18, 0, 0, 0, 18, 0, 0, 0, 18, 0, 0, 0, 18, 0, 0, 0, 18, 0, 0, 0, 18, 0, 0, 0, 18, 0, 0, 0, 18, 0, 0, 0, 18, 0, 0, 0, 18, 0, 0, 0, 18, 0, 0, 0, 18, 0, 0, 0, 18, 0, 0, 0, 18, 0, 0, 0, 18, 0, 0, 0, 18, 0, 0, 0, 19, 18, 0, 0, 19, 0, 0, 0, 19, 0, 0, 0, 19, 0, 0, 0, 19, 0, 0, 0, 19, 20, 18, 0, 19, 20, 18, 0, 19, 20, 18, 0, 19, 0, 0, 0, 19, 0, 0, 0, 19, 0, 0, 0, 19, 0, 0, 0, 19, 0, 0, 0, 19, 0, 0, 0, 19, 0, 0, 0, 19, 18, 0, 0, 10, 11, 0, 0, 11, 10, 0, 0, 11, 10, 0, 0, 10, 11, 0, 0, 11, 10, 0, 0, 11, 10, 0, 0, 11, 10, 0, 0, 11, 10, 0, 0, 10, 11, 0, 0, 10, 11, 0, 0, 11, 10, 0, 0, 11, 10, 0, 0, 10, 11, 0, 0, 11, 10, 0, 0, 11, 10, 0, 0, 11, 10, 0, 0, 11, 10, 0, 0, 10, 11, 0, 0, 10, 11, 0, 0, 11, 10, 0, 0, 11, 10, 0, 0, 10, 11, 0, 0, 10, 11, 0, 0, 11, 10, 0, 0, 11, 10, 0, 0, 10, 11, 0, 0, 10, 11, 0, 0, 11, 12, 0, 0, 11, 12, 0, 0, 12, 11, 0, 0, 11, 12, 0, 0, 11, 12, 0, 0, 12, 11, 0, 0, 12, 11, 0, 0, 12, 11, 0, 0, 11, 12, 0, 0, 11, 12, 0, 0, 11, 12, 0, 0, 12, 11, 0, 0, 11, 12, 0, 0, 11, 12, 0, 0, 12, 11, 0, 0, 12, 11, 0, 0, 12, 11, 0, 0, 11, 12, 0, 0, 11, 10, 0, 0, 11, 10, 0, 0, 10, 11, 0, 0, 10, 11, 0, 0, 11, 10, 0, 0, 11, 10, 0, 0, 11, 12, 0, 0, 12, 11, 0, 0, 12, 11, 0, 0, 11, 12, 0, 0, 12, 11, 0, 0, 12, 11, 0, 0, 11, 10, 0, 0, 11, 10, 0, 0, 10, 11, 0, 0, 12, 11, 0, 0, 11, 12, 0, 0, 11, 12, 0, 0, 11, 12, 0, 0, 12, 11, 0, 0, 12, 11, 0, 0, 11, 12, 0, 0, 12, 11, 0, 0, 12, 11, 0, 0, 12, 11, 0, 0, 11, 12, 0, 0, 11, 12, 0, 0, 11, 10, 0, 0, 11, 10, 0, 0, 10, 11, 0, 0, 10, 11, 0, 0, 11, 10, 0, 0, 11, 10, 0, 0, 10, 11, 0, 0, 11, 10, 0, 0, 11, 10, 0, 0, 11, 10, 0, 0, 10, 11, 0, 0, 10, 11, 0, 0, 12, 11, 0, 0, 12, 11, 0, 0, 11, 12, 0, 0, 11, 12, 0, 0, 12, 11, 0, 0, 12, 11, 0, 0, 11, 12, 0, 0, 12, 11, 0, 0, 12, 11, 0, 0, 12, 11, 0, 0, 11, 12, 0, 0, 11, 12, 0, 0, 11, 12, 10, 0, 11, 12, 10, 0, 11, 12, 10, 0, 11, 12, 10, 0, 11, 12, 10, 0, 11, 12, 10, 0, 11, 12, 0, 0, 11, 12, 10, 0, 11, 12, 10, 0, 11, 12, 10, 0, 11, 12, 10, 0, 11, 12, 10, 0, 11, 10, 12, 0, 11, 10, 12, 0, 11, 12, 10, 0, 11, 12, 10, 0, 10, 5, 0, 0, 10, 5, 0, 0, 10, 5, 0, 0, 10, 5, 0, 0, 10, 5, 0, 0, 10, 5, 0, 0, 10, 5, 14, 0, 10, 5, 14, 0, 10, 5, 14, 0, 10, 5, 14, 0, 10, 5, 14, 0, 10, 5, 14, 0, 10, 5, 0, 0, 10, 5, 0, 0, 10, 5, 0, 0, 10, 5, 0, 0, 10, 0, 0, 0, 10, 0, 0, 0, 10, 0, 0, 0, 10, 0, 0, 0, 10, 0, 0, 0, 10, 11, 0, 0, 10, 5, 11, 0, 10, 5, 11, 0, 10, 5, 11, 0, 10, 5, 11, 0, 10, 5, 11, 0, 10, 11, 5, 0, 10, 11, 5, 0, 10, 11, 0, 0, 10, 0, 0, 0, 10, 0, 0, 0, 10, 5, 0, 0, 10, 5, 0, 0, 10, 5, 0, 0, 10, 5, 0, 0, 10, 5, 0, 0, 10, 5, 0, 0, 10, 5, 14, 0, 10, 5, 14, 0, 10, 5, 14, 0, 10, 5, 14, 0, 10, 5, 14, 0, 10, 5, 14, 0, 10, 5, 0, 0, 10, 5, 0, 0, 10, 5, 0, 0, 10, 5, 0, 0, 5, 4, 0, 0, 5, 4, 0, 0, 5, 4, 0, 0, 5, 4, 0, 0, 5, 4, 0, 0, 5, 4, 0, 0, 5, 4, 0, 0, 5, 4, 0, 0, 5, 4, 0, 0, 5, 4, 10, 0, 5, 4, 10, 0, 5, 4, 10, 0, 5, 4, 10, 0, 5, 4, 10, 0, 5, 4, 10, 0, 5, 4, 10, 0, 5, 10, 4, 0, 5, 4, 10, 0, 5, 4, 0, 0, 5, 4, 0, 0, 5, 4, 0, 0, 5, 4, 0, 0, 5, 4, 0, 0, 5, 4, 0, 0, 16, 0, 0, 0, 16, 0, 0, 0, 16, 0, 0, 0, 16, 0, 0, 0, 16, 0, 0, 0, 16, 0, 0, 0, 16, 0, 0, 0, 16, 0, 0, 0, 16, 0, 0, 0, 16, 0, 0, 0, 16, 0, 0, 0, 16, 0, 0, 0, 16, 0, 0, 0, 16, 0, 0, 0, 16, 0, 0, 0, 16, 0, 0, 0, 16, 0, 0, 0, 16, 0, 0, 0, 16, 0, 0, 0, 16, 0, 0, 0, 16, 0, 0, 0, 16, 0, 0, 0, 16, 0, 0, 0, 16, 0, 0, 0, 16, 0, 0, 0, 16, 0, 0, 0, 16, 0, 0, 0, 16, 0, 0, 0, 16, 0, 0, 0, 16, 0, 0, 0, 16, 0, 0, 0, 16, 0, 0, 0, 8, 0, 0, 0, 8, 0, 0, 0, 8, 0, 0, 0, 8, 0, 0, 0, 8, 0, 0, 0, 8, 0, 0, 0, 8, 0, 0, 0, 8, 0, 0, 0, 8, 0, 0, 0, 8, 0, 0, 0, 8, 0, 0, 0, 8, 0, 0, 0, 8, 0, 0, 0, 8, 0, 0, 0, 8, 0, 0, 0, 8, 0, 0, 0, 8, 0, 0, 0, 8, 0, 0, 0, 8, 0, 0, 0, 8, 0, 0, 0, 8, 0, 0, 0, 8, 0, 0, 0, 8, 0, 0, 0, 8, 0, 0, 0, 8, 0, 0, 0, 8, 0, 0, 0, 8, 0, 0, 0, 8, 0, 0, 0, 8, 0, 0, 0, 8, 0, 0, 0, 8, 0, 0, 0, 8, 0, 0, 0, 20, 0, 0, 0, 20, 0, 0, 0, 20, 0, 0, 0, 20, 0, 0, 0, 20, 0, 0, 0, 20, 0, 0, 0, 20, 0, 0, 0, 20, 0, 0, 0, 20, 0, 0, 0, 20, 0, 0, 0, 20, 19, 0, 0, 20, 0, 0, 0, 20, 19, 0, 0, 20, 0, 0, 0, 20, 19, 0, 0, 20, 0, 0, 0, 20, 19, 0, 0, 20, 0, 0, 0, 20, 19, 0, 0, 20, 0, 0, 0, 20, 19, 0, 0, 20, 0, 0, 0, 20, 19, 0, 0, 20, 0, 0, 0, 20, 19, 0, 0, 20, 0, 0, 0, 20, 0, 0, 0, 20, 0, 0, 0, 20, 0, 0, 0, 20, 0, 0, 0, 20, 0, 0, 0, 20, 0, 0, 0, 16, 0, 0, 0, 16, 0, 0, 0, 16, 0, 0, 0, 16, 0, 0, 0, 16, 0, 0, 0, 16, 0, 0, 0, 16, 0, 0, 0, 16, 0, 0, 0, 16, 0, 0, 0, 16, 0, 0, 0, 16, 0, 0, 0, 16, 0, 0, 0, 16, 0, 0, 0, 16, 0, 0, 0, 16, 0, 0, 0, 16, 0, 0, 0, 16, 0, 0, 0, 16, 0, 0, 0, 16, 0, 0, 0, 16, 0, 0, 0, 16, 0, 0, 0, 16, 0, 0, 0, 16, 0, 0, 0, 16, 0, 0, 0, 16, 0, 0, 0, 16, 0, 0, 0, 16, 0, 0, 0, 16, 0, 0, 0, 16, 0, 0, 0, 16, 0, 0, 0, 16, 0, 0, 0, 16, 0, 0, 0, 8, 0, 0, 0, 8, 0, 0, 0, 8, 0, 0, 0, 8, 0, 0, 0, 8, 0, 0, 0, 8, 0, 0, 0, 8, 0, 0, 0, 8, 0, 0, 0, 8, 0, 0, 0, 8, 0, 0, 0, 8, 0, 0, 0, 8, 0, 0, 0, 8, 0, 0, 0, 8, 0, 0, 0, 8, 0, 0, 0, 8, 0, 0, 0, 8, 0, 0, 0, 8, 0, 0, 0, 8, 0, 0, 0, 8, 0, 0, 0, 8, 0, 0, 0, 8, 0, 0, 0, 8, 0, 0, 0, 8, 0, 0, 0, 8, 0, 0, 0, 8, 0, 0, 0, 8, 0, 0, 0, 8, 0, 0, 0, 8, 0, 0, 0, 8, 0, 0, 0, 8, 0, 0, 0, 8, 0, 0, 0, 20, 0, 0, 0, 20, 0, 0, 0, 20, 0, 0, 0, 20, 0, 0, 0, 20, 0, 0, 0, 20, 0, 0, 0, 20, 0, 0, 0, 20, 0, 0, 0, 20, 0, 0, 0, 20, 0, 0, 0, 20, 0, 0, 0, 20, 0, 0, 0, 20, 0, 0, 0, 20, 0, 0, 0, 20, 0, 0, 0, 20, 0, 0, 0, 20, 0, 0, 0, 20, 0, 0, 0, 20, 0, 0, 0, 20, 0, 0, 0, 20, 0, 0, 0, 20, 0, 0, 0, 20, 0, 0, 0, 20, 0, 0, 0, 20, 0, 0, 0, 20, 0, 0, 0, 20, 0, 0, 0, 20, 0, 0, 0, 20, 0, 0, 0, 20, 0, 0, 0, 20, 0, 0, 0, 20, 0, 0, 0, 16, 0, 0, 0, 16, 0, 0, 0, 16, 0, 0, 0, 16, 0, 0, 0, 16, 0, 0, 0, 16, 0, 0, 0, 16, 0, 0, 0, 16, 0, 0, 0, 16, 0, 0, 0, 16, 0, 0, 0, 16, 0, 0, 0, 16, 0, 0, 0, 16, 0, 0, 0, 16, 0, 0, 0, 16, 0, 0, 0, 16, 0, 0, 0, 16, 0, 0, 0, 16, 0, 0, 0, 16, 0, 0, 0, 16, 0, 0, 0, 16, 0, 0, 0, 16, 0, 0, 0, 16, 0, 0, 0, 16, 0, 0, 0, 16, 0, 0, 0, 16, 0, 0, 0, 16, 0, 0, 0, 16, 0, 0, 0, 16, 0, 0, 0, 16, 0, 0, 0, 16, 0, 0, 0, 16, 0, 0, 0, 8, 0, 0, 0, 8, 0, 0, 0, 8, 0, 0, 0, 8, 0, 0, 0, 8, 0, 0, 0, 8, 0, 0, 0, 8, 0, 0, 0, 8, 0, 0, 0, 8, 0, 0, 0, 8, 0, 0, 0, 8, 0, 0, 0, 8, 0, 0, 0, 8, 0, 0, 0, 8, 0, 0, 0, 8, 0, 0, 0, 8, 0, 0, 0, 8, 0, 0, 0, 8, 0, 0, 0, 8, 0, 0, 0, 8, 0, 0, 0, 8, 0, 0, 0, 8, 0, 0, 0, 8, 0, 0, 0, 8, 0, 0, 0, 8, 0, 0, 0, 8, 0, 0, 0, 8, 0, 0, 0, 8, 0, 0, 0, 8, 0, 0, 0, 8, 0, 0, 0, 8, 0, 0, 0, 8, 0, 0, 0, 20, 0, 0, 0, 20, 0, 0, 0, 20, 0, 0, 0, 20, 0, 0, 0, 20, 0, 0, 0, 20, 0, 0, 0, 20, 0, 0, 0, 20, 0, 0, 0, 20, 0, 0, 0, 20, 0, 0, 0, 20, 0, 0, 0, 20, 0, 0, 0, 20, 0, 0, 0, 20, 0, 0, 0, 20, 0, 0, 0, 20, 0, 0, 0, 20, 19, 0, 0, 20, 19, 0, 0, 20, 19, 0, 0, 20, 19, 0, 0, 20, 19, 0, 0, 20, 19, 0, 0, 20, 19, 0, 0, 20, 19, 0, 0, 20, 19, 0, 0, 20, 19, 0, 0, 20, 19, 0, 0, 20, 19, 0, 0, 20, 19, 0, 0, 20, 19, 0, 0, 20, 19, 0, 0, 20, 19, 0, 0, 16, 0, 0, 0, 16, 0, 0, 0, 16, 0, 0, 0, 16, 0, 0, 0, 16, 0, 0, 0, 16, 0, 0, 0, 16, 0, 0, 0, 16, 0, 0, 0, 16, 0, 0, 0, 16, 0, 0, 0, 16, 0, 0, 0, 16, 0, 0, 0, 16, 0, 0, 0, 16, 0, 0, 0, 16, 0, 0, 0, 16, 0, 0, 0, 16, 0, 0, 0, 16, 0, 0, 0, 16, 0, 0, 0, 16, 0, 0, 0, 16, 0, 0, 0, 16, 0, 0, 0, 16, 0, 0, 0, 16, 0, 0, 0, 16, 0, 0, 0, 16, 0, 0, 0, 16, 0, 0, 0, 16, 0, 0, 0, 16, 0, 0, 0, 16, 0, 0, 0, 16, 0, 0, 0, 16, 0, 0, 0, 8, 0, 0, 0, 8, 0, 0, 0, 8, 0, 0, 0, 8, 0, 0, 0, 8, 0, 0, 0, 8, 0, 0, 0, 8, 0, 0, 0, 8, 0, 0, 0, 8, 0, 0, 0, 8, 0, 0, 0, 8, 0, 0, 0, 8, 0, 0, 0, 8, 0, 0, 0, 8, 0, 0, 0, 8, 0, 0, 0, 8, 0, 0, 0, 8, 0, 0, 0, 8, 0, 0, 0, 8, 0, 0, 0, 8, 0, 0, 0, 8, 0, 0, 0, 8, 0, 0, 0, 8, 0, 0, 0, 8, 0, 0, 0, 8, 0, 0, 0, 8, 0, 0, 0, 8, 0, 0, 0, 8, 0, 0, 0, 8, 0, 0, 0, 8, 0, 0, 0, 8, 0, 0, 0, 8, 0, 0, 0, 20, 0, 0, 0, 20, 0, 0, 0, 20, 0, 0, 0, 20, 0, 0, 0, 20, 0, 0, 0, 20, 0, 0, 0, 20, 0, 0, 0, 20, 0, 0, 0, 20, 0, 0, 0, 20, 0, 0, 0, 20, 0, 0, 0, 20, 0, 0, 0, 20, 0, 0, 0, 20, 0, 0, 0, 20, 0, 0, 0, 20, 0, 0, 0, 20, 0, 0, 0, 20, 0, 0, 0, 20, 0, 0, 0, 20, 0, 0, 0, 20, 0, 0, 0, 20, 0, 0, 0, 20, 0, 0, 0, 20, 0, 0, 0, 20, 0, 0, 0, 20, 0, 0, 0, 20, 0, 0, 0, 20, 0, 0, 0, 20, 0, 0, 0, 20, 0, 0, 0, 20, 0, 0, 0, 20, 0, 0, 0, 12, 0, 0, 0, 12, 11, 0, 0, 12, 11, 0, 0, 12, 0, 0, 0, 12, 11, 0, 0, 12, 0, 0, 0, 12, 11, 0, 0, 12, 0, 0, 0, 12, 11, 0, 0, 12, 0, 0, 0, 12, 11, 0, 0, 12, 0, 0, 0, 12, 11, 0, 0, 12, 0, 0, 0, 12, 11, 0, 0, 12, 0, 0, 0, 12, 11, 0, 0, 12, 0, 0, 0, 12, 11, 0, 0, 12, 0, 0, 0, 12, 11, 0, 0, 12, 0, 0, 0, 12, 11, 0, 0, 12, 0, 0, 0, 12, 11, 0, 0, 12, 0, 0, 0, 12, 11, 0, 0, 12, 0, 0, 0, 12, 11, 0, 0, 12, 0, 0, 0, 12, 11, 0, 0, 12, 0, 0, 0, 12, 0, 0, 0, 12, 0, 0, 0, 12, 0, 0, 0, 12, 0, 0, 0, 12, 0, 0, 0, 12, 0, 0, 0, 12, 0, 0, 0, 12, 0, 0, 0, 12, 0, 0, 0, 12, 0, 0, 0, 12, 0, 0, 0, 12, 0, 0, 0, 12, 0, 0, 0, 12, 0, 0, 0, 12, 0, 0, 0, 12, 0, 0, 0, 12, 0, 0, 0, 12, 0, 0, 0, 12, 0, 0, 0, 12, 0, 0, 0, 12, 0, 0, 0, 12, 0, 0, 0, 12, 0, 0, 0, 12, 0, 0, 0, 12, 0, 0, 0, 12, 0, 0, 0, 12, 0, 0, 0, 12, 0, 0, 0, 12, 0, 0, 0, 12, 0, 0, 0, 12, 0, 0, 0, 12, 0, 0, 0, 12, 0, 0, 0, 12, 0, 0, 0, 12, 0, 0, 0, 12, 0, 0, 0, 12, 0, 0, 0, 12, 0, 0, 0, 12, 0, 0, 0, 12, 0, 0, 0, 12, 0, 0, 0, 12, 0, 0, 0, 12, 0, 0, 0, 12, 0, 0, 0, 12, 0, 0, 0, 12, 0, 0, 0, 12, 0, 0, 0, 12, 0, 0, 0, 12, 0, 0, 0, 12, 0, 0, 0, 12, 0, 0, 0, 12, 0, 0, 0, 12, 0, 0, 0, 12, 0, 0, 0, 12, 0, 0, 0, 12, 0, 0, 0, 12, 0, 0, 0, 12, 0, 0, 0, 12, 0, 0, 0, 12, 0, 0, 0, 12, 0, 0, 0, 12, 0, 0, 0, 12, 0, 0, 0, 12, 0, 0, 0, 12, 11, 0, 0, 12, 11, 0, 0, 12, 11, 0, 0, 12, 11, 0, 0, 12, 11, 0, 0, 12, 11, 0, 0, 12, 11, 0, 0, 12, 11, 0, 0, 12, 11, 0, 0, 12, 11, 0, 0, 12, 11, 0, 0, 12, 11, 0, 0, 12, 11, 0, 0, 12, 11, 0, 0, 12, 11, 0, 0, 12, 11, 0, 0, 12, 0, 0, 0, 12, 0, 0, 0, 12, 0, 0, 0, 12, 0, 0, 0, 12, 0, 0, 0, 12, 0, 0, 0, 12, 0, 0, 0, 12, 0, 0, 0, 12, 0, 0, 0, 12, 0, 0, 0, 12, 0, 0, 0, 12, 0, 0, 0, 12, 0, 0, 0, 12, 0, 0, 0, 12, 0, 0, 0, 12, 0, 0, 0, 3, 0, 0, 0, 3, 0, 0, 0, 3, 0, 0, 0, 3, 0, 0, 0, 3, 0, 0, 0, 3, 0, 0, 0, 3, 0, 0, 0, 3, 0, 0, 0, 3, 0, 0, 0, 3, 0, 0, 0, 3, 0, 0, 0, 3, 0, 0, 0, 3, 0, 0, 0, 3, 0, 0, 0, 3, 0, 0, 0, 3, 0, 0, 0, 3, 0, 0, 0, 3, 0, 0, 0, 3, 0, 0, 0, 3, 0, 0, 0, 3, 0, 0, 0, 3, 0, 0, 0, 3, 0, 0, 0, 3, 0, 0, 0, 3, 0, 0, 0, 3, 0, 0, 0, 3, 0, 0, 0, 3, 0, 0, 0, 3, 0, 0, 0, 3, 0, 0, 0, 3, 0, 0, 0, 3, 0, 0, 0, 3, 0, 0, 0, 3, 0, 0, 0, 3, 0, 0, 0, 3, 0, 0, 0, 3, 0, 0, 0, 3, 0, 0, 0, 3, 0, 0, 0, 3, 0, 0, 0, 3, 0, 0, 0, 3, 0, 0, 0, 3, 0, 0, 0, 3, 0, 0, 0, 3, 0, 0, 0, 3, 0, 0, 0, 3, 0, 0, 0, 3, 0, 0, 0, 3, 0, 0, 0, 3, 0, 0, 0, 3, 0, 0, 0, 3, 0, 0, 0, 3, 0, 0, 0, 3, 0, 0, 0, 3, 0, 0, 0, 3, 0, 0, 0, 3, 0, 0, 0, 3, 0, 0, 0, 3, 0, 0, 0, 3, 0, 0, 0, 3, 0, 0, 0, 3, 0, 0, 0, 3, 0, 0, 0, 3, 0, 0, 0, 3, 0, 0, 0, 3, 0, 0, 0, 3, 0, 0, 0, 3, 0, 0, 0, 3, 0, 0, 0, 3, 0, 0, 0, 3, 0, 0, 0, 3, 0, 0, 0, 3, 0, 0, 0, 3, 0, 0, 0, 3, 0, 0, 0, 3, 0, 0, 0, 3, 0, 0, 0, 3, 0, 0, 0, 3, 0, 0, 0, 3, 0, 0, 0, 3, 0, 0, 0, 3, 0, 0, 0, 3, 0, 0, 0, 3, 0, 0, 0, 3, 0, 0, 0, 3, 0, 0, 0, 3, 0, 0, 0, 3, 0, 0, 0, 3, 0, 0, 0, 3, 0, 0, 0, 3, 0, 0, 0, 3, 0, 0, 0, 3, 0, 0, 0, 3, 0, 0, 0, 3, 0, 0, 0, 3, 0, 0, 0, 3, 0, 0, 0, 3, 0, 0, 0, 3, 0, 0, 0, 3, 0, 0, 0, 3, 0, 0, 0, 3, 0, 0, 0, 3, 0, 0, 0, 3, 0, 0, 0, 3, 0, 0, 0, 3, 0, 0, 0, 3, 0, 0, 0, 3, 0, 0, 0, 3, 0, 0, 0, 3, 0, 0, 0, 3, 0, 0, 0, 3, 0, 0, 0, 3, 0, 0, 0, 3, 0, 0, 0, 3, 0, 0, 0, 3, 0, 0, 0, 3, 0, 0, 0, 3, 0, 0, 0, 3, 0, 0, 0, 3, 0, 0, 0, 3, 0, 0, 0, 3, 0, 0, 0, 3, 0, 0, 0, 3, 0, 0, 0, 3, 0, 0, 0, 3, 0, 0, 0, 3, 0, 0, 0, 3, 0, 0, 0, 3, 0, 0, 0, 3, 0, 0, 0, 3, 0, 0, 0, 3, 0, 0, 0, 3, 0, 0, 0, 3, 0, 0, 0, 3, 0, 0, 0, 3, 0, 0, 0, 3, 0, 0, 0, 3, 0, 0, 0, 3, 0, 0, 0, 3, 0, 0, 0, 3, 0, 0, 0, 3, 0, 0, 0, 3, 0, 0, 0, 3, 0, 0, 0, 3, 0, 0, 0, 3, 0, 0, 0, 3, 0, 0, 0, 3, 0, 0, 0, 3, 0, 0, 0, 3, 0, 0, 0, 3, 0, 0, 0, 3, 0, 0, 0, 3, 0, 0, 0, 3, 0, 0, 0, 3, 0, 0, 0, 3, 0, 0, 0, 3, 0, 0, 0, 3, 0, 0, 0, 3, 0, 0, 0, 3, 0, 0, 0, 3, 0, 0, 0, 3, 0, 0, 0, 3, 0, 0, 0, 3, 0, 0, 0, 3, 0, 0, 0, 3, 0, 0, 0, 3, 0, 0, 0, 3, 0, 0, 0, 3, 0, 0, 0, 3, 0, 0, 0, 3, 0, 0, 0, 3, 0, 0, 0, 3, 0, 0, 0, 3, 0, 0, 0, 3, 0, 0, 0, 3, 0, 0, 0, 3, 0, 0, 0, 3, 0, 0, 0, 3, 0, 0, 0, 3, 0, 0, 0, 3, 0, 0, 0, 3, 0, 0, 0, 3, 0, 0, 0, 3, 0, 0, 0, 3, 0, 0, 0, 3, 0, 0, 0, 3, 0, 0, 0, 3, 0, 0, 0, 3, 0, 0, 0, 3, 0, 0, 0, 3, 0, 0, 0, 3, 0, 0, 0, 3, 0, 0, 0, 3, 0, 0, 0, 3, 0, 0, 0, 3, 0, 0, 0, 3, 0, 0, 0, 3, 0, 0, 0, 3, 0, 0, 0, 3, 0, 0, 0, 3, 0, 0, 0, 3, 0, 0, 0, 3, 0, 0, 0, 3, 0, 0, 0, 3, 0, 0, 0, 3, 0, 0, 0, 3, 0, 0, 0, 3, 0, 0, 0, 3, 0, 0, 0, 3, 0, 0, 0, 3, 0, 0, 0, 3, 0, 0, 0, 3, 0, 0, 0, 3, 0, 0, 0, 3, 0, 0, 0, 3, 0, 0, 0, 3, 0, 0, 0, 3, 0, 0, 0, 3, 0, 0, 0, 3, 0, 0, 0, 3, 0, 0, 0, 3, 0, 0, 0, 3, 0, 0, 0, 3, 0, 0, 0, 3, 0, 0, 0, 3, 0, 0, 0, 3, 0, 0, 0, 3, 0, 0, 0, 3, 0, 0, 0, 3, 0, 0, 0, 3, 0, 0, 0, 3, 0, 0, 0, 3, 0, 0, 0, 3, 0, 0, 0, 3, 0, 0, 0, 3, 0, 0, 0, 3, 0, 0, 0, 3, 0, 0, 0, 3, 0, 0, 0, 3, 0, 0, 0, 3, 0, 0, 0, 3, 0, 0, 0, 3, 0, 0, 0, 3, 0, 0, 0, 3, 0, 0, 0, 3, 0, 0, 0, 3, 0, 0, 0, 3, 0, 0, 0, 3, 0, 0, 0, 3, 0, 0, 0, 3, 0, 0, 0, 3, 0, 0, 0, 3, 0, 0, 0, 3, 0, 0, 0, 3, 0, 0, 0, 3, 0, 0, 0, 3, 0, 0, 0, 3, 0, 0, 0, 3, 0, 0, 0, 3, 0, 0, 0, 3, 0, 0, 0, 3, 0, 0, 0, 3, 0, 0, 0, 3, 0, 0, 0, 3, 0, 0, 0, 3, 0, 0, 0, 3, 0, 0, 0, 3, 0, 0, 0, 3, 0, 0, 0, 3, 0, 0, 0, 3, 0, 0, 0, 3, 0, 0, 0, 3, 0, 0, 0, 3, 0, 0, 0, 3, 0, 0, 0, 3, 0, 0, 0, 3, 0, 0, 0, 3, 0, 0, 0, 3, 0, 0, 0, 3, 0, 0, 0, 3, 0, 0, 0, 3, 0, 0, 0, 3, 0, 0, 0, 3, 0, 0, 0, 3, 0, 0, 0, 3, 0, 0, 0, 3, 0, 0, 0, 3, 0, 0, 0, 3, 0, 0, 0, 3, 0, 0, 0, 3, 0, 0, 0, 3, 0, 0, 0, 3, 0, 0, 0, 3, 0, 0, 0, 3, 0, 0, 0, 3, 0, 0, 0, 3, 0, 0, 0, 3, 0, 0, 0, 3, 0, 0, 0, 3, 0, 0, 0, 3, 0, 0, 0, 3, 0, 0, 0, 3, 0, 0, 0, 3, 0, 0, 0, 3, 0, 0, 0, 3, 0, 0, 0, 3, 0, 0, 0, 3, 0, 0, 0, 3, 0, 0, 0, 3, 0, 0, 0, 3, 0, 0, 0, 3, 0, 0, 0, 3, 0, 0, 0, 3, 0, 0, 0, 3, 0, 0, 0, 3, 0, 0, 0, 3, 0, 0, 0, 3, 0, 0, 0, 3, 0, 0, 0, 3, 0, 0, 0, 3, 0, 0, 0, 3, 0, 0, 0, 3, 0, 0, 0, 3, 0, 0, 0, 3, 0, 0, 0, 3, 0, 0, 0, 3, 0, 0, 0, 3, 0, 0, 0, 3, 0, 0, 0, 3, 0, 0, 0, 3, 0, 0, 0, 3, 0, 0, 0, 3, 0, 0, 0, 3, 0, 0, 0, 3, 0, 0, 0, 3, 0, 0, 0, 3, 0, 0, 0, 3, 0, 0, 0, 3, 0, 0, 0, 3, 0, 0, 0, 3, 0, 0, 0, 3, 0, 0, 0, 3, 0, 0, 0, 3, 0, 0, 0, 3, 0, 0, 0, 3, 0, 0, 0, 3, 0, 0, 0, 3, 0, 0, 0, 2, 0, 0, 0, 2, 0, 0, 0, 2, 0, 0, 0, 2, 0, 0, 0, 2, 0, 0, 0, 2, 0, 0, 0, 2, 0, 0, 0, 2, 0, 0, 0, 2, 0, 0, 0, 2, 0, 0, 0, 2, 0, 0, 0, 2, 0, 0, 0, 2, 0, 0, 0, 2, 0, 0, 0, 2, 0, 0, 0, 2, 0, 0, 0, 2, 0, 0, 0, 2, 0, 0, 0, 2, 0, 0, 0, 2, 0, 0, 0, 2, 0, 0, 0, 2, 0, 0, 0, 2, 0, 0, 0, 2, 0, 0, 0, 2, 0, 0, 0, 2, 0, 0, 0, 2, 0, 0, 0, 2, 0, 0, 0, 2, 0, 0, 0, 2, 0, 0, 0, 2, 0, 0, 0, 2, 0, 0, 0, 2, 0, 0, 0, 2, 0, 0, 0, 2, 0, 0, 0, 2, 0, 0, 0, 2, 0, 0, 0, 2, 0, 0, 0, 2, 0, 0, 0, 2, 0, 0, 0, 2, 0, 0, 0, 2, 0, 0, 0, 2, 0, 0, 0, 2, 0, 0, 0, 2, 0, 0, 0, 2, 0, 0, 0, 2, 0, 0, 0, 2, 0, 0, 0, 2, 0, 0, 0, 2, 0, 0, 0, 2, 0, 0, 0, 2, 0, 0, 0, 2, 0, 0, 0, 2, 0, 0, 0, 2, 0, 0, 0, 2, 0, 0, 0, 2, 0, 0, 0, 2, 0, 0, 0, 2, 0, 0, 0, 2, 0, 0, 0, 2, 0, 0, 0, 2, 0, 0, 0, 2, 0, 0, 0, 2, 0, 0, 0, 2, 0, 0, 0, 2, 0, 0, 0, 2, 0, 0, 0, 2, 0, 0, 0, 2, 0, 0, 0, 2, 0, 0, 0, 2, 0, 0, 0, 2, 0, 0, 0, 2, 0, 0, 0, 2, 0, 0, 0, 2, 0, 0, 0, 2, 0, 0, 0, 2, 0, 0, 0, 2, 0, 0, 0, 2, 0, 0, 0, 2, 0, 0, 0, 2, 0, 0, 0, 2, 0, 0, 0, 2, 0, 0, 0, 2, 0, 0, 0, 2, 0, 0, 0, 2, 0, 0, 0, 2, 0, 0, 0, 2, 0, 0, 0, 2, 0, 0, 0, 2, 0, 0, 0, 2, 0, 0, 0, 2, 0, 0, 0, 2, 0, 0, 0, 2, 0, 0, 0, 2, 0, 0, 0, 2, 0, 0, 0, 2, 0, 0, 0, 2, 0, 0, 0, 2, 0, 0, 0, 2, 0, 0, 0, 2, 0, 0, 0, 2, 0, 0, 0, 2, 0, 0, 0, 2, 0, 0, 0, 2, 0, 0, 0, 2, 0, 0, 0, 2, 0, 0, 0, 2, 0, 0, 0, 2, 0, 0, 0, 2, 0, 0, 0, 2, 0, 0, 0, 2, 0, 0, 0, 2, 0, 0, 0, 2, 0, 0, 0, 2, 0, 0, 0, 2, 0, 0, 0, 2, 0, 0, 0, 2, 0, 0, 0, 2, 0, 0, 0, 2, 0, 0, 0, 2, 0, 0, 0, 2, 0, 0, 0, 2, 0, 0, 0, 2, 0, 0, 0, 2, 0, 0, 0, 2, 0, 0, 0, 2, 0, 0, 0, 2, 0, 0, 0, 2, 0, 0, 0, 2, 0, 0, 0, 2, 0, 0, 0, 2, 0, 0, 0, 2, 0, 0, 0, 2, 0, 0, 0, 2, 0, 0, 0, 2, 0, 0, 0, 2, 0, 0, 0, 2, 0, 0, 0, 2, 0, 0, 0, 2, 0, 0, 0, 2, 0, 0, 0, 2, 0, 0, 0, 2, 0, 0, 0, 2, 0, 0, 0, 2, 0, 0, 0, 2, 0, 0, 0, 2, 0, 0, 0, 2, 0, 0, 0, 2, 0, 0, 0, 2, 0, 0, 0, 2, 0, 0, 0, 2, 0, 0, 0, 2, 0, 0, 0, 2, 0, 0, 0, 2, 0, 0, 0, 2, 0, 0, 0, 2, 0, 0, 0, 2, 0, 0, 0, 2, 0, 0, 0, 2, 0, 0, 0, 2, 0, 0, 0, 2, 0, 0, 0, 2, 0, 0, 0, 2, 0, 0, 0, 2, 0, 0, 0, 2, 0, 0, 0, 2, 0, 0, 0, 2, 0, 0, 0, 2, 0, 0, 0, 2, 0, 0, 0, 2, 0, 0, 0, 2, 0, 0, 0, 2, 0, 0, 0, 2, 0, 0, 0, 2, 0, 0, 0, 2, 0, 0, 0, 2, 0, 0, 0, 2, 0, 0, 0, 2, 0, 0, 0, 2, 0, 0, 0, 2, 0, 0, 0, 2, 0, 0, 0, 2, 0, 0, 0, 2, 0, 0, 0, 2, 0, 0, 0, 2, 0, 0, 0, 2, 0, 0, 0, 2, 0, 0, 0, 2, 0, 0, 0, 2, 0, 0, 0, 2, 0, 0, 0, 2, 0, 0, 0, 2, 0, 0, 0, 2, 0, 0, 0, 2, 0, 0, 0, 2, 0, 0, 0, 2, 0, 0, 0, 2, 0, 0, 0, 2, 0, 0, 0, 2, 0, 0, 0, 2, 0, 0, 0, 2, 0, 0, 0, 2, 0, 0, 0, 2, 0, 0, 0, 2, 0, 0, 0, 2, 0, 0, 0, 2, 0, 0, 0, 2, 0, 0, 0, 2, 0, 0, 0, 2, 0, 0, 0, 2, 0, 0, 0, 2, 0, 0, 0, 2, 0, 0, 0, 2, 0, 0, 0, 2, 0, 0, 0, 2, 0, 0, 0, 2, 0, 0, 0, 2, 0, 0, 0, 2, 0, 0, 0, 2, 0, 0, 0, 2, 0, 0, 0, 2, 0, 0, 0, 2, 0, 0, 0, 2, 0, 0, 0, 2, 0, 0, 0, 2, 0, 0, 0, 2, 0, 0, 0, 2, 0, 0, 0, 2, 0, 0, 0, 2, 0, 0, 0, 2, 0, 0, 0, 2, 0, 0, 0, 2, 0, 0, 0, 2, 0, 0, 0, 2, 0, 0, 0, 2, 0, 0, 0, 2, 0, 0, 0, 2, 0, 0, 0, 2, 0, 0, 0, 2, 0, 0, 0, 2, 0, 0, 0, 2, 0, 0, 0, 2, 0, 0, 0, 2, 0, 0, 0, 2, 0, 0, 0, 2, 0, 0, 0, 2, 0, 0, 0, 2, 0, 0, 0, 2, 0, 0, 0, 2, 0, 0, 0, 2, 0, 0, 0, 2, 0, 0, 0, 2, 0, 0, 0, 2, 0, 0, 0, 2, 0, 0, 0, 2, 0, 0, 0, 2, 0, 0, 0, 2, 0, 0, 0, 2, 0, 0, 0, 2, 0, 0, 0, 2, 0, 0, 0, 2, 0, 0, 0, 2, 0, 0, 0, 2, 0, 0, 0, 2, 0, 0, 0, 2, 0, 0, 0, 2, 0, 0, 0, 2, 0, 0, 0, 2, 0, 0, 0, 2, 0, 0, 0, 2, 0, 0, 0, 2, 0, 0, 0, 2, 0, 0, 0, 2, 0, 0, 0, 2, 0, 0, 0, 2, 0, 0, 0, 2, 0, 0, 0, 2, 0, 0, 0, 2, 0, 0, 0, 2, 0, 0, 0, 2, 0, 0, 0, 2, 0, 0, 0, 2, 0, 0, 0, 2, 0, 0, 0, 2, 0, 0, 0, 2, 0, 0, 0, 2, 0, 0, 0, 2, 0, 0, 0, 2, 0, 0, 0, 2, 0, 0, 0, 2, 0, 0, 0, 2, 0, 0, 0, 2, 0, 0, 0, 2, 0, 0, 0, 2, 0, 0, 0, 2, 0, 0, 0, 2, 0, 0, 0, 2, 0, 0, 0, 2, 0, 0, 0, 52, 0, 0, 0, 52, 0, 0, 0, 52, 0, 0, 0, 52, 0, 0, 0, 52, 0, 0, 0, 52, 0, 0, 0, 52, 0, 0, 0, 52, 0, 0, 0, 52, 0, 0, 0, 52, 0, 0, 0, 52, 0, 0, 0, 52, 0, 0, 0, 52, 0, 0, 0, 52, 0, 0, 0, 52, 0, 0, 0, 52, 0, 0, 0, 52, 0, 0, 0, 52, 0, 0, 0, 52, 0, 0, 0, 52, 0, 0, 0, 52, 0, 0, 0, 52, 0, 0, 0, 52, 0, 0, 0, 52, 0, 0, 0, 52, 0, 0, 0, 52, 0, 0, 0, 52, 0, 0, 0, 52, 0, 0, 0, 52, 0, 0, 0, 52, 0, 0, 0, 52, 0, 0, 0, 52, 0, 0, 0, 52, 0, 0, 0, 52, 0, 0, 0, 52, 0, 0, 0, 52, 0, 0, 0, 52, 0, 0, 0, 52, 0, 0, 0, 52, 0, 0, 0, 52, 0, 0, 0, 52, 0, 0, 0, 52, 0, 0, 0, 52, 0, 0, 0, 52, 0, 0, 0, 52, 0, 0, 0, 52, 0, 0, 0, 52, 0, 0, 0, 52, 0, 0, 0, 52, 0, 0, 0, 22, 0, 0, 0, 22, 0, 0, 0, 22, 0, 0, 0, 22, 0, 0, 0, 22, 0, 0, 0, 22, 0, 0, 0, 22, 0, 0, 0, 22, 0, 0, 0, 22, 0, 0, 0, 22, 0, 0, 0, 22, 0, 0, 0, 22, 0, 0, 0, 22, 0, 0, 0, 22, 0, 0, 0, 22, 0, 0, 0, 22, 0, 0, 0, 22, 0, 0, 0, 22, 0, 0, 0, 22, 0, 0, 0, 22, 0, 0, 0, 22, 0, 0, 0, 22, 0, 0, 0, 22, 0, 0, 0, 22, 0, 0, 0, 22, 0, 0, 0, 22, 0, 0, 0, 22, 0, 0, 0, 22, 0, 0, 0, 22, 0, 0, 0, 22, 0, 0, 0, 22, 0, 0, 0, 22, 0, 0, 0, 22, 0, 0, 0, 22, 0, 0, 0, 22, 0, 0, 0, 22, 0, 0, 0, 22, 0, 0, 0, 22, 0, 0, 0, 22, 0, 0, 0, 22, 0, 0, 0, 22, 0, 0, 0, 22, 0, 0, 0, 22, 0, 0, 0, 22, 0, 0, 0, 22, 0, 0, 0, 22, 0, 0, 0, 22, 0, 0, 0, 22, 0, 0, 0, 22, 0, 0, 0, 32, 0, 0, 0, 32, 0, 0, 0, 32, 0, 0, 0, 32, 0, 0, 0, 32, 0, 0, 0, 32, 0, 0, 0, 32, 0, 0, 0, 32, 0, 0, 0, 32, 0, 0, 0, 32, 0, 0, 0, 32, 0, 0, 0, 32, 0, 0, 0, 32, 0, 0, 0, 32, 0, 0, 0, 32, 0, 0, 0, 32, 0, 0, 0, 32, 0, 0, 0, 32, 0, 0, 0, 32, 0, 0, 0, 32, 0, 0, 0, 32, 0, 0, 0, 32, 0, 0, 0, 32, 0, 0, 0, 32, 0, 0, 0, 32, 0, 0, 0, 32, 0, 0, 0, 32, 0, 0, 0, 32, 0, 0, 0, 32, 0, 0, 0, 32, 0, 0, 0, 32, 0, 0, 0, 32, 0, 0, 0, 32, 0, 0, 0, 32, 0, 0, 0, 32, 0, 0, 0, 32, 0, 0, 0, 32, 0, 0, 0, 32, 0, 0, 0, 32, 0, 0, 0, 32, 0, 0, 0, 32, 0, 0, 0, 32, 0, 0, 0, 32, 0, 0, 0, 32, 0, 0, 0, 32, 0, 0, 0, 32, 0, 0, 0, 32, 0, 0, 0, 32, 0, 0, 0, 32, 0, 0, 0, 32, 0, 0, 0, 32, 0, 0, 0, 32, 0, 0, 0, 32, 0, 0, 0, 32, 0, 0, 0, 32, 0, 0, 0, 32, 0, 0, 0, 32, 0, 0, 0, 32, 0, 0, 0, 32, 0, 0, 0, 32, 0, 0, 0, 32, 0, 0, 0, 32, 0, 0, 0, 32, 0, 0, 0, 32, 0, 0, 0, 32, 0, 0, 0, 32, 0, 0, 0, 32, 0, 0, 0, 32, 0, 0, 0, 32, 0, 0, 0, 32, 0, 0, 0, 32, 0, 0, 0, 32, 0, 0, 0, 32, 0, 0, 0, 32, 0, 0, 0, 32, 0, 0, 0, 32, 0, 0, 0, 32, 0, 0, 0, 32, 0, 0, 0, 32, 0, 0, 0, 32, 0, 0, 0, 32, 0, 0, 0, 32, 0, 0, 0, 32, 0, 0, 0, 32, 0, 0, 0, 32, 0, 0, 0, 32, 0, 0, 0, 32, 0, 0, 0, 32, 0, 0, 0, 32, 0, 0, 0, 32, 0, 0, 0, 32, 0, 0, 0, 32, 0, 0, 0, 32, 0, 0, 0, 32, 0, 0, 0, 32, 0, 0, 0, 32, 0, 0, 0, 32, 0, 0, 0, 32, 0, 0, 0, 32, 0, 0, 0, 32, 0, 0, 0, 32, 0, 0, 0, 32, 0, 0, 0, 32, 0, 0, 0, 32, 0, 0, 0, 32, 0, 0, 0, 32, 0, 0, 0, 32, 0, 0, 0, 32, 0, 0, 0, 32, 0, 0, 0, 32, 0, 0, 0, 32, 0, 0, 0, 32, 0, 0, 0, 32, 0, 0, 0, 32, 0, 0, 0, 32, 0, 0, 0, 32, 0, 0, 0, 32, 0, 0, 0, 32, 0, 0, 0, 32, 0, 0, 0, 32, 0, 0, 0, 32, 0, 0, 0, 32, 0, 0, 0, 32, 0, 0, 0, 32, 0, 0, 0, 32, 0, 0, 0, 32, 0, 0, 0, 32, 0, 0, 0, 32, 0, 0, 0, 32, 0, 0, 0, 32, 0, 0, 0, 32, 0, 0, 0, 32, 0, 0, 0, 32, 0, 0, 0, 32, 0, 0, 0, 32, 0, 0, 0, 32, 0, 0, 0, 32, 0, 0, 0, 32, 0, 0, 0, 32, 0, 0, 0, 32, 0, 0, 0, 32, 0, 0, 0, 32, 0, 0, 0, 32, 0, 0, 0, 32, 0, 0, 0, 32, 0, 0, 0, 32, 0, 0, 0, 32, 0, 0, 0, 32, 0, 0, 0, 32, 0, 0, 0, 32, 0, 0, 0, 32, 0, 0, 0, 32, 0, 0, 0, 32, 0, 0, 0, 32, 0, 0, 0, 32, 0, 0, 0, 32, 0, 0, 0, 32, 0, 0, 0, 32, 0, 0, 0, 32, 0, 0, 0, 32, 0, 0, 0, 32, 0, 0, 0, 32, 0, 0, 0, 32, 0, 0, 0, 32, 0, 0, 0, 32, 0, 0, 0, 32, 0, 0, 0, 32, 0, 0, 0, 32, 0, 0, 0, 32, 0, 0, 0, 32, 0, 0, 0, 32, 0, 0, 0, 32, 0, 0, 0, 32, 0, 0, 0, 32, 0, 0, 0, 32, 0, 0, 0, 32, 0, 0, 0, 32, 0, 0, 0, 32, 0, 0, 0, 32, 0, 0, 0, 32, 0, 0, 0, 32, 0, 0, 0, 32, 0, 0, 0, 32, 0, 0, 0, 32, 0, 0, 0, 32, 0, 0, 0, 32, 0, 0, 0, 32, 0, 0, 0, 32, 0, 0, 0, 32, 0, 0, 0, 32, 0, 0, 0, 32, 0, 0, 0, 32, 0, 0, 0, 32, 0, 0, 0, 32, 0, 0, 0, 32, 0, 0, 0, 32, 0, 0, 0, 32, 0, 0, 0, 32, 0, 0, 0, 32, 0, 0, 0, 32, 0, 0, 0, 32, 0, 0, 0, 32, 0, 0, 0, 32, 0, 0, 0, 32, 0, 0, 0, 32, 0, 0, 0, 32, 0, 0, 0, 32, 0, 0, 0, 32, 0, 0, 0, 32, 0, 0, 0, 32, 0, 0, 0, 32, 0, 0, 0, 32, 0, 0, 0, 32, 0, 0, 0, 32, 0, 0, 0, 32, 0, 0, 0, 32, 0, 0, 0, 32, 0, 0, 0, 32, 0, 0, 0, 32, 0, 0, 0, 32, 0, 0, 0, 32, 0, 0, 0, 32, 0, 0, 0, 32, 0, 0, 0, 32, 0, 0, 0, 32, 0, 0, 0, 32, 0, 0, 0, 32, 0, 0, 0, 32, 0, 0, 0, 32, 0, 0, 0, 32, 0, 0, 0, 32, 0, 0, 0, 32, 0, 0, 0, 32, 0, 0, 0, 32, 0, 0, 0, 32, 0, 0, 0, 32, 0, 0, 0, 32, 0, 0, 0, 32, 0, 0, 0, 32, 0, 0, 0, 32, 0, 0, 0, 32, 0, 0, 0, 32, 0, 0, 0, 32, 0, 0, 0, 32, 0, 0, 0, 32, 0, 0, 0, 32, 0, 0, 0, 32, 0, 0, 0, 32, 0, 0, 0, 32, 0, 0, 0, 32, 0, 0, 0, 32, 0, 0, 0, 32, 0, 0, 0, 32, 0, 0, 0, 32, 0, 0, 0, 32, 0, 0, 0, 32, 0, 0, 0, 32, 0, 0, 0, 32, 0, 0, 0, 32, 0, 0, 0, 32, 0, 0, 0, 32, 0, 0, 0, 32, 0, 0, 0, 32, 0, 0, 0, 32, 0, 0, 0, 32, 0, 0, 0, 32, 0, 0, 0, 32, 0, 0, 0, 32, 0, 0, 0, 32, 0, 0, 0, 32, 0, 0, 0, 32, 0, 0, 0, 32, 0, 0, 0, 32, 0, 0, 0, 32, 0, 0, 0, 32, 0, 0, 0, 32, 0, 0, 0, 32, 0, 0, 0, 32, 0, 0, 0, 32, 0, 0, 0, 32, 0, 0, 0, 32, 0, 0, 0, 32, 0, 0, 0, 32, 0, 0, 0, 32, 0, 0, 0, 32, 0, 0, 0, 32, 0, 0, 0, 32, 0, 0, 0, 32, 0, 0, 0, 32, 0, 0, 0, 32, 0, 0, 0, 32, 0, 0, 0, 32, 0, 0, 0, 32, 0, 0, 0, 32, 0, 0, 0, 32, 0, 0, 0, 32, 0, 0, 0, 32, 0, 0, 0, 32, 0, 0, 0, 32, 0, 0, 0, 33, 0, 0, 0, 33, 0, 0, 0, 33, 0, 0, 0, 33, 0, 0, 0, 33, 0, 0, 0, 33, 0, 0, 0, 33, 0, 0, 0, 33, 0, 0, 0, 33, 0, 0, 0, 33, 0, 0, 0, 33, 0, 0, 0, 33, 0, 0, 0, 33, 0, 0, 0, 33, 0, 0, 0, 33, 0, 0, 0, 33, 0, 0, 0, 33, 0, 0, 0, 33, 0, 0, 0, 33, 0, 0, 0, 33, 0, 0, 0, 33, 0, 0, 0, 33, 0, 0, 0, 33, 0, 0, 0, 33, 0, 0, 0, 33, 0, 0, 0, 33, 0, 0, 0, 33, 0, 0, 0, 33, 0, 0, 0, 33, 0, 0, 0, 33, 0, 0, 0, 33, 0, 0, 0, 33, 0, 0, 0, 33, 0, 0, 0, 33, 0, 0, 0, 33, 0, 0, 0, 33, 0, 0, 0, 33, 0, 0, 0, 33, 0, 0, 0, 33, 0, 0, 0, 33, 0, 0, 0, 33, 0, 0, 0, 33, 0, 0, 0, 33, 0, 0, 0, 33, 0, 0, 0, 33, 0, 0, 0, 33, 0, 0, 0, 33, 0, 0, 0, 33, 0, 0, 0, 33, 0, 0, 0, 33, 0, 0, 0, 33, 0, 0, 0, 33, 0, 0, 0, 33, 0, 0, 0, 33, 0, 0, 0, 33, 0, 0, 0, 33, 0, 0, 0, 33, 0, 0, 0, 33, 0, 0, 0, 33, 0, 0, 0, 33, 0, 0, 0, 33, 0, 0, 0, 33, 0, 0, 0, 33, 0, 0, 0, 33, 0, 0, 0, 33, 0, 0, 0, 33, 0, 0, 0, 33, 0, 0, 0, 33, 0, 0, 0, 33, 0, 0, 0, 33, 0, 0, 0, 33, 0, 0, 0, 33, 0, 0, 0, 33, 0, 0, 0, 33, 0, 0, 0, 33, 0, 0, 0, 33, 0, 0, 0, 33, 0, 0, 0, 33, 0, 0, 0, 33, 0, 0, 0, 33, 0, 0, 0, 33, 0, 0, 0, 33, 0, 0, 0, 33, 0, 0, 0, 33, 0, 0, 0, 33, 0, 0, 0, 33, 0, 0, 0, 33, 0, 0, 0, 33, 0, 0, 0, 33, 0, 0, 0, 33, 0, 0, 0, 33, 0, 0, 0, 33, 0, 0, 0, 33, 0, 0, 0, 33, 0, 0, 0, 33, 0, 0, 0, 33, 0, 0, 0, 33, 0, 0, 0, 33, 0, 0, 0, 33, 0, 0, 0, 33, 0, 0, 0, 33, 0, 0, 0, 33, 0, 0, 0, 33, 0, 0, 0, 33, 0, 0, 0, 33, 0, 0, 0, 33, 0, 0, 0, 33, 0, 0, 0, 33, 0, 0, 0, 33, 0, 0, 0, 33, 0, 0, 0, 33, 0, 0, 0, 33, 0, 0, 0, 33, 0, 0, 0, 33, 0, 0, 0, 33, 0, 0, 0, 33, 0, 0, 0, 33, 0, 0, 0, 33, 0, 0, 0, 33, 0, 0, 0, 33, 0, 0, 0, 33, 0, 0, 0, 33, 0, 0, 0, 33, 0, 0, 0, 33, 0, 0, 0, 33, 0, 0, 0, 33, 0, 0, 0, 33, 0, 0, 0, 33, 0, 0, 0, 33, 0, 0, 0, 33, 0, 0, 0, 33, 0, 0, 0, 33, 0, 0, 0, 33, 0, 0, 0, 33, 0, 0, 0, 33, 0, 0, 0, 33, 0, 0, 0, 33, 0, 0, 0, 33, 0, 0, 0, 33, 0, 0, 0, 33, 0, 0, 0, 33, 0, 0, 0, 33, 0, 0, 0, 33, 0, 0, 0, 33, 0, 0, 0, 33, 0, 0, 0, 33, 0, 0, 0, 33, 0, 0, 0, 33, 0, 0, 0, 33, 0, 0, 0, 33, 0, 0, 0, 33, 0, 0, 0, 33, 0, 0, 0, 33, 0, 0, 0, 33, 0, 0, 0, 33, 0, 0, 0, 33, 0, 0, 0, 33, 0, 0, 0, 33, 0, 0, 0, 33, 0, 0, 0, 33, 0, 0, 0, 33, 0, 0, 0, 33, 0, 0, 0, 33, 0, 0, 0, 33, 0, 0, 0, 33, 0, 0, 0, 33, 0, 0, 0, 33, 0, 0, 0, 33, 0, 0, 0, 33, 0, 0, 0, 33, 0, 0, 0, 33, 0, 0, 0, 33, 0, 0, 0, 33, 0, 0, 0, 33, 0, 0, 0, 33, 0, 0, 0, 33, 0, 0, 0, 33, 0, 0, 0, 33, 0, 0, 0, 33, 0, 0, 0, 33, 0, 0, 0, 33, 0, 0, 0, 33, 0, 0, 0, 33, 0, 0, 0, 33, 0, 0, 0, 33, 0, 0, 0, 33, 0, 0, 0, 33, 0, 0, 0, 33, 0, 0, 0, 33, 0, 0, 0, 33, 0, 0, 0, 33, 0, 0, 0, 33, 0, 0, 0, 33, 0, 0, 0, 33, 0, 0, 0, 33, 0, 0, 0, 33, 0, 0, 0, 33, 0, 0, 0, 33, 0, 0, 0, 33, 0, 0, 0, 33, 0, 0, 0, 33, 0, 0, 0, 33, 0, 0, 0, 33, 0, 0, 0, 33, 0, 0, 0, 33, 0, 0, 0, 33, 0, 0, 0, 33, 0, 0, 0, 33, 0, 0, 0, 33, 0, 0, 0, 33, 0, 0, 0, 33, 0, 0, 0, 33, 0, 0, 0, 33, 0, 0, 0, 33, 0, 0, 0, 33, 0, 0, 0, 33, 0, 0, 0, 33, 0, 0, 0, 33, 0, 0, 0, 33, 0, 0, 0, 33, 0, 0, 0, 33, 0, 0, 0, 33, 0, 0, 0, 33, 0, 0, 0, 33, 0, 0, 0, 33, 0, 0, 0, 33, 0, 0, 0, 33, 0, 0, 0, 33, 0, 0, 0, 33, 0, 0, 0, 33, 0, 0, 0, 33, 0, 0, 0, 33, 0, 0, 0, 33, 0, 0, 0, 33, 0, 0, 0, 33, 0, 0, 0, 33, 0, 0, 0, 33, 0, 0, 0, 33, 0, 0, 0, 33, 0, 0, 0, 33, 0, 0, 0, 33, 0, 0, 0, 33, 0, 0, 0, 33, 0, 0, 0, 33, 0, 0, 0, 33, 0, 0, 0, 33, 0, 0, 0, 33, 0, 0, 0, 33, 0, 0, 0, 33, 0, 0, 0, 33, 0, 0, 0, 33, 0, 0, 0, 33, 0, 0, 0, 33, 0, 0, 0, 33, 0, 0, 0, 33, 0, 0, 0, 33, 0, 0, 0, 33, 0, 0, 0, 33, 0, 0, 0, 33, 0, 0, 0, 33, 0, 0, 0, 33, 0, 0, 0, 33, 0, 0, 0, 33, 0, 0, 0, 33, 0, 0, 0, 33, 0, 0, 0, 33, 0, 0, 0, 33, 0, 0, 0, 33, 0, 0, 0, 33, 0, 0, 0, 33, 0, 0, 0, 33, 0, 0, 0, 33, 0, 0, 0, 33, 0, 0, 0, 33, 0, 0, 0, 33, 0, 0, 0, 33, 0, 0, 0, 33, 0, 0, 0, 33, 0, 0, 0, 33, 0, 0, 0, 33, 0, 0, 0, 33, 0, 0, 0, 33, 0, 0, 0, 33, 0, 0, 0, 33, 0, 0, 0, 33, 0, 0, 0, 33, 0, 0, 0, 33, 0, 0, 0, 33, 0, 0, 0, 33, 0, 0, 0, 33, 0, 0, 0, 33, 0, 0, 0, 33, 0, 0, 0, 33, 0, 0, 0, 33, 0, 0, 0, 33, 0, 0, 0, 33, 0, 0, 0, 33, 0, 0, 0, 33, 0, 0, 0, 33, 0, 0, 0, 33, 0, 0, 0, 33, 0, 0, 0, 33, 0, 0, 0, 33, 0, 0, 0, 33, 0, 0, 0, 33, 0, 0, 0, 33, 0, 0, 0, 33, 0, 0, 0, 33, 0, 0, 0, 33, 0, 0, 0, 33, 0, 0, 0, 33, 0, 0, 0, 33, 0, 0, 0, 33, 0, 0, 0, 33, 0, 0, 0, 33, 0, 0, 0, 33, 0, 0, 0, 33, 0, 0, 0, 33, 0, 0, 0, 33, 0, 0, 0, 33, 0, 0, 0, 33, 0, 0, 0, 33, 0, 0, 0, 33, 0, 0, 0, 33, 0, 0, 0, 33, 0, 0, 0, 33, 0, 0, 0, 33, 0, 0, 0, 33, 0, 0, 0, 33, 0, 0, 0, 33, 0, 0, 0, 33, 0, 0, 0, 33, 0, 0, 0, 33, 0, 0, 0, 33, 0, 0, 0, 33, 0, 0, 0, 33, 0, 0, 0, 33, 0, 0, 0, 33, 0, 0, 0, 33, 0, 0, 0, 33, 0, 0, 0, 33, 0, 0, 0, 33, 0, 0, 0, 33, 0, 0, 0, 33, 0, 0, 0, 33, 0, 0, 0, 33, 0, 0, 0, 33, 0, 0, 0, 33, 0, 0, 0, 35, 36, 0, 0, 35, 40, 36, 0, 35, 0, 0, 0, 35, 34, 36, 48, 35, 0, 0, 0, 35, 40, 0, 0, 35, 0, 0, 0, 35, 0, 0, 0, 35, 44, 36, 0, 35, 44, 36, 0, 35, 36, 48, 0, 35, 48, 36, 0, 35, 0, 0, 0, 35, 36, 0, 0, 35, 36, 0, 0, 35, 36, 0, 0, 35, 36, 44, 0, 35, 36, 44, 0, 35, 36, 0, 0, 35, 0, 0, 0, 35, 0, 0, 0, 35, 48, 0, 0, 35, 48, 0, 0, 35, 48, 36, 0, 48, 35, 36, 0, 35, 48, 36, 0, 35, 48, 0, 0, 35, 0, 0, 0, 35, 40, 0, 0, 35, 40, 44, 0, 35, 44, 40, 36, 35, 44, 0, 0, 35, 44, 36, 0, 35, 44, 0, 0, 35, 44, 40, 0, 35, 0, 0, 0, 34, 0, 0, 0, 34, 0, 0, 0, 34, 0, 0, 0, 34, 0, 0, 0, 34, 0, 0, 0, 35, 40, 0, 0, 35, 44, 40, 0, 44, 35, 0, 0, 44, 35, 0, 0, 46, 0, 0, 0, 44, 35, 36, 0, 36, 35, 44, 0, 38, 0, 0, 0, 35, 36, 0, 0, 48, 35, 36, 0, 50, 0, 0, 0, 48, 35, 0, 0, 35, 48, 0, 0, 35, 48, 0, 0, 35, 34, 0, 0, 35, 0, 0, 0, 35, 0, 0, 0, 35, 0, 0, 0, 35, 0, 0, 0, 35, 0, 0, 0, 35, 0, 0, 0, 35, 0, 0, 0, 35, 0, 0, 0, 35, 40, 0, 0, 42, 0, 0, 0, 35, 40, 0, 0, 35, 40, 0, 0, 35, 40, 0, 0, 35, 0, 0, 0, 34, 0, 0, 0, 34, 0, 0, 0, 34, 0, 0, 0, 34, 0, 0, 0, 34, 0, 0, 0, 34, 0, 0, 0, 35, 34, 0, 0, 35, 34, 0, 0, 35, 0, 0, 0, 34, 0, 0, 0, 34, 0, 0, 0, 34, 0, 0, 0, 34, 0, 0, 0, 34, 0, 0, 0, 34, 0, 0, 0, 35, 0, 0, 0, 35, 0, 0, 0, 35, 0, 0, 0, 34, 0, 0, 0, 34, 0, 0, 0, 34, 0, 0, 0, 34, 0, 0, 0, 34, 0, 0, 0, 34, 0, 0, 0, 35, 40, 0, 0, 35, 40, 0, 0, 35, 40, 0, 0, 34, 0, 0, 0, 34, 35, 0, 0, 34, 35, 0, 0, 34, 35, 0, 0, 34, 0, 0, 0, 34, 0, 0, 0, 35, 40, 0, 0, 40, 35, 0, 0, 40, 35, 0, 0, 34, 0, 0, 0, 34, 0, 0, 0, 34, 0, 0, 0, 34, 0, 0, 0, 34, 0, 0, 0, 34, 0, 0, 0, 34, 0, 0, 0, 34, 0, 0, 0, 34, 35, 0, 0, 34, 0, 0, 0, 34, 0, 0, 0, 34, 35, 0, 0, 34, 0, 0, 0, 34, 0, 0, 0, 34, 0, 0, 0, 34, 0, 0, 0, 34, 0, 0, 0, 34, 0, 0, 0, 34, 0, 0, 0, 34, 0, 0, 0, 34, 0, 0, 0, 34, 0, 0, 0, 34, 0, 0, 0, 34, 0, 0, 0, 34, 0, 0, 0, 34, 0, 0, 0, 34, 0, 0, 0, 34, 0, 0, 0, 34, 0, 0, 0, 34, 0, 0, 0, 34, 0, 0, 0, 34, 0, 0, 0, 34, 0, 0, 0, 34, 0, 0, 0, 34, 0, 0, 0, 34, 0, 0, 0, 35, 48, 0, 0, 35, 48, 0, 0, 35, 48, 0, 0, 35, 48, 0, 0, 35, 48, 0, 0, 35, 48, 0, 0, 35, 48, 0, 0, 35, 48, 0, 0, 35, 48, 0, 0, 35, 48, 0, 0, 35, 48, 0, 0, 35, 48, 0, 0, 35, 44, 40, 0, 35, 40, 44, 0, 35, 40, 44, 0, 44, 35, 40, 0, 35, 44, 40, 0, 35, 44, 40, 0, 35, 40, 44, 0, 35, 40, 44, 0, 35, 40, 44, 0, 35, 44, 0, 0, 35, 44, 0, 0, 35, 44, 0, 0, 35, 0, 0, 0, 35, 0, 0, 0, 35, 0, 0, 0, 35, 0, 0, 0, 35, 0, 0, 0, 35, 0, 0, 0, 35, 44, 36, 0, 44, 35, 36, 0, 44, 35, 36, 0, 36, 35, 44, 0, 36, 35, 44, 0, 35, 36, 44, 0, 35, 36, 44, 0, 36, 35, 44, 0, 36, 35, 44, 0, 44, 35, 36, 0, 44, 35, 36, 0, 35, 44, 36, 0, 35, 36, 48, 0, 36, 35, 48, 0, 36, 35, 48, 0, 48, 35, 36, 0, 48, 35, 36, 0, 35, 48, 36, 0, 35, 48, 36, 0, 48, 35, 36, 0, 48, 35, 36, 0, 36, 35, 48, 0, 36, 35, 48, 0, 35, 36, 48, 0, 48, 35, 0, 0, 48, 35, 0, 0, 48, 35, 0, 0, 50, 0, 0, 0, 50, 0, 0, 0, 50, 0, 0, 0, 50, 0, 0, 0, 50, 0, 0, 0, 50, 0, 0, 0, 50, 0, 0, 0, 50, 0, 0, 0, 50, 0, 0, 0, 50, 0, 0, 0, 50, 0, 0, 0, 50, 0, 0, 0, 48, 35, 0, 0, 48, 35, 0, 0, 48, 35, 0, 0, 50, 0, 0, 0, 50, 0, 0, 0, 50, 0, 0, 0, 50, 0, 0, 0, 50, 0, 0, 0, 50, 0, 0, 0, 50, 0, 0, 0, 50, 0, 0, 0, 50, 0, 0, 0, 50, 0, 0, 0, 50, 0, 0, 0, 50, 0, 0, 0, 50, 0, 0, 0, 50, 0, 0, 0, 50, 0, 0, 0, 50, 0, 0, 0, 50, 0, 0, 0, 50, 0, 0, 0, 46, 0, 0, 0, 46, 0, 0, 0, 46, 0, 0, 0, 46, 0, 0, 0, 46, 0, 0, 0, 46, 0, 0, 0, 46, 0, 0, 0, 46, 0, 0, 0, 46, 0, 0, 0, 44, 35, 0, 0, 44, 35, 0, 0, 44, 35, 0, 0, 46, 0, 0, 0, 46, 0, 0, 0, 46, 0, 0, 0, 46, 0, 0, 0, 46, 0, 0, 0, 46, 0, 0, 0, 46, 0, 0, 0, 46, 0, 0, 0, 46, 0, 0, 0, 44, 35, 0, 0, 44, 35, 0, 0, 44, 35, 0, 0, 46, 0, 0, 0, 46, 0, 0, 0, 46, 0, 0, 0, 46, 0, 0, 0, 46, 0, 0, 0, 46, 0, 0, 0, 46, 0, 0, 0, 46, 0, 0, 0, 46, 0, 0, 0, 46, 0, 0, 0, 46, 0, 0, 0, 46, 0, 0, 0, 38, 0, 0, 0, 38, 0, 0, 0, 38, 0, 0, 0, 38, 0, 0, 0, 38, 0, 0, 0, 38, 0, 0, 0, 38, 0, 0, 0, 38, 0, 0, 0, 38, 0, 0, 0, 38, 0, 0, 0, 38, 0, 0, 0, 38, 0, 0, 0, 38, 0, 0, 0, 38, 0, 0, 0, 38, 0, 0, 0, 38, 0, 0, 0, 38, 0, 0, 0, 38, 0, 0, 0, 38, 0, 0, 0, 38, 0, 0, 0, 38, 0, 0, 0, 38, 0, 0, 0, 38, 0, 0, 0, 38, 0, 0, 0, 42, 0, 0, 0, 42, 0, 0, 0, 42, 0, 0, 0, 42, 0, 0, 0, 42, 0, 0, 0, 42, 0, 0, 0, 42, 0, 0, 0, 42, 0, 0, 0, 42, 0, 0, 0, 42, 0, 0, 0, 42, 0, 0, 0, 42, 0, 0, 0, 42, 0, 0, 0, 42, 0, 0, 0, 42, 0, 0, 0, 42, 0, 0, 0, 42, 0, 0, 0, 42, 0, 0, 0, 42, 0, 0, 0, 42, 0, 0, 0, 42, 0, 0, 0, 42, 0, 0, 0, 42, 0, 0, 0, 42, 0, 0, 0, 42, 0, 0, 0, 42, 0, 0, 0, 42, 0, 0, 0, 42, 0, 0, 0, 42, 0, 0, 0, 42, 0, 0, 0, 42, 0, 0, 0, 42, 0, 0, 0, 42, 0, 0, 0, 42, 0, 0, 0, 42, 0, 0, 0, 42, 0, 0, 0, 50, 0, 0, 0, 50, 0, 0, 0, 50, 0, 0, 0, 50, 0, 0, 0, 50, 0, 0, 0, 50, 0, 0, 0, 38, 0, 0, 0, 38, 0, 0, 0, 38, 0, 0, 0, 38, 0, 0, 0, 38, 0, 0, 0, 38, 0, 0, 0, 38, 0, 0, 0, 38, 0, 0, 0, 38, 0, 0, 0, 38, 0, 0, 0, 38, 0, 0, 0, 38, 0, 0, 0, 46, 0, 0, 0, 46, 0, 0, 0, 46, 0, 0, 0, 46, 0, 0, 0, 46, 0, 0, 0, 46, 0, 0, 0, 34, 0, 0, 0, 34, 0, 0, 0, 34, 0, 0, 0, 34, 0, 0, 0, 50, 0, 0, 0, 50, 0, 0, 0, 50, 0, 0, 0, 46, 0, 0, 0, 46, 0, 0, 0, 46, 0, 0, 0, 38, 0, 0, 0, 38, 0, 0, 0, 42, 0, 0, 0, 42, 0, 0, 0, 42, 0, 0, 0, 42, 0, 0, 0, 50, 0, 0, 0, 38, 0, 0, 0, 38, 0, 0, 0, 46, 0, 0, 0, 44, 45, 0, 0, 44, 45, 0, 0, 45, 44, 0, 0, 44, 45, 0, 0, 44, 45, 0, 0, 45, 44, 0, 0, 45, 44, 0, 0, 44, 45, 0, 0, 44, 45, 0, 0, 36, 37, 0, 0, 37, 36, 0, 0, 37, 36, 0, 0, 36, 37, 0, 0, 37, 36, 0, 0, 37, 36, 0, 0, 37, 36, 0, 0, 37, 36, 0, 0, 36, 37, 0, 0, 36, 37, 0, 0, 37, 36, 0, 0, 37, 36, 0, 0, 36, 37, 0, 0, 37, 36, 0, 0, 37, 36, 0, 0, 37, 36, 0, 0, 36, 37, 0, 0, 36, 37, 0, 0, 44, 45, 0, 0, 44, 45, 0, 0, 45, 44, 0, 0, 44, 45, 0, 0, 44, 45, 0, 0, 45, 44, 0, 0, 45, 44, 0, 0, 44, 45, 0, 0, 44, 45, 0, 0, 36, 37, 0, 0, 37, 36, 0, 0, 37, 36, 0, 0, 36, 37, 0, 0, 37, 36, 0, 0, 37, 36, 0, 0, 37, 36, 0, 0, 37, 36, 0, 0, 36, 37, 0, 0, 48, 49, 0, 0, 48, 49, 0, 0, 49, 48, 0, 0, 48, 49, 0, 0, 49, 48, 0, 0, 49, 48, 0, 0, 49, 48, 0, 0, 49, 48, 0, 0, 48, 49, 0, 0, 48, 49, 0, 0, 49, 48, 0, 0, 49, 48, 0, 0, 48, 49, 0, 0, 49, 48, 0, 0, 49, 48, 0, 0, 49, 48, 0, 0, 49, 48, 0, 0, 48, 49, 0, 0, 36, 37, 0, 0, 36, 37, 0, 0, 37, 36, 0, 0, 36, 37, 0, 0, 36, 37, 0, 0, 37, 36, 0, 0, 37, 36, 0, 0, 36, 37, 0, 0, 36, 37, 0, 0, 49, 50, 0, 0, 49, 50, 0, 0, 50, 49, 0, 0, 49, 50, 0, 0, 50, 49, 0, 0, 50, 49, 0, 0, 50, 49, 0, 0, 49, 50, 0, 0, 49, 50, 0, 0, 48, 49, 0, 0, 48, 49, 0, 0, 49, 48, 0, 0, 48, 49, 0, 0, 48, 49, 0, 0, 49, 48, 0, 0, 49, 48, 0, 0, 48, 49, 0, 0, 48, 49, 0, 0, 49, 50, 0, 0, 50, 49, 0, 0, 50, 49, 0, 0, 49, 50, 0, 0, 50, 49, 0, 0, 50, 49, 0, 0, 50, 49, 0, 0, 50, 49, 0, 0, 49, 50, 0, 0, 49, 50, 0, 0, 49, 50, 0, 0, 50, 49, 0, 0, 49, 50, 0, 0, 49, 50, 0, 0, 50, 49, 0, 0, 50, 49, 0, 0, 49, 50, 0, 0, 49, 50, 0, 0, 48, 49, 0, 0, 48, 49, 0, 0, 49, 48, 0, 0, 48, 49, 0, 0, 48, 49, 0, 0, 49, 48, 0, 0, 49, 48, 0, 0, 48, 49, 0, 0, 48, 49, 0, 0, 49, 50, 0, 0, 49, 50, 0, 0, 50, 49, 0, 0, 49, 50, 0, 0, 49, 50, 0, 0, 50, 49, 0, 0, 50, 49, 0, 0, 49, 50, 0, 0, 49, 50, 0, 0, 45, 46, 0, 0, 46, 45, 0, 0, 46, 45, 0, 0, 45, 46, 0, 0, 46, 45, 0, 0, 46, 45, 0, 0, 46, 45, 0, 0, 46, 45, 0, 0, 45, 46, 0, 0, 45, 46, 0, 0, 46, 45, 0, 0, 46, 45, 0, 0, 45, 46, 0, 0, 46, 45, 0, 0, 46, 45, 0, 0, 46, 45, 0, 0, 46, 45, 0, 0, 45, 46, 0, 0, 44, 45, 0, 0, 44, 45, 0, 0, 45, 44, 0, 0, 44, 45, 0, 0, 44, 45, 0, 0, 45, 44, 0, 0, 45, 44, 0, 0, 44, 45, 0, 0, 44, 45, 0, 0, 45, 46, 0, 0, 46, 45, 0, 0, 46, 45, 0, 0, 45, 46, 0, 0, 46, 45, 0, 0, 46, 45, 0, 0, 46, 45, 0, 0, 46, 45, 0, 0, 45, 46, 0, 0, 44, 45, 0, 0, 44, 45, 0, 0, 45, 44, 0, 0, 44, 45, 0, 0, 44, 45, 0, 0, 45, 44, 0, 0, 45, 44, 0, 0, 44, 45, 0, 0, 44, 45, 0, 0, 45, 46, 0, 0, 46, 45, 0, 0, 46, 45, 0, 0, 45, 46, 0, 0, 46, 45, 0, 0, 46, 45, 0, 0, 46, 45, 0, 0, 46, 45, 0, 0, 45, 46, 0, 0, 37, 38, 0, 0, 37, 38, 0, 0, 38, 37, 0, 0, 37, 38, 0, 0, 37, 38, 0, 0, 38, 37, 0, 0, 38, 37, 0, 0, 37, 38, 0, 0, 37, 38, 0, 0, 37, 38, 0, 0, 37, 38, 0, 0, 38, 37, 0, 0, 37, 38, 0, 0, 37, 38, 0, 0, 38, 37, 0, 0, 38, 37, 0, 0, 37, 38, 0, 0, 37, 38, 0, 0, 37, 38, 0, 0, 37, 38, 0, 0, 38, 37, 0, 0, 37, 38, 0, 0, 37, 38, 0, 0, 38, 37, 0, 0, 38, 37, 0, 0, 37, 38, 0, 0, 37, 38, 0, 0, 37, 38, 0, 0, 37, 38, 0, 0, 38, 37, 0, 0, 37, 38, 0, 0, 37, 38, 0, 0, 38, 37, 0, 0, 38, 37, 0, 0, 37, 38, 0, 0, 37, 38, 0, 0, 49, 48, 0, 0, 48, 49, 0, 0, 48, 49, 0, 0, 49, 48, 0, 0, 49, 48, 0, 0, 48, 49, 0, 0, 48, 49, 0, 0, 48, 49, 0, 0, 49, 48, 0, 0, 48, 49, 0, 0, 48, 49, 0, 0, 49, 48, 0, 0, 44, 45, 0, 0, 44, 45, 0, 0, 45, 44, 0, 0, 44, 45, 0, 0, 44, 45, 0, 0, 45, 44, 0, 0, 45, 44, 0, 0, 44, 45, 0, 0, 44, 45, 0, 0, 45, 44, 0, 0, 44, 45, 0, 0, 44, 45, 0, 0, 36, 37, 0, 0, 37, 36, 0, 0, 37, 36, 0, 0, 36, 37, 0, 0, 37, 36, 0, 0, 37, 36, 0, 0, 37, 36, 0, 0, 37, 36, 0, 0, 36, 37, 0, 0, 37, 36, 0, 0, 36, 37, 0, 0, 36, 37, 0, 0, 46, 45, 0, 0, 46, 45, 0, 0, 45, 46, 0, 0, 46, 45, 0, 0, 46, 45, 0, 0, 45, 46, 0, 0, 45, 46, 0, 0, 46, 45, 0, 0, 46, 45, 0, 0, 45, 46, 0, 0, 46, 45, 0, 0, 46, 45, 0, 0, 38, 37, 0, 0, 37, 38, 0, 0, 37, 38, 0, 0, 38, 37, 0, 0, 37, 38, 0, 0, 37, 38, 0, 0, 37, 38, 0, 0, 37, 38, 0, 0, 38, 37, 0, 0, 37, 38, 0, 0, 37, 38, 0, 0, 38, 37, 0, 0, 50, 49, 0, 0, 49, 50, 0, 0, 49, 50, 0, 0, 49, 50, 0, 0, 49, 50, 0, 0, 50, 49, 0, 0, 49, 50, 0, 0, 49, 50, 0, 0, 50, 49, 0, 0, 50, 49, 0, 0, 49, 50, 0, 0, 49, 50, 0, 0, 44, 35, 36, 0, 44, 35, 36, 0, 44, 0, 0, 0, 44, 35, 36, 0, 44, 35, 36, 0, 44, 35, 36, 0, 44, 35, 0, 0, 44, 35, 0, 0, 44, 35, 0, 0, 44, 35, 0, 0, 44, 35, 0, 0, 44, 35, 0, 0, 44, 35, 0, 0, 44, 35, 0, 0, 44, 35, 0, 0, 44, 35, 36, 0, 36, 35, 44, 0, 36, 35, 44, 0, 36, 35, 0, 0, 36, 35, 48, 0, 36, 35, 48, 0, 36, 35, 48, 0, 36, 35, 0, 0, 36, 35, 48, 0, 36, 35, 0, 0, 36, 35, 0, 0, 36, 35, 0, 0, 36, 35, 0, 0, 36, 35, 0, 0, 36, 35, 0, 0, 36, 35, 0, 0, 36, 35, 44, 0, 48, 35, 0, 0, 48, 35, 0, 0, 48, 35, 0, 0, 48, 35, 0, 0, 48, 35, 0, 0, 48, 35, 0, 0, 48, 35, 0, 0, 48, 35, 0, 0, 48, 35, 0, 0, 48, 35, 0, 0, 48, 35, 0, 0, 48, 35, 0, 0, 48, 35, 0, 0, 48, 35, 0, 0, 48, 0, 0, 0, 48, 35, 0, 0, 44, 0, 0, 0, 44, 0, 0, 0, 44, 0, 0, 0, 44, 0, 0, 0, 44, 0, 0, 0, 44, 0, 0, 0, 44, 0, 0, 0, 44, 0, 0, 0, 44, 0, 0, 0, 44, 0, 0, 0, 44, 0, 0, 0, 44, 0, 0, 0, 44, 0, 0, 0, 44, 0, 0, 0, 44, 0, 0, 0, 44, 0, 0, 0, 45, 0, 0, 0, 45, 0, 0, 0, 45, 0, 0, 0, 45, 0, 0, 0, 45, 0, 0, 0, 45, 0, 0, 0, 45, 0, 0, 0, 45, 0, 0, 0, 45, 0, 0, 0, 45, 0, 0, 0, 45, 0, 0, 0, 45, 0, 0, 0, 45, 0, 0, 0, 45, 0, 0, 0, 45, 0, 0, 0, 45, 0, 0, 0, 37, 0, 0, 0, 37, 0, 0, 0, 37, 0, 0, 0, 37, 0, 0, 0, 37, 0, 0, 0, 37, 0, 0, 0, 37, 0, 0, 0, 37, 0, 0, 0, 37, 0, 0, 0, 37, 0, 0, 0, 37, 0, 0, 0, 37, 0, 0, 0, 37, 0, 0, 0, 37, 0, 0, 0, 37, 0, 0, 0, 37, 0, 0, 0, 36, 0, 0, 0, 36, 0, 0, 0, 36, 0, 0, 0, 36, 0, 0, 0, 36, 0, 0, 0, 36, 0, 0, 0, 36, 35, 0, 0, 36, 35, 0, 0, 36, 35, 0, 0, 36, 0, 0, 0, 36, 0, 0, 0, 36, 0, 0, 0, 36, 0, 0, 0, 36, 0, 0, 0, 36, 0, 0, 0, 36, 0, 0, 0, 48, 0, 0, 0, 48, 0, 0, 0, 48, 0, 0, 0, 48, 0, 0, 0, 48, 0, 0, 0, 48, 0, 0, 0, 48, 0, 0, 0, 48, 0, 0, 0, 48, 0, 0, 0, 48, 0, 0, 0, 48, 0, 0, 0, 48, 0, 0, 0, 48, 0, 0, 0, 48, 0, 0, 0, 48, 0, 0, 0, 48, 0, 0, 0, 49, 48, 0, 0, 49, 0, 0, 0, 49, 0, 0, 0, 49, 0, 0, 0, 49, 0, 0, 0, 49, 50, 48, 0, 49, 50, 48, 0, 49, 50, 48, 0, 49, 0, 0, 0, 49, 0, 0, 0, 49, 0, 0, 0, 49, 0, 0, 0, 49, 0, 0, 0, 49, 0, 0, 0, 49, 0, 0, 0, 49, 48, 0, 0, 40, 41, 0, 0, 41, 40, 0, 0, 41, 40, 0, 0, 40, 41, 0, 0, 41, 40, 0, 0, 41, 40, 0, 0, 41, 40, 0, 0, 41, 40, 0, 0, 40, 41, 0, 0, 40, 41, 0, 0, 41, 40, 0, 0, 41, 40, 0, 0, 40, 41, 0, 0, 41, 40, 0, 0, 41, 40, 0, 0, 41, 40, 0, 0, 41, 40, 0, 0, 40, 41, 0, 0, 40, 41, 0, 0, 41, 40, 0, 0, 41, 40, 0, 0, 40, 41, 0, 0, 40, 41, 0, 0, 41, 40, 0, 0, 41, 40, 0, 0, 40, 41, 0, 0, 40, 41, 0, 0, 41, 42, 0, 0, 41, 42, 0, 0, 42, 41, 0, 0, 41, 42, 0, 0, 41, 42, 0, 0, 42, 41, 0, 0, 42, 41, 0, 0, 42, 41, 0, 0, 41, 42, 0, 0, 41, 42, 0, 0, 41, 42, 0, 0, 42, 41, 0, 0, 41, 42, 0, 0, 41, 42, 0, 0, 42, 41, 0, 0, 42, 41, 0, 0, 42, 41, 0, 0, 41, 42, 0, 0, 41, 40, 0, 0, 41, 40, 0, 0, 40, 41, 0, 0, 40, 41, 0, 0, 41, 40, 0, 0, 41, 40, 0, 0, 41, 42, 0, 0, 42, 41, 0, 0, 42, 41, 0, 0, 41, 42, 0, 0, 42, 41, 0, 0, 42, 41, 0, 0, 41, 40, 0, 0, 41, 40, 0, 0, 40, 41, 0, 0, 42, 41, 0, 0, 41, 42, 0, 0, 41, 42, 0, 0, 41, 42, 0, 0, 42, 41, 0, 0, 42, 41, 0, 0, 41, 42, 0, 0, 42, 41, 0, 0, 42, 41, 0, 0, 42, 41, 0, 0, 41, 42, 0, 0, 41, 42, 0, 0, 41, 40, 0, 0, 41, 40, 0, 0, 40, 41, 0, 0, 40, 41, 0, 0, 41, 40, 0, 0, 41, 40, 0, 0, 40, 41, 0, 0, 41, 40, 0, 0, 41, 40, 0, 0, 41, 40, 0, 0, 40, 41, 0, 0, 40, 41, 0, 0, 42, 41, 0, 0, 42, 41, 0, 0, 41, 42, 0, 0, 41, 42, 0, 0, 42, 41, 0, 0, 42, 41, 0, 0, 41, 42, 0, 0, 42, 41, 0, 0, 42, 41, 0, 0, 42, 41, 0, 0, 41, 42, 0, 0, 41, 42, 0, 0, 41, 42, 40, 0, 41, 42, 40, 0, 41, 42, 40, 0, 41, 42, 40, 0, 41, 42, 40, 0, 41, 42, 40, 0, 41, 42, 0, 0, 41, 42, 40, 0, 41, 42, 40, 0, 41, 42, 40, 0, 41, 42, 40, 0, 41, 42, 40, 0, 41, 40, 42, 0, 41, 40, 42, 0, 41, 42, 40, 0, 41, 42, 40, 0, 40, 35, 0, 0, 40, 35, 0, 0, 40, 35, 0, 0, 40, 35, 0, 0, 40, 35, 0, 0, 40, 35, 0, 0, 40, 35, 44, 0, 40, 35, 44, 0, 40, 35, 44, 0, 40, 35, 44, 0, 40, 35, 44, 0, 40, 35, 44, 0, 40, 35, 0, 0, 40, 35, 0, 0, 40, 35, 0, 0, 40, 35, 0, 0, 40, 0, 0, 0, 40, 0, 0, 0, 40, 0, 0, 0, 40, 0, 0, 0, 40, 0, 0, 0, 40, 41, 0, 0, 40, 35, 41, 0, 40, 35, 41, 0, 40, 35, 41, 0, 40, 35, 41, 0, 40, 35, 41, 0, 40, 41, 35, 0, 40, 41, 35, 0, 40, 41, 0, 0, 40, 0, 0, 0, 40, 0, 0, 0, 40, 35, 0, 0, 40, 35, 0, 0, 40, 35, 0, 0, 40, 35, 0, 0, 40, 35, 0, 0, 40, 35, 0, 0, 40, 35, 44, 0, 40, 35, 44, 0, 40, 35, 44, 0, 40, 35, 44, 0, 40, 35, 44, 0, 40, 35, 44, 0, 40, 35, 0, 0, 40, 35, 0, 0, 40, 35, 0, 0, 40, 35, 0, 0, 35, 34, 0, 0, 35, 34, 0, 0, 35, 34, 0, 0, 35, 34, 0, 0, 35, 34, 0, 0, 35, 34, 0, 0, 35, 34, 0, 0, 35, 34, 0, 0, 35, 34, 0, 0, 35, 34, 40, 0, 35, 34, 40, 0, 35, 34, 40, 0, 35, 34, 40, 0, 35, 34, 40, 0, 35, 34, 40, 0, 35, 34, 40, 0, 35, 40, 34, 0, 35, 34, 40, 0, 35, 34, 0, 0, 35, 34, 0, 0, 35, 34, 0, 0, 35, 34, 0, 0, 35, 34, 0, 0, 35, 34, 0, 0, 46, 0, 0, 0, 46, 0, 0, 0, 46, 0, 0, 0, 46, 0, 0, 0, 46, 0, 0, 0, 46, 0, 0, 0, 46, 0, 0, 0, 46, 0, 0, 0, 46, 0, 0, 0, 46, 0, 0, 0, 46, 0, 0, 0, 46, 0, 0, 0, 46, 0, 0, 0, 46, 0, 0, 0, 46, 0, 0, 0, 46, 0, 0, 0, 46, 0, 0, 0, 46, 0, 0, 0, 46, 0, 0, 0, 46, 0, 0, 0, 46, 0, 0, 0, 46, 0, 0, 0, 46, 0, 0, 0, 46, 0, 0, 0, 46, 0, 0, 0, 46, 0, 0, 0, 46, 0, 0, 0, 46, 0, 0, 0, 46, 0, 0, 0, 46, 0, 0, 0, 46, 0, 0, 0, 46, 0, 0, 0, 38, 0, 0, 0, 38, 0, 0, 0, 38, 0, 0, 0, 38, 0, 0, 0, 38, 0, 0, 0, 38, 0, 0, 0, 38, 0, 0, 0, 38, 0, 0, 0, 38, 0, 0, 0, 38, 0, 0, 0, 38, 0, 0, 0, 38, 0, 0, 0, 38, 0, 0, 0, 38, 0, 0, 0, 38, 0, 0, 0, 38, 0, 0, 0, 38, 0, 0, 0, 38, 0, 0, 0, 38, 0, 0, 0, 38, 0, 0, 0, 38, 0, 0, 0, 38, 0, 0, 0, 38, 0, 0, 0, 38, 0, 0, 0, 38, 0, 0, 0, 38, 0, 0, 0, 38, 0, 0, 0, 38, 0, 0, 0, 38, 0, 0, 0, 38, 0, 0, 0, 38, 0, 0, 0, 38, 0, 0, 0, 50, 0, 0, 0, 50, 0, 0, 0, 50, 0, 0, 0, 50, 0, 0, 0, 50, 0, 0, 0, 50, 0, 0, 0, 50, 0, 0, 0, 50, 0, 0, 0, 50, 0, 0, 0, 50, 0, 0, 0, 50, 49, 0, 0, 50, 0, 0, 0, 50, 49, 0, 0, 50, 0, 0, 0, 50, 49, 0, 0, 50, 0, 0, 0, 50, 49, 0, 0, 50, 0, 0, 0, 50, 49, 0, 0, 50, 0, 0, 0, 50, 49, 0, 0, 50, 0, 0, 0, 50, 49, 0, 0, 50, 0, 0, 0, 50, 49, 0, 0, 50, 0, 0, 0, 50, 0, 0, 0, 50, 0, 0, 0, 50, 0, 0, 0, 50, 0, 0, 0, 50, 0, 0, 0, 50, 0, 0, 0, 46, 0, 0, 0, 46, 0, 0, 0, 46, 0, 0, 0, 46, 0, 0, 0, 46, 0, 0, 0, 46, 0, 0, 0, 46, 0, 0, 0, 46, 0, 0, 0, 46, 0, 0, 0, 46, 0, 0, 0, 46, 0, 0, 0, 46, 0, 0, 0, 46, 0, 0, 0, 46, 0, 0, 0, 46, 0, 0, 0, 46, 0, 0, 0, 46, 0, 0, 0, 46, 0, 0, 0, 46, 0, 0, 0, 46, 0, 0, 0, 46, 0, 0, 0, 46, 0, 0, 0, 46, 0, 0, 0, 46, 0, 0, 0, 46, 0, 0, 0, 46, 0, 0, 0, 46, 0, 0, 0, 46, 0, 0, 0, 46, 0, 0, 0, 46, 0, 0, 0, 46, 0, 0, 0, 46, 0, 0, 0, 38, 0, 0, 0, 38, 0, 0, 0, 38, 0, 0, 0, 38, 0, 0, 0, 38, 0, 0, 0, 38, 0, 0, 0, 38, 0, 0, 0, 38, 0, 0, 0, 38, 0, 0, 0, 38, 0, 0, 0, 38, 0, 0, 0, 38, 0, 0, 0, 38, 0, 0, 0, 38, 0, 0, 0, 38, 0, 0, 0, 38, 0, 0, 0, 38, 0, 0, 0, 38, 0, 0, 0, 38, 0, 0, 0, 38, 0, 0, 0, 38, 0, 0, 0, 38, 0, 0, 0, 38, 0, 0, 0, 38, 0, 0, 0, 38, 0, 0, 0, 38, 0, 0, 0, 38, 0, 0, 0, 38, 0, 0, 0, 38, 0, 0, 0, 38, 0, 0, 0, 38, 0, 0, 0, 38, 0, 0, 0, 50, 0, 0, 0, 50, 0, 0, 0, 50, 0, 0, 0, 50, 0, 0, 0, 50, 0, 0, 0, 50, 0, 0, 0, 50, 0, 0, 0, 50, 0, 0, 0, 50, 0, 0, 0, 50, 0, 0, 0, 50, 0, 0, 0, 50, 0, 0, 0, 50, 0, 0, 0, 50, 0, 0, 0, 50, 0, 0, 0, 50, 0, 0, 0, 50, 0, 0, 0, 50, 0, 0, 0, 50, 0, 0, 0, 50, 0, 0, 0, 50, 0, 0, 0, 50, 0, 0, 0, 50, 0, 0, 0, 50, 0, 0, 0, 50, 0, 0, 0, 50, 0, 0, 0, 50, 0, 0, 0, 50, 0, 0, 0, 50, 0, 0, 0, 50, 0, 0, 0, 50, 0, 0, 0, 50, 0, 0, 0, 46, 0, 0, 0, 46, 0, 0, 0, 46, 0, 0, 0, 46, 0, 0, 0, 46, 0, 0, 0, 46, 0, 0, 0, 46, 0, 0, 0, 46, 0, 0, 0, 46, 0, 0, 0, 46, 0, 0, 0, 46, 0, 0, 0, 46, 0, 0, 0, 46, 0, 0, 0, 46, 0, 0, 0, 46, 0, 0, 0, 46, 0, 0, 0, 46, 0, 0, 0, 46, 0, 0, 0, 46, 0, 0, 0, 46, 0, 0, 0, 46, 0, 0, 0, 46, 0, 0, 0, 46, 0, 0, 0, 46, 0, 0, 0, 46, 0, 0, 0, 46, 0, 0, 0, 46, 0, 0, 0, 46, 0, 0, 0, 46, 0, 0, 0, 46, 0, 0, 0, 46, 0, 0, 0, 46, 0, 0, 0, 38, 0, 0, 0, 38, 0, 0, 0, 38, 0, 0, 0, 38, 0, 0, 0, 38, 0, 0, 0, 38, 0, 0, 0, 38, 0, 0, 0, 38, 0, 0, 0, 38, 0, 0, 0, 38, 0, 0, 0, 38, 0, 0, 0, 38, 0, 0, 0, 38, 0, 0, 0, 38, 0, 0, 0, 38, 0, 0, 0, 38, 0, 0, 0, 38, 0, 0, 0, 38, 0, 0, 0, 38, 0, 0, 0, 38, 0, 0, 0, 38, 0, 0, 0, 38, 0, 0, 0, 38, 0, 0, 0, 38, 0, 0, 0, 38, 0, 0, 0, 38, 0, 0, 0, 38, 0, 0, 0, 38, 0, 0, 0, 38, 0, 0, 0, 38, 0, 0, 0, 38, 0, 0, 0, 38, 0, 0, 0, 50, 0, 0, 0, 50, 0, 0, 0, 50, 0, 0, 0, 50, 0, 0, 0, 50, 0, 0, 0, 50, 0, 0, 0, 50, 0, 0, 0, 50, 0, 0, 0, 50, 0, 0, 0, 50, 0, 0, 0, 50, 0, 0, 0, 50, 0, 0, 0, 50, 0, 0, 0, 50, 0, 0, 0, 50, 0, 0, 0, 50, 0, 0, 0, 50, 49, 0, 0, 50, 49, 0, 0, 50, 49, 0, 0, 50, 49, 0, 0, 50, 49, 0, 0, 50, 49, 0, 0, 50, 49, 0, 0, 50, 49, 0, 0, 50, 49, 0, 0, 50, 49, 0, 0, 50, 49, 0, 0, 50, 49, 0, 0, 50, 49, 0, 0, 50, 49, 0, 0, 50, 49, 0, 0, 50, 49, 0, 0, 46, 0, 0, 0, 46, 0, 0, 0, 46, 0, 0, 0, 46, 0, 0, 0, 46, 0, 0, 0, 46, 0, 0, 0, 46, 0, 0, 0, 46, 0, 0, 0, 46, 0, 0, 0, 46, 0, 0, 0, 46, 0, 0, 0, 46, 0, 0, 0, 46, 0, 0, 0, 46, 0, 0, 0, 46, 0, 0, 0, 46, 0, 0, 0, 46, 0, 0, 0, 46, 0, 0, 0, 46, 0, 0, 0, 46, 0, 0, 0, 46, 0, 0, 0, 46, 0, 0, 0, 46, 0, 0, 0, 46, 0, 0, 0, 46, 0, 0, 0, 46, 0, 0, 0, 46, 0, 0, 0, 46, 0, 0, 0, 46, 0, 0, 0, 46, 0, 0, 0, 46, 0, 0, 0, 46, 0, 0, 0, 38, 0, 0, 0, 38, 0, 0, 0, 38, 0, 0, 0, 38, 0, 0, 0, 38, 0, 0, 0, 38, 0, 0, 0, 38, 0, 0, 0, 38, 0, 0, 0, 38, 0, 0, 0, 38, 0, 0, 0, 38, 0, 0, 0, 38, 0, 0, 0, 38, 0, 0, 0, 38, 0, 0, 0, 38, 0, 0, 0, 38, 0, 0, 0, 38, 0, 0, 0, 38, 0, 0, 0, 38, 0, 0, 0, 38, 0, 0, 0, 38, 0, 0, 0, 38, 0, 0, 0, 38, 0, 0, 0, 38, 0, 0, 0, 38, 0, 0, 0, 38, 0, 0, 0, 38, 0, 0, 0, 38, 0, 0, 0, 38, 0, 0, 0, 38, 0, 0, 0, 38, 0, 0, 0, 38, 0, 0, 0, 50, 0, 0, 0, 50, 0, 0, 0, 50, 0, 0, 0, 50, 0, 0, 0, 50, 0, 0, 0, 50, 0, 0, 0, 50, 0, 0, 0, 50, 0, 0, 0, 50, 0, 0, 0, 50, 0, 0, 0, 50, 0, 0, 0, 50, 0, 0, 0, 50, 0, 0, 0, 50, 0, 0, 0, 50, 0, 0, 0, 50, 0, 0, 0, 50, 0, 0, 0, 50, 0, 0, 0, 50, 0, 0, 0, 50, 0, 0, 0, 50, 0, 0, 0, 50, 0, 0, 0, 50, 0, 0, 0, 50, 0, 0, 0, 50, 0, 0, 0, 50, 0, 0, 0, 50, 0, 0, 0, 50, 0, 0, 0, 50, 0, 0, 0, 50, 0, 0, 0, 50, 0, 0, 0, 50, 0, 0, 0, 42, 0, 0, 0, 42, 41, 0, 0, 42, 41, 0, 0, 42, 0, 0, 0, 42, 41, 0, 0, 42, 0, 0, 0, 42, 41, 0, 0, 42, 0, 0, 0, 42, 41, 0, 0, 42, 0, 0, 0, 42, 41, 0, 0, 42, 0, 0, 0, 42, 41, 0, 0, 42, 0, 0, 0, 42, 41, 0, 0, 42, 0, 0, 0, 42, 41, 0, 0, 42, 0, 0, 0, 42, 41, 0, 0, 42, 0, 0, 0, 42, 41, 0, 0, 42, 0, 0, 0, 42, 41, 0, 0, 42, 0, 0, 0, 42, 41, 0, 0, 42, 0, 0, 0, 42, 41, 0, 0, 42, 0, 0, 0, 42, 41, 0, 0, 42, 0, 0, 0, 42, 41, 0, 0, 42, 0, 0, 0, 42, 0, 0, 0, 42, 0, 0, 0, 42, 0, 0, 0, 42, 0, 0, 0, 42, 0, 0, 0, 42, 0, 0, 0, 42, 0, 0, 0, 42, 0, 0, 0, 42, 0, 0, 0, 42, 0, 0, 0, 42, 0, 0, 0, 42, 0, 0, 0, 42, 0, 0, 0, 42, 0, 0, 0, 42, 0, 0, 0, 42, 0, 0, 0, 42, 0, 0, 0, 42, 0, 0, 0, 42, 0, 0, 0, 42, 0, 0, 0, 42, 0, 0, 0, 42, 0, 0, 0, 42, 0, 0, 0, 42, 0, 0, 0, 42, 0, 0, 0, 42, 0, 0, 0, 42, 0, 0, 0, 42, 0, 0, 0, 42, 0, 0, 0, 42, 0, 0, 0, 42, 0, 0, 0, 42, 0, 0, 0, 42, 0, 0, 0, 42, 0, 0, 0, 42, 0, 0, 0, 42, 0, 0, 0, 42, 0, 0, 0, 42, 0, 0, 0, 42, 0, 0, 0, 42, 0, 0, 0, 42, 0, 0, 0, 42, 0, 0, 0, 42, 0, 0, 0, 42, 0, 0, 0, 42, 0, 0, 0, 42, 0, 0, 0, 42, 0, 0, 0, 42, 0, 0, 0, 42, 0, 0, 0, 42, 0, 0, 0, 42, 0, 0, 0, 42, 0, 0, 0, 42, 0, 0, 0, 42, 0, 0, 0, 42, 0, 0, 0, 42, 0, 0, 0, 42, 0, 0, 0, 42, 0, 0, 0, 42, 0, 0, 0, 42, 0, 0, 0, 42, 0, 0, 0, 42, 0, 0, 0, 42, 0, 0, 0, 42, 0, 0, 0, 42, 41, 0, 0, 42, 41, 0, 0, 42, 41, 0, 0, 42, 41, 0, 0, 42, 41, 0, 0, 42, 41, 0, 0, 42, 41, 0, 0, 42, 41, 0, 0, 42, 41, 0, 0, 42, 41, 0, 0, 42, 41, 0, 0, 42, 41, 0, 0, 42, 41, 0, 0, 42, 41, 0, 0, 42, 41, 0, 0, 42, 41, 0, 0, 42, 0, 0, 0, 42, 0, 0, 0, 42, 0, 0, 0, 42, 0, 0, 0, 42, 0, 0, 0, 42, 0, 0, 0, 42, 0, 0, 0, 42, 0, 0, 0, 42, 0, 0, 0, 42, 0, 0, 0, 42, 0, 0, 0, 42, 0, 0, 0, 42, 0, 0, 0, 42, 0, 0, 0, 42, 0, 0, 0, 42, 0, 0, 0] (
                elementSize = 4
                interpolation = "vertex"
            )
            float[] primvars:skel:jointWeights = [1, 0, 0, 0, 1, 0, 0, 0, 1, 0, 0, 0, 1, 0, 0, 0, 1, 0, 0, 0, 1, 0, 0, 0, 1, 0, 0, 0, 1, 0, 0, 0, 1, 0, 0, 0, 1, 0, 0, 0, 1, 0, 0, 0, 1, 0, 0, 0, 1, 0, 0, 0, 1, 0, 0, 0, 1, 0, 0, 0, 1, 0, 0, 0, 1, 0, 0, 0, 1, 0, 0, 0, 1, 0, 0, 0, 1, 0, 0, 0, 1, 0, 0, 0, 1, 0, 0, 0, 1, 0, 0, 0, 1, 0, 0, 0, 1, 0, 0, 0, 1, 0, 0, 0, 1, 0, 0, 0, 1, 0, 0, 0, 1, 0, 0, 0, 1, 0, 0, 0, 1, 0, 0, 0, 1, 0, 0, 0, 1, 0, 0, 0, 1, 0, 0, 0, 1, 0, 0, 0, 1, 0, 0, 0, 1, 0, 0, 0, 1, 0, 0, 0, 1, 0, 0, 0, 1, 0, 0, 0, 1, 0, 0, 0, 1, 0, 0, 0, 1, 0, 0, 0, 1, 0, 0, 0, 1, 0, 0, 0, 1, 0, 0, 0, 1, 0, 0, 0, 1, 0, 0, 0, 1, 0, 0, 0, 1, 0, 0, 0, 1, 0, 0, 0, 1, 0, 0, 0, 1, 0, 0, 0, 1, 0, 0, 0, 1, 0, 0, 0, 1, 0, 0, 0, 1, 0, 0, 0, 1, 0, 0, 0, 1, 0, 0, 0, 1, 0, 0, 0, 1, 0, 0, 0, 1, 0, 0, 0, 1, 0, 0, 0, 1, 0, 0, 0, 1, 0, 0, 0, 1, 0, 0, 0, 1, 0, 0, 0, 1, 0, 0, 0, 1, 0, 0, 0, 1, 0, 0, 0, 1, 0, 0, 0, 1, 0, 0, 0, 1, 0, 0, 0, 1, 0, 0, 0, 1, 0, 0, 0, 1, 0, 0, 0, 1, 0, 0, 0, 1, 0, 0, 0, 1, 0, 0, 0, 1, 0, 0, 0, 1, 0, 0, 0, 1, 0, 0, 0, 1, 0, 0, 0, 1, 0, 0, 0, 1, 0, 0, 0, 1, 0, 0, 0, 1, 0, 0, 0, 1, 0, 0, 0, 1, 0, 0, 0, 1, 0, 0, 0, 1, 0, 0, 0, 1, 0, 0, 0, 1, 0, 0, 0, 1, 0, 0, 0, 1, 0, 0, 0, 1, 0, 0, 0, 1, 0, 0, 0, 1, 0, 0, 0, 1, 0, 0, 0, 1, 0, 0, 0, 1, 0, 0, 0, 1, 0, 0, 0, 1, 0, 0, 0, 1, 0, 0, 0, 1, 0, 0, 0, 1, 0, 0, 0, 1, 0, 0, 0, 1, 0, 0, 0, 1, 0, 0, 0, 1, 0, 0, 0, 1, 0, 0, 0, 1, 0, 0, 0, 1, 0, 0, 0, 1, 0, 0, 0, 1, 0, 0, 0, 1, 0, 0, 0, 1, 0, 0, 0, 1, 0, 0, 0, 1, 0, 0, 0, 1, 0, 0, 0, 1, 0, 0, 0, 1, 0, 0, 0, 1, 0, 0, 0, 1, 0, 0, 0, 1, 0, 0, 0, 1, 0, 0, 0, 1, 0, 0, 0, 1, 0, 0, 0, 1, 0, 0, 0, 1, 0, 0, 0, 1, 0, 0, 0, 1, 0, 0, 0, 1, 0, 0, 0, 1, 0, 0, 0, 1, 0, 0, 0, 1, 0, 0, 0, 1, 0, 0, 0, 1, 0, 0, 0, 1, 0, 0, 0, 1, 0, 0, 0, 1, 0, 0, 0, 1, 0, 0, 0, 1, 0, 0, 0, 1, 0, 0, 0, 1, 0, 0, 0, 1, 0, 0, 0, 1, 0, 0, 0, 1, 0, 0, 0, 1, 0, 0, 0, 1, 0, 0, 0, 1, 0, 0, 0, 1, 0, 0, 0, 1, 0, 0, 0, 1, 0, 0, 0, 1, 0, 0, 0, 1, 0, 0, 0, 1, 0, 0, 0, 1, 0, 0, 0, 1, 0, 0, 0, 1, 0, 0, 0, 1, 0, 0, 0, 1, 0, 0, 0, 1, 0, 0, 0, 1, 0, 0, 0, 1, 0, 0, 0, 1, 0, 0, 0, 1, 0, 0, 0, 1, 0, 0, 0, 1, 0, 0, 0, 1, 0, 0, 0, 1, 0, 0, 0, 1, 0, 0, 0, 1, 0, 0, 0, 1, 0, 0, 0, 1, 0, 0, 0, 1, 0, 0, 0, 1, 0, 0, 0, 1, 0, 0, 0, 1, 0, 0, 0, 1, 0, 0, 0, 1, 0, 0, 0, 1, 0, 0, 0, 1, 0, 0, 0, 1, 0, 0, 0, 1, 0, 0, 0, 1, 0, 0, 0, 1, 0, 0, 0, 1, 0, 0, 0, 1, 0, 0, 0, 1, 0, 0, 0, 1, 0, 0, 0, 1, 0, 0, 0, 1, 0, 0, 0, 1, 0, 0, 0, 1, 0, 0, 0, 1, 0, 0, 0, 1, 0, 0, 0, 1, 0, 0, 0, 1, 0, 0, 0, 1, 0, 0, 0, 1, 0, 0, 0, 1, 0, 0, 0, 1, 0, 0, 0, 1, 0, 0, 0, 1, 0, 0, 0, 1, 0, 0, 0, 1, 0, 0, 0, 1, 0, 0, 0, 1, 0, 0, 0, 1, 0, 0, 0, 1, 0, 0, 0, 1, 0, 0, 0, 1, 0, 0, 0, 1, 0, 0, 0, 1, 0, 0, 0, 1, 0, 0, 0, 1, 0, 0, 0, 1, 0, 0, 0, 1, 0, 0, 0, 1, 0, 0, 0, 1, 0, 0, 0, 1, 0, 0, 0, 1, 0, 0, 0, 1, 0, 0, 0, 1, 0, 0, 0, 1, 0, 0, 0, 1, 0, 0, 0, 1, 0, 0, 0, 1, 0, 0, 0, 1, 0, 0, 0, 1, 0, 0, 0, 1, 0, 0, 0, 1, 0, 0, 0, 1, 0, 0, 0, 1, 0, 0, 0, 1, 0, 0, 0, 1, 0, 0, 0, 1, 0, 0, 0, 1, 0, 0, 0, 1, 0, 0, 0, 1, 0, 0, 0, 1, 0, 0, 0, 1, 0, 0, 0, 1, 0, 0, 0, 1, 0, 0, 0, 1, 0, 0, 0, 1, 0, 0, 0, 1, 0, 0, 0, 1, 0, 0, 0, 1, 0, 0, 0, 1, 0, 0, 0, 1, 0, 0, 0, 1, 0, 0, 0, 1, 0, 0, 0, 1, 0, 0, 0, 1, 0, 0, 0, 1, 0, 0, 0, 1, 0, 0, 0, 1, 0, 0, 0, 1, 0, 0, 0, 1, 0, 0, 0, 1, 0, 0, 0, 1, 0, 0, 0, 1, 0, 0, 0, 1, 0, 0, 0, 1, 0, 0, 0, 1, 0, 0, 0, 1, 0, 0, 0, 1, 0, 0, 0, 1, 0, 0, 0, 1, 0, 0, 0, 1, 0, 0, 0, 1, 0, 0, 0, 1, 0, 0, 0, 1, 0, 0, 0, 1, 0, 0, 0, 1, 0, 0, 0, 1, 0, 0, 0, 1, 0, 0, 0, 1, 0, 0, 0, 1, 0, 0, 0, 1, 0, 0, 0, 1, 0, 0, 0, 1, 0, 0, 0, 1, 0, 0, 0, 1, 0, 0, 0, 1, 0, 0, 0, 1, 0, 0, 0, 1, 0, 0, 0, 1, 0, 0, 0, 1, 0, 0, 0, 1, 0, 0, 0, 1, 0, 0, 0, 1, 0, 0, 0, 1, 0, 0, 0, 1, 0, 0, 0, 1, 0, 0, 0, 1, 0, 0, 0, 1, 0, 0, 0, 1, 0, 0, 0, 1, 0, 0, 0, 1, 0, 0, 0, 1, 0, 0, 0, 1, 0, 0, 0, 1, 0, 0, 0, 1, 0, 0, 0, 1, 0, 0, 0, 1, 0, 0, 0, 1, 0, 0, 0, 1, 0, 0, 0, 1, 0, 0, 0, 1, 0, 0, 0, 1, 0, 0, 0, 1, 0, 0, 0, 1, 0, 0, 0, 1, 0, 0, 0, 1, 0, 0, 0, 1, 0, 0, 0, 1, 0, 0, 0, 1, 0, 0, 0, 1, 0, 0, 0, 1, 0, 0, 0, 1, 0, 0, 0, 1, 0, 0, 0, 1, 0, 0, 0, 1, 0, 0, 0, 1, 0, 0, 0, 1, 0, 0, 0, 1, 0, 0, 0, 1, 0, 0, 0, 1, 0, 0, 0, 1, 0, 0, 0, 1, 0, 0, 0, 1, 0, 0, 0, 1, 0, 0, 0, 1, 0, 0, 0, 1, 0, 0, 0, 1, 0, 0, 0, 1, 0, 0, 0, 1, 0, 0, 0, 1, 0, 0, 0, 1, 0, 0, 0, 1, 0, 0, 0, 1, 0, 0, 0, 1, 0, 0, 0, 1, 0, 0, 0, 1, 0, 0, 0, 1, 0, 0, 0, 1, 0, 0, 0, 1, 0, 0, 0, 1, 0, 0, 0, 1, 0, 0, 0, 1, 0, 0, 0, 1, 0, 0, 0, 1, 0, 0, 0, 1, 0, 0, 0, 1, 0, 0, 0, 1, 0, 0, 0, 1, 0, 0, 0, 1, 0, 0, 0, 1, 0, 0, 0, 1, 0, 0, 0, 1, 0, 0, 0, 1, 0, 0, 0, 1, 0, 0, 0, 1, 0, 0, 0, 1, 0, 0, 0, 1, 0, 0, 0, 1, 0, 0, 0, 1, 0, 0, 0, 1, 0, 0, 0, 1, 0, 0, 0, 1, 0, 0, 0, 1, 0, 0, 0, 1, 0, 0, 0, 1, 0, 0, 0, 1, 0, 0, 0, 1, 0, 0, 0, 1, 0, 0, 0, 1, 0, 0, 0, 1, 0, 0, 0, 1, 0, 0, 0, 1, 0, 0, 0, 1, 0, 0, 0, 1, 0, 0, 0, 1, 0, 0, 0, 1, 0, 0, 0, 1, 0, 0, 0, 1, 0, 0, 0, 1, 0, 0, 0, 1, 0, 0, 0, 1, 0, 0, 0, 1, 0, 0, 0, 1, 0, 0, 0, 1, 0, 0, 0, 1, 0, 0, 0, 1, 0, 0, 0, 1, 0, 0, 0, 1, 0, 0, 0, 1, 0, 0, 0, 1, 0, 0, 0, 1, 0, 0, 0, 1, 0, 0, 0, 1, 0, 0, 0, 1, 0, 0, 0, 1, 0, 0, 0, 1, 0, 0, 0, 1, 0, 0, 0, 1, 0, 0, 0, 1, 0, 0, 0, 1, 0, 0, 0, 1, 0, 0, 0, 1, 0, 0, 0, 1, 0, 0, 0, 1, 0, 0, 0, 1, 0, 0, 0, 1, 0, 0, 0, 1, 0, 0, 0, 1, 0, 0, 0, 1, 0, 0, 0, 1, 0, 0, 0, 1, 0, 0, 0, 1, 0, 0, 0, 1, 0, 0, 0, 1, 0, 0, 0, 1, 0, 0, 0, 1, 0, 0, 0, 1, 0, 0, 0, 1, 0, 0, 0, 1, 0, 0, 0, 1, 0, 0, 0, 1, 0, 0, 0, 1, 0, 0, 0, 1, 0, 0, 0, 1, 0, 0, 0, 1, 0, 0, 0, 1, 0, 0, 0, 1, 0, 0, 0, 1, 0, 0, 0, 1, 0, 0, 0, 1, 0, 0, 0, 1, 0, 0, 0, 1, 0, 0, 0, 1, 0, 0, 0, 1, 0, 0, 0, 1, 0, 0, 0, 1, 0, 0, 0, 1, 0, 0, 0, 1, 0, 0, 0, 1, 0, 0, 0, 1, 0, 0, 0, 1, 0, 0, 0, 1, 0, 0, 0, 1, 0, 0, 0, 1, 0, 0, 0, 1, 0, 0, 0, 1, 0, 0, 0, 1, 0, 0, 0, 1, 0, 0, 0, 1, 0, 0, 0, 1, 0, 0, 0, 1, 0, 0, 0, 1, 0, 0, 0, 1, 0, 0, 0, 1, 0, 0, 0, 1, 0, 0, 0, 1, 0, 0, 0, 1, 0, 0, 0, 1, 0, 0, 0, 1, 0, 0, 0, 1, 0, 0, 0, 1, 0, 0, 0, 1, 0, 0, 0, 1, 0, 0, 0, 1, 0, 0, 0, 1, 0, 0, 0, 1, 0, 0, 0, 1, 0, 0, 0, 1, 0, 0, 0, 1, 0, 0, 0, 1, 0, 0, 0, 1, 0, 0, 0, 1, 0, 0, 0, 1, 0, 0, 0, 1, 0, 0, 0, 1, 0, 0, 0, 1, 0, 0, 0, 1, 0, 0, 0, 1, 0, 0, 0, 1, 0, 0, 0, 1, 0, 0, 0, 1, 0, 0, 0, 1, 0, 0, 0, 1, 0, 0, 0, 1, 0, 0, 0, 1, 0, 0, 0, 1, 0, 0, 0, 1, 0, 0, 0, 1, 0, 0, 0, 1, 0, 0, 0, 1, 0, 0, 0, 1, 0, 0, 0, 1, 0, 0, 0, 1, 0, 0, 0, 1, 0, 0, 0, 1, 0, 0, 0, 1, 0, 0, 0, 1, 0, 0, 0, 1, 0, 0, 0, 1, 0, 0, 0, 1, 0, 0, 0, 1, 0, 0, 0, 1, 0, 0, 0, 1, 0, 0, 0, 1, 0, 0, 0, 1, 0, 0, 0, 1, 0, 0, 0, 1, 0, 0, 0, 1, 0, 0, 0, 1, 0, 0, 0, 1, 0, 0, 0, 1, 0, 0, 0, 1, 0, 0, 0, 1, 0, 0, 0, 1, 0, 0, 0, 1, 0, 0, 0, 1, 0, 0, 0, 1, 0, 0, 0, 1, 0, 0, 0, 1, 0, 0, 0, 1, 0, 0, 0, 1, 0, 0, 0, 1, 0, 0, 0, 1, 0, 0, 0, 1, 0, 0, 0, 1, 0, 0, 0, 1, 0, 0, 0, 1, 0, 0, 0, 1, 0, 0, 0, 1, 0, 0, 0, 1, 0, 0, 0, 1, 0, 0, 0, 1, 0, 0, 0, 1, 0, 0, 0, 1, 0, 0, 0, 1, 0, 0, 0, 1, 0, 0, 0, 1, 0, 0, 0, 1, 0, 0, 0, 1, 0, 0, 0, 1, 0, 0, 0, 1, 0, 0, 0, 1, 0, 0, 0, 1, 0, 0, 0, 1, 0, 0, 0, 1, 0, 0, 0, 1, 0, 0, 0, 1, 0, 0, 0, 1, 0, 0, 0, 1, 0, 0, 0, 1, 0, 0, 0, 1, 0, 0, 0, 1, 0, 0, 0, 1, 0, 0, 0, 1, 0, 0, 0, 1, 0, 0, 0, 1, 0, 0, 0, 1, 0, 0, 0, 1, 0, 0, 0, 1, 0, 0, 0, 1, 0, 0, 0, 1, 0, 0, 0, 1, 0, 0, 0, 1, 0, 0, 0, 1, 0, 0, 0, 1, 0, 0, 0, 1, 0, 0, 0, 1, 0, 0, 0, 1, 0, 0, 0, 1, 0, 0, 0, 1, 0, 0, 0, 1, 0, 0, 0, 1, 0, 0, 0, 1, 0, 0, 0, 1, 0, 0, 0, 1, 0, 0, 0, 1, 0, 0, 0, 1, 0, 0, 0, 1, 0, 0, 0, 1, 0, 0, 0, 1, 0, 0, 0, 1, 0, 0, 0, 1, 0, 0, 0, 1, 0, 0, 0, 1, 0, 0, 0, 1, 0, 0, 0, 1, 0, 0, 0, 1, 0, 0, 0, 1, 0, 0, 0, 1, 0, 0, 0, 1, 0, 0, 0, 1, 0, 0, 0, 1, 0, 0, 0, 1, 0, 0, 0, 1, 0, 0, 0, 1, 0, 0, 0, 1, 0, 0, 0, 1, 0, 0, 0, 1, 0, 0, 0, 1, 0, 0, 0, 1, 0, 0, 0, 1, 0, 0, 0, 1, 0, 0, 0, 1, 0, 0, 0, 1, 0, 0, 0, 1, 0, 0, 0, 1, 0, 0, 0, 1, 0, 0, 0, 1, 0, 0, 0, 1, 0, 0, 0, 1, 0, 0, 0, 1, 0, 0, 0, 1, 0, 0, 0, 1, 0, 0, 0, 1, 0, 0, 0, 1, 0, 0, 0, 1, 0, 0, 0, 1, 0, 0, 0, 1, 0, 0, 0, 1, 0, 0, 0, 1, 0, 0, 0, 1, 0, 0, 0, 1, 0, 0, 0, 1, 0, 0, 0, 1, 0, 0, 0, 1, 0, 0, 0, 1, 0, 0, 0, 1, 0, 0, 0, 1, 0, 0, 0, 1, 0, 0, 0, 1, 0, 0, 0, 1, 0, 0, 0, 1, 0, 0, 0, 1, 0, 0, 0, 1, 0, 0, 0, 1, 0, 0, 0, 1, 0, 0, 0, 1, 0, 0, 0, 1, 0, 0, 0, 1, 0, 0, 0, 1, 0, 0, 0, 1, 0, 0, 0, 1, 0, 0, 0, 1, 0, 0, 0, 1, 0, 0, 0, 1, 0, 0, 0, 1, 0, 0, 0, 1, 0, 0, 0, 1, 0, 0, 0, 1, 0, 0, 0, 1, 0, 0, 0, 1, 0, 0, 0, 1, 0, 0, 0, 1, 0, 0, 0, 1, 0, 0, 0, 1, 0, 0, 0, 1, 0, 0, 0, 1, 0, 0, 0, 1, 0, 0, 0, 1, 0, 0, 0, 1, 0, 0, 0, 1, 0, 0, 0, 1, 0, 0, 0, 1, 0, 0, 0, 1, 0, 0, 0, 1, 0, 0, 0, 1, 0, 0, 0, 1, 0, 0, 0, 1, 0, 0, 0, 1, 0, 0, 0, 1, 0, 0, 0, 1, 0, 0, 0, 1, 0, 0, 0, 1, 0, 0, 0, 1, 0, 0, 0, 1, 0, 0, 0, 1, 0, 0, 0, 1, 0, 0, 0, 1, 0, 0, 0, 1, 0, 0, 0, 1, 0, 0, 0, 1, 0, 0, 0, 1, 0, 0, 0, 1, 0, 0, 0, 1, 0, 0, 0, 1, 0, 0, 0, 1, 0, 0, 0, 1, 0, 0, 0, 1, 0, 0, 0, 1, 0, 0, 0, 1, 0, 0, 0, 1, 0, 0, 0, 1, 0, 0, 0, 1, 0, 0, 0, 1, 0, 0, 0, 1, 0, 0, 0, 1, 0, 0, 0, 1, 0, 0, 0, 1, 0, 0, 0, 1, 0, 0, 0, 1, 0, 0, 0, 1, 0, 0, 0, 1, 0, 0, 0, 1, 0, 0, 0, 1, 0, 0, 0, 1, 0, 0, 0, 1, 0, 0, 0, 1, 0, 0, 0, 1, 0, 0, 0, 1, 0, 0, 0, 1, 0, 0, 0, 1, 0, 0, 0, 1, 0, 0, 0, 1, 0, 0, 0, 1, 0, 0, 0, 1, 0, 0, 0, 1, 0, 0, 0, 1, 0, 0, 0, 1, 0, 0, 0, 1, 0, 0, 0, 1, 0, 0, 0, 1, 0, 0, 0, 1, 0, 0, 0, 1, 0, 0, 0, 1, 0, 0, 0, 1, 0, 0, 0, 1, 0, 0, 0, 1, 0, 0, 0, 1, 0, 0, 0, 1, 0, 0, 0, 1, 0, 0, 0, 1, 0, 0, 0, 1, 0, 0, 0, 1, 0, 0, 0, 1, 0, 0, 0, 1, 0, 0, 0, 1, 0, 0, 0, 1, 0, 0, 0, 1, 0, 0, 0, 1, 0, 0, 0, 1, 0, 0, 0, 1, 0, 0, 0, 1, 0, 0, 0, 1, 0, 0, 0, 1, 0, 0, 0, 1, 0, 0, 0, 1, 0, 0, 0, 1, 0, 0, 0, 1, 0, 0, 0, 1, 0, 0, 0, 1, 0, 0, 0, 1, 0, 0, 0, 1, 0, 0, 0, 1, 0, 0, 0, 1, 0, 0, 0, 1, 0, 0, 0, 1, 0, 0, 0, 1, 0, 0, 0, 1, 0, 0, 0, 1, 0, 0, 0, 1, 0, 0, 0, 1, 0, 0, 0, 1, 0, 0, 0, 1, 0, 0, 0, 1, 0, 0, 0, 1, 0, 0, 0, 1, 0, 0, 0, 1, 0, 0, 0, 1, 0, 0, 0, 1, 0, 0, 0, 1, 0, 0, 0, 1, 0, 0, 0, 1, 0, 0, 0, 1, 0, 0, 0, 1, 0, 0, 0, 1, 0, 0, 0, 1, 0, 0, 0, 1, 0, 0, 0, 1, 0, 0, 0, 1, 0, 0, 0, 1, 0, 0, 0, 1, 0, 0, 0, 1, 0, 0, 0, 1, 0, 0, 0, 1, 0, 0, 0, 1, 0, 0, 0, 1, 0, 0, 0, 1, 0, 0, 0, 1, 0, 0, 0, 1, 0, 0, 0, 1, 0, 0, 0, 1, 0, 0, 0, 1, 0, 0, 0, 1, 0, 0, 0, 1, 0, 0, 0, 1, 0, 0, 0, 1, 0, 0, 0, 1, 0, 0, 0, 1, 0, 0, 0, 1, 0, 0, 0, 1, 0, 0, 0, 1, 0, 0, 0, 1, 0, 0, 0, 1, 0, 0, 0, 1, 0, 0, 0, 1, 0, 0, 0, 1, 0, 0, 0, 1, 0, 0, 0, 1, 0, 0, 0, 1, 0, 0, 0, 1, 0, 0, 0, 1, 0, 0, 0, 1, 0, 0, 0, 1, 0, 0, 0, 1, 0, 0, 0, 1, 0, 0, 0, 1, 0, 0, 0, 1, 0, 0, 0, 1, 0, 0, 0, 1, 0, 0, 0, 1, 0, 0, 0, 1, 0, 0, 0, 1, 0, 0, 0, 1, 0, 0, 0, 1, 0, 0, 0, 1, 0, 0, 0, 1, 0, 0, 0, 1, 0, 0, 0, 1, 0, 0, 0, 1, 0, 0, 0, 1, 0, 0, 0, 1, 0, 0, 0, 1, 0, 0, 0, 1, 0, 0, 0, 1, 0, 0, 0, 1, 0, 0, 0, 1, 0, 0, 0, 1, 0, 0, 0, 1, 0, 0, 0, 1, 0, 0, 0, 1, 0, 0, 0, 1, 0, 0, 0, 1, 0, 0, 0, 1, 0, 0, 0, 1, 0, 0, 0, 1, 0, 0, 0, 1, 0, 0, 0, 1, 0, 0, 0, 1, 0, 0, 0, 1, 0, 0, 0, 1, 0, 0, 0, 1, 0, 0, 0, 1, 0, 0, 0, 1, 0, 0, 0, 1, 0, 0, 0, 1, 0, 0, 0, 1, 0, 0, 0, 1, 0, 0, 0, 1, 0, 0, 0, 1, 0, 0, 0, 1, 0, 0, 0, 1, 0, 0, 0, 1, 0, 0, 0, 1, 0, 0, 0, 1, 0, 0, 0, 1, 0, 0, 0, 1, 0, 0, 0, 1, 0, 0, 0, 1, 0, 0, 0, 1, 0, 0, 0, 1, 0, 0, 0, 1, 0, 0, 0, 1, 0, 0, 0, 1, 0, 0, 0, 1, 0, 0, 0, 1, 0, 0, 0, 1, 0, 0, 0, 1, 0, 0, 0, 1, 0, 0, 0, 1, 0, 0, 0, 1, 0, 0, 0, 1, 0, 0, 0, 1, 0, 0, 0, 1, 0, 0, 0, 1, 0, 0, 0, 1, 0, 0, 0, 1, 0, 0, 0, 1, 0, 0, 0, 1, 0, 0, 0, 1, 0, 0, 0, 1, 0, 0, 0, 1, 0, 0, 0, 1, 0, 0, 0, 1, 0, 0, 0, 1, 0, 0, 0, 1, 0, 0, 0, 1, 0, 0, 0, 1, 0, 0, 0, 1, 0, 0, 0, 1, 0, 0, 0, 1, 0, 0, 0, 1, 0, 0, 0, 1, 0, 0, 0, 1, 0, 0, 0, 1, 0, 0, 0, 1, 0, 0, 0, 1, 0, 0, 0, 1, 0, 0, 0, 1, 0, 0, 0, 1, 0, 0, 0, 1, 0, 0, 0, 1, 0, 0, 0, 1, 0, 0, 0, 1, 0, 0, 0, 1, 0, 0, 0, 1, 0, 0, 0, 1, 0, 0, 0, 1, 0, 0, 0, 1, 0, 0, 0, 1, 0, 0, 0, 1, 0, 0, 0, 1, 0, 0, 0, 1, 0, 0, 0, 1, 0, 0, 0, 1, 0, 0, 0, 1, 0, 0, 0, 1, 0, 0, 0, 1, 0, 0, 0, 1, 0, 0, 0, 1, 0, 0, 0, 1, 0, 0, 0, 1, 0, 0, 0, 1, 0, 0, 0, 1, 0, 0, 0, 1, 0, 0, 0, 1, 0, 0, 0, 1, 0, 0, 0, 1, 0, 0, 0, 1, 0, 0, 0, 1, 0, 0, 0, 1, 0, 0, 0, 1, 0, 0, 0, 1, 0, 0, 0, 1, 0, 0, 0, 1, 0, 0, 0, 1, 0, 0, 0, 1, 0, 0, 0, 1, 0, 0, 0, 1, 0, 0, 0, 1, 0, 0, 0, 1, 0, 0, 0, 1, 0, 0, 0, 1, 0, 0, 0, 1, 0, 0, 0, 1, 0, 0, 0, 1, 0, 0, 0, 1, 0, 0, 0, 1, 0, 0, 0, 1, 0, 0, 0, 1, 0, 0, 0, 1, 0, 0, 0, 1, 0, 0, 0, 1, 0, 0, 0, 1, 0, 0, 0, 1, 0, 0, 0, 1, 0, 0, 0, 1, 0, 0, 0, 1, 0, 0, 0, 1, 0, 0, 0, 1, 0, 0, 0, 1, 0, 0, 0, 1, 0, 0, 0, 1, 0, 0, 0, 1, 0, 0, 0, 1, 0, 0, 0, 1, 0, 0, 0, 1, 0, 0, 0, 1, 0, 0, 0, 1, 0, 0, 0, 1, 0, 0, 0, 1, 0, 0, 0, 1, 0, 0, 0, 1, 0, 0, 0, 1, 0, 0, 0, 1, 0, 0, 0, 1, 0, 0, 0, 1, 0, 0, 0, 1, 0, 0, 0, 1, 0, 0, 0, 1, 0, 0, 0, 1, 0, 0, 0, 1, 0, 0, 0, 1, 0, 0, 0, 1, 0, 0, 0, 1, 0, 0, 0, 1, 0, 0, 0, 1, 0, 0, 0, 1, 0, 0, 0, 1, 0, 0, 0, 1, 0, 0, 0, 1, 0, 0, 0, 1, 0, 0, 0, 1, 0, 0, 0, 1, 0, 0, 0, 1, 0, 0, 0, 1, 0, 0, 0, 1, 0, 0, 0, 1, 0, 0, 0, 1, 0, 0, 0, 1, 0, 0, 0, 1, 0, 0, 0, 1, 0, 0, 0, 1, 0, 0, 0, 1, 0, 0, 0, 0.75, 0.25, 0, 0, 1, 0, 0, 0, 1, 0, 0, 0, 1, 0, 0, 0, 0.75, 0.25, 0, 0, 0.75, 0.25, 0, 0, 1, 0, 0, 0, 1, 0, 0, 0, 1, 0, 0, 0, 1, 0, 0, 0, 1, 0, 0, 0, 1, 0, 0, 0, 1, 0, 0, 0, 1, 0, 0, 0, 1, 0, 0, 0, 1, 0, 0, 0, 0.75, 0.25, 0, 0, 1, 0, 0, 0, 0.75, 0.25, 0, 0, 1, 0, 0, 0, 1, 0, 0, 0, 1, 0, 0, 0, 1, 0, 0, 0, 1, 0, 0, 0, 1, 0, 0, 0, 0.75, 0.25, 0, 0, 0.75, 0.25, 0, 0, 1, 0, 0, 0, 1, 0, 0, 0, 0.75, 0.25, 0, 0, 1, 0, 0, 0, 1, 0, 0, 0, 1, 0, 0, 0, 0.75, 0.25, 0, 0, 1, 0, 0, 0, 1, 0, 0, 0, 1, 0, 0, 0, 1, 0, 0, 0, 1, 0, 0, 0, 0.75, 0.25, 0, 0, 1, 0, 0, 0, 1, 0, 0, 0, 1, 0, 0, 0, 0.75, 0.25, 0, 0, 1, 0, 0, 0, 1, 0, 0, 0, 1, 0, 0, 0, 1, 0, 0, 0, 1, 0, 0, 0, 1, 0, 0, 0, 1, 0, 0, 0, 1, 0, 0, 0, 1, 0, 0, 0, 1, 0, 0, 0, 1, 0, 0, 0, 1, 0, 0, 0, 1, 0, 0, 0, 1, 0, 0, 0, 0.75, 0.25, 0, 0, 1, 0, 0, 0, 1, 0, 0, 0, 0.75, 0.25, 0, 0, 1, 0, 0, 0, 1, 0, 0, 0, 1, 0, 0, 0, 1, 0, 0, 0, 1, 0, 0, 0, 0.75, 0.25, 0, 0, 0.75, 0.25, 0, 0, 1, 0, 0, 0, 1, 0, 0, 0, 1, 0, 0, 0, 1, 0, 0, 0, 0.75, 0.25, 0, 0, 1, 0, 0, 0, 1, 0, 0, 0, 1, 0, 0, 0, 1, 0, 0, 0, 1, 0, 0, 0, 1, 0, 0, 0, 1, 0, 0, 0, 1, 0, 0, 0, 1, 0, 0, 0, 1, 0, 0, 0, 1, 0, 0, 0, 1, 0, 0, 0, 1, 0, 0, 0, 1, 0, 0, 0, 1, 0, 0, 0, 1, 0, 0, 0, 1, 0, 0, 0, 1, 0, 0, 0, 1, 0, 0, 0, 1, 0, 0, 0, 1, 0, 0, 0, 1, 0, 0, 0, 1, 0, 0, 0, 1, 0, 0, 0, 1, 0, 0, 0, 1, 0, 0, 0, 1, 0, 0, 0, 1, 0, 0, 0, 1, 0, 0, 0, 1, 0, 0, 0, 1, 0, 0, 0, 1, 0, 0, 0, 1, 0, 0, 0, 1, 0, 0, 0, 1, 0, 0, 0, 1, 0, 0, 0, 1, 0, 0, 0, 1, 0, 0, 0, 1, 0, 0, 0, 1, 0, 0, 0, 1, 0, 0, 0, 1, 0, 0, 0, 1, 0, 0, 0, 1, 0, 0, 0, 1, 0, 0, 0, 1, 0, 0, 0, 1, 0, 0, 0, 1, 0, 0, 0, 1, 0, 0, 0, 1, 0, 0, 0, 1, 0, 0, 0, 1, 0, 0, 0, 1, 0, 0, 0, 1, 0, 0, 0, 1, 0, 0, 0, 1, 0, 0, 0, 1, 0, 0, 0, 1, 0, 0, 0, 1, 0, 0, 0, 1, 0, 0, 0, 1, 0, 0, 0, 1, 0, 0, 0, 1, 0, 0, 0, 1, 0, 0, 0, 1, 0, 0, 0, 1, 0, 0, 0, 1, 0, 0, 0, 1, 0, 0, 0, 1, 0, 0, 0, 1, 0, 0, 0, 1, 0, 0, 0, 1, 0, 0, 0, 1, 0, 0, 0, 1, 0, 0, 0, 1, 0, 0, 0, 1, 0, 0, 0, 1, 0, 0, 0, 1, 0, 0, 0, 1, 0, 0, 0, 1, 0, 0, 0, 1, 0, 0, 0, 1, 0, 0, 0, 1, 0, 0, 0, 1, 0, 0, 0, 1, 0, 0, 0, 1, 0, 0, 0, 1, 0, 0, 0, 1, 0, 0, 0, 1, 0, 0, 0, 1, 0, 0, 0, 1, 0, 0, 0, 1, 0, 0, 0, 1, 0, 0, 0, 1, 0, 0, 0, 1, 0, 0, 0, 1, 0, 0, 0, 1, 0, 0, 0, 1, 0, 0, 0, 1, 0, 0, 0, 1, 0, 0, 0, 1, 0, 0, 0, 1, 0, 0, 0, 1, 0, 0, 0, 1, 0, 0, 0, 1, 0, 0, 0, 1, 0, 0, 0, 1, 0, 0, 0, 1, 0, 0, 0, 1, 0, 0, 0, 1, 0, 0, 0, 1, 0, 0, 0, 1, 0, 0, 0, 1, 0, 0, 0, 1, 0, 0, 0, 1, 0, 0, 0, 1, 0, 0, 0, 1, 0, 0, 0, 1, 0, 0, 0, 1, 0, 0, 0, 1, 0, 0, 0, 1, 0, 0, 0, 1, 0, 0, 0, 1, 0, 0, 0, 1, 0, 0, 0, 1, 0, 0, 0, 1, 0, 0, 0, 1, 0, 0, 0, 1, 0, 0, 0, 1, 0, 0, 0, 1, 0, 0, 0, 1, 0, 0, 0, 1, 0, 0, 0, 1, 0, 0, 0, 1, 0, 0, 0, 1, 0, 0, 0, 1, 0, 0, 0, 1, 0, 0, 0, 1, 0, 0, 0, 1, 0, 0, 0, 1, 0, 0, 0, 1, 0, 0, 0, 1, 0, 0, 0, 1, 0, 0, 0, 1, 0, 0, 0, 1, 0, 0, 0, 1, 0, 0, 0, 1, 0, 0, 0, 1, 0, 0, 0, 1, 0, 0, 0, 1, 0, 0, 0, 1, 0, 0, 0, 1, 0, 0, 0, 1, 0, 0, 0, 1, 0, 0, 0, 1, 0, 0, 0, 1, 0, 0, 0, 1, 0, 0, 0, 1, 0, 0, 0, 1, 0, 0, 0, 1, 0, 0, 0, 1, 0, 0, 0, 1, 0, 0, 0, 1, 0, 0, 0, 1, 0, 0, 0, 1, 0, 0, 0, 1, 0, 0, 0, 1, 0, 0, 0, 1, 0, 0, 0, 1, 0, 0, 0, 1, 0, 0, 0, 1, 0, 0, 0, 1, 0, 0, 0, 1, 0, 0, 0, 1, 0, 0, 0, 1, 0, 0, 0, 1, 0, 0, 0, 1, 0, 0, 0, 1, 0, 0, 0, 1, 0, 0, 0, 1, 0, 0, 0, 1, 0, 0, 0, 1, 0, 0, 0, 1, 0, 0, 0, 1, 0, 0, 0, 1, 0, 0, 0, 1, 0, 0, 0, 1, 0, 0, 0, 1, 0, 0, 0, 1, 0, 0, 0, 1, 0, 0, 0, 1, 0, 0, 0, 1, 0, 0, 0, 1, 0, 0, 0, 1, 0, 0, 0, 1, 0, 0, 0, 1, 0, 0, 0, 1, 0, 0, 0, 1, 0, 0, 0, 1, 0, 0, 0, 1, 0, 0, 0, 1, 0, 0, 0, 1, 0, 0, 0, 1, 0, 0, 0, 1, 0, 0, 0, 1, 0, 0, 0, 1, 0, 0, 0, 1, 0, 0, 0, 1, 0, 0, 0, 1, 0, 0, 0, 1, 0, 0, 0, 1, 0, 0, 0, 1, 0, 0, 0, 1, 0, 0, 0, 1, 0, 0, 0, 1, 0, 0, 0, 1, 0, 0, 0, 1, 0, 0, 0, 1, 0, 0, 0, 1, 0, 0, 0, 1, 0, 0, 0, 1, 0, 0, 0, 1, 0, 0, 0, 1, 0, 0, 0, 1, 0, 0, 0, 1, 0, 0, 0, 1, 0, 0, 0, 1, 0, 0, 0, 1, 0, 0, 0, 1, 0, 0, 0, 1, 0, 0, 0, 1, 0, 0, 0, 1, 0, 0, 0, 1, 0, 0, 0, 1, 0, 0, 0, 1, 0, 0, 0, 1, 0, 0, 0, 1, 0, 0, 0, 1, 0, 0, 0, 1, 0, 0, 0, 1, 0, 0, 0, 1, 0, 0, 0, 1, 0, 0, 0, 1, 0, 0, 0, 1, 0, 0, 0, 1, 0, 0, 0, 1, 0, 0, 0, 1, 0, 0, 0, 1, 0, 0, 0, 1, 0, 0, 0, 1, 0, 0, 0, 1, 0, 0, 0, 1, 0, 0, 0, 1, 0, 0, 0, 1, 0, 0, 0, 1, 0, 0, 0, 1, 0, 0, 0, 1, 0, 0, 0, 1, 0, 0, 0, 1, 0, 0, 0, 1, 0, 0, 0, 1, 0, 0, 0, 1, 0, 0, 0, 1, 0, 0, 0, 1, 0, 0, 0, 1, 0, 0, 0, 1, 0, 0, 0, 1, 0, 0, 0, 1, 0, 0, 0, 1, 0, 0, 0, 1, 0, 0, 0, 1, 0, 0, 0, 1, 0, 0, 0, 1, 0, 0, 0, 1, 0, 0, 0, 1, 0, 0, 0, 1, 0, 0, 0, 1, 0, 0, 0, 1, 0, 0, 0, 1, 0, 0, 0, 1, 0, 0, 0, 1, 0, 0, 0, 1, 0, 0, 0, 1, 0, 0, 0, 1, 0, 0, 0, 1, 0, 0, 0, 1, 0, 0, 0, 1, 0, 0, 0, 1, 0, 0, 0, 1, 0, 0, 0, 1, 0, 0, 0, 1, 0, 0, 0, 1, 0, 0, 0, 1, 0, 0, 0, 1, 0, 0, 0, 1, 0, 0, 0, 1, 0, 0, 0, 1, 0, 0, 0, 1, 0, 0, 0, 1, 0, 0, 0, 1, 0, 0, 0, 1, 0, 0, 0, 1, 0, 0, 0, 1, 0, 0, 0, 1, 0, 0, 0, 1, 0, 0, 0, 1, 0, 0, 0, 1, 0, 0, 0, 1, 0, 0, 0, 1, 0, 0, 0, 1, 0, 0, 0, 1, 0, 0, 0, 1, 0, 0, 0, 1, 0, 0, 0, 1, 0, 0, 0, 1, 0, 0, 0, 1, 0, 0, 0, 1, 0, 0, 0, 1, 0, 0, 0, 1, 0, 0, 0, 1, 0, 0, 0, 1, 0, 0, 0, 1, 0, 0, 0, 1, 0, 0, 0, 1, 0, 0, 0, 1, 0, 0, 0, 1, 0, 0, 0, 1, 0, 0, 0, 1, 0, 0, 0, 1, 0, 0, 0, 1, 0, 0, 0, 1, 0, 0, 0, 1, 0, 0, 0, 1, 0, 0, 0, 1, 0, 0, 0, 1, 0, 0, 0, 1, 0, 0, 0, 1, 0, 0, 0, 1, 0, 0, 0, 1, 0, 0, 0, 1, 0, 0, 0, 1, 0, 0, 0, 1, 0, 0, 0, 1, 0, 0, 0, 1, 0, 0, 0, 1, 0, 0, 0, 1, 0, 0, 0, 1, 0, 0, 0, 1, 0, 0, 0, 1, 0, 0, 0, 1, 0, 0, 0, 1, 0, 0, 0, 1, 0, 0, 0, 1, 0, 0, 0, 1, 0, 0, 0, 1, 0, 0, 0, 1, 0, 0, 0, 1, 0, 0, 0, 1, 0, 0, 0, 1, 0, 0, 0, 1, 0, 0, 0, 1, 0, 0, 0, 1, 0, 0, 0, 1, 0, 0, 0, 1, 0, 0, 0, 1, 0, 0, 0, 1, 0, 0, 0, 1, 0, 0, 0, 1, 0, 0, 0, 1, 0, 0, 0, 1, 0, 0, 0, 1, 0, 0, 0, 1, 0, 0, 0, 1, 0, 0, 0, 1, 0, 0, 0, 1, 0, 0, 0, 1, 0, 0, 0, 1, 0, 0, 0, 1, 0, 0, 0, 1, 0, 0, 0, 1, 0, 0, 0, 1, 0, 0, 0, 1, 0, 0, 0, 1, 0, 0, 0, 1, 0, 0, 0, 1, 0, 0, 0, 1, 0, 0, 0, 1, 0, 0, 0, 1, 0, 0, 0, 1, 0, 0, 0, 1, 0, 0, 0, 1, 0, 0, 0, 1, 0, 0, 0, 1, 0, 0, 0, 1, 0, 0, 0, 1, 0, 0, 0, 1, 0, 0, 0, 1, 0, 0, 0, 1, 0, 0, 0, 1, 0, 0, 0, 1, 0, 0, 0, 1, 0, 0, 0, 1, 0, 0, 0, 1, 0, 0, 0, 1, 0, 0, 0, 1, 0, 0, 0, 1, 0, 0, 0, 1, 0, 0, 0, 1, 0, 0, 0, 1, 0, 0, 0, 1, 0, 0, 0, 1, 0, 0, 0, 1, 0, 0, 0, 1, 0, 0, 0, 1, 0, 0, 0, 1, 0, 0, 0, 1, 0, 0, 0, 1, 0, 0, 0, 1, 0, 0, 0, 1, 0, 0, 0, 1, 0, 0, 0, 1, 0, 0, 0, 1, 0, 0, 0, 1, 0, 0, 0, 1, 0, 0, 0, 1, 0, 0, 0, 1, 0, 0, 0, 1, 0, 0, 0, 1, 0, 0, 0, 1, 0, 0, 0, 1, 0, 0, 0, 1, 0, 0, 0, 1, 0, 0, 0, 1, 0, 0, 0, 1, 0, 0, 0, 1, 0, 0, 0, 1, 0, 0, 0, 1, 0, 0, 0, 1, 0, 0, 0, 1, 0, 0, 0, 1, 0, 0, 0, 1, 0, 0, 0, 1, 0, 0, 0, 1, 0, 0, 0, 1, 0, 0, 0, 1, 0, 0, 0, 1, 0, 0, 0, 1, 0, 0, 0, 1, 0, 0, 0, 1, 0, 0, 0, 1, 0, 0, 0, 1, 0, 0, 0, 1, 0, 0, 0, 1, 0, 0, 0, 1, 0, 0, 0, 1, 0, 0, 0, 1, 0, 0, 0, 1, 0, 0, 0, 1, 0, 0, 0, 1, 0, 0, 0, 1, 0, 0, 0, 1, 0, 0, 0, 1, 0, 0, 0, 1, 0, 0, 0, 1, 0, 0, 0, 1, 0, 0, 0, 1, 0, 0, 0, 1, 0, 0, 0, 1, 0, 0, 0, 1, 0, 0, 0, 1, 0, 0, 0, 1, 0, 0, 0, 1, 0, 0, 0, 1, 0, 0, 0, 1, 0, 0, 0, 1, 0, 0, 0, 1, 0, 0, 0, 1, 0, 0, 0, 1, 0, 0, 0, 1, 0, 0, 0, 1, 0, 0, 0, 1, 0, 0, 0, 1, 0, 0, 0, 1, 0, 0, 0, 1, 0, 0, 0, 1, 0, 0, 0, 1, 0, 0, 0, 1, 0, 0, 0, 1, 0, 0, 0, 1, 0, 0, 0, 1, 0, 0, 0, 1, 0, 0, 0, 1, 0, 0, 0, 1, 0, 0, 0, 1, 0, 0, 0, 1, 0, 0, 0, 1, 0, 0, 0, 1, 0, 0, 0, 1, 0, 0, 0, 1, 0, 0, 0, 1, 0, 0, 0, 1, 0, 0, 0, 1, 0, 0, 0, 1, 0, 0, 0, 1, 0, 0, 0, 1, 0, 0, 0, 1, 0, 0, 0, 1, 0, 0, 0, 1, 0, 0, 0, 1, 0, 0, 0, 1, 0, 0, 0, 1, 0, 0, 0, 1, 0, 0, 0, 1, 0, 0, 0, 1, 0, 0, 0, 1, 0, 0, 0, 1, 0, 0, 0, 1, 0, 0, 0, 1, 0, 0, 0, 1, 0, 0, 0, 1, 0, 0, 0, 1, 0, 0, 0, 1, 0, 0, 0, 1, 0, 0, 0, 1, 0, 0, 0, 1, 0, 0, 0, 1, 0, 0, 0, 1, 0, 0, 0, 1, 0, 0, 0, 1, 0, 0, 0, 1, 0, 0, 0, 1, 0, 0, 0, 1, 0, 0, 0, 1, 0, 0, 0, 1, 0, 0, 0, 1, 0, 0, 0, 1, 0, 0, 0, 1, 0, 0, 0, 1, 0, 0, 0, 1, 0, 0, 0, 1, 0, 0, 0, 1, 0, 0, 0, 1, 0, 0, 0, 1, 0, 0, 0, 1, 0, 0, 0, 1, 0, 0, 0, 1, 0, 0, 0, 1, 0, 0, 0, 1, 0, 0, 0, 1, 0, 0, 0, 1, 0, 0, 0, 1, 0, 0, 0, 1, 0, 0, 0, 1, 0, 0, 0, 1, 0, 0, 0, 1, 0, 0, 0, 1, 0, 0, 0, 1, 0, 0, 0, 1, 0, 0, 0, 1, 0, 0, 0, 1, 0, 0, 0, 1, 0, 0, 0, 1, 0, 0, 0, 1, 0, 0, 0, 1, 0, 0, 0, 1, 0, 0, 0, 1, 0, 0, 0, 1, 0, 0, 0, 1, 0, 0, 0, 1, 0, 0, 0, 1, 0, 0, 0, 1, 0, 0, 0, 1, 0, 0, 0, 1, 0, 0, 0, 1, 0, 0, 0, 1, 0, 0, 0, 1, 0, 0, 0, 1, 0, 0, 0, 1, 0, 0, 0, 1, 0, 0, 0, 1, 0, 0, 0, 1, 0, 0, 0, 1, 0, 0, 0, 1, 0, 0, 0, 1, 0, 0, 0, 1, 0, 0, 0, 1, 0, 0, 0, 1, 0, 0, 0, 1, 0, 0, 0, 1, 0, 0, 0, 1, 0, 0, 0, 1, 0, 0, 0, 1, 0, 0, 0, 1, 0, 0, 0, 1, 0, 0, 0, 1, 0, 0, 0, 1, 0, 0, 0, 1, 0, 0, 0, 1, 0, 0, 0, 1, 0, 0, 0, 1, 0, 0, 0, 1, 0, 0, 0, 1, 0, 0, 0, 1, 0, 0, 0, 1, 0, 0, 0, 1, 0, 0, 0, 1, 0, 0, 0, 1, 0, 0, 0, 1, 0, 0, 0, 1, 0, 0, 0, 1, 0, 0, 0, 1, 0, 0, 0, 1, 0, 0, 0, 1, 0, 0, 0, 1, 0, 0, 0, 1, 0, 0, 0, 1, 0, 0, 0, 1, 0, 0, 0, 1, 0, 0, 0, 1, 0, 0, 0, 1, 0, 0, 0, 1, 0, 0, 0, 1, 0, 0, 0, 0.75, 0.25, 0, 0, 1, 0, 0, 0, 1, 0, 0, 0, 1, 0, 0, 0, 0.75, 0.25, 0, 0, 0.75, 0.25, 0, 0, 1, 0, 0, 0, 1, 0, 0, 0, 1, 0, 0, 0, 1, 0, 0, 0, 1, 0, 0, 0, 1, 0, 0, 0, 1, 0, 0, 0, 1, 0, 0, 0, 1, 0, 0, 0, 0.75, 0.25, 0, 0, 1, 0, 0, 0, 0.75, 0.25, 0, 0, 1, 0, 0, 0, 1, 0, 0, 0, 1, 0, 0, 0, 1, 0, 0, 0, 1, 0, 0, 0, 1, 0, 0, 0, 0.75, 0.25, 0, 0, 0.75, 0.25, 0, 0, 1, 0, 0, 0, 1, 0, 0, 0, 0.75, 0.25, 0, 0, 1, 0, 0, 0, 1, 0, 0, 0, 1, 0, 0, 0, 0.75, 0.25, 0, 0, 1, 0, 0, 0, 1, 0, 0, 0, 1, 0, 0, 0, 1, 0, 0, 0, 1, 0, 0, 0, 0.75, 0.25, 0, 0, 1, 0, 0, 0, 1, 0, 0, 0, 1, 0, 0, 0, 0.75, 0.25, 0, 0, 1, 0, 0, 0, 1, 0, 0, 0, 1, 0, 0, 0, 1, 0, 0, 0, 1, 0, 0, 0, 1, 0, 0, 0, 1, 0, 0, 0, 1, 0, 0, 0, 1, 0, 0, 0, 1, 0, 0, 0, 1, 0, 0, 0, 1, 0, 0, 0, 1, 0, 0, 0, 1, 0, 0, 0, 0.75, 0.25, 0, 0, 1, 0, 0, 0, 1, 0, 0, 0, 0.75, 0.25, 0, 0, 1, 0, 0, 0, 1, 0, 0, 0, 1, 0, 0, 0, 1, 0, 0, 0, 1, 0, 0, 0, 0.75, 0.25, 0, 0, 0.75, 0.25, 0, 0, 1, 0, 0, 0, 1, 0, 0, 0, 1, 0, 0, 0, 1, 0, 0, 0, 0.75, 0.25, 0, 0, 1, 0, 0, 0, 1, 0, 0, 0, 1, 0, 0, 0, 1, 0, 0, 0, 1, 0, 0, 0, 1, 0, 0, 0, 1, 0, 0, 0, 1, 0, 0, 0, 1, 0, 0, 0, 1, 0, 0, 0, 1, 0, 0, 0, 1, 0, 0, 0, 1, 0, 0, 0, 1, 0, 0, 0, 1, 0, 0, 0, 1, 0, 0, 0, 1, 0, 0, 0, 1, 0, 0, 0, 1, 0, 0, 0, 1, 0, 0, 0, 1, 0, 0, 0, 1, 0, 0, 0, 1, 0, 0, 0, 1, 0, 0, 0, 1, 0, 0, 0, 1, 0, 0, 0, 1, 0, 0, 0, 1, 0, 0, 0, 1, 0, 0, 0, 1, 0, 0, 0, 1, 0, 0, 0, 1, 0, 0, 0, 1, 0, 0, 0, 1, 0, 0, 0, 1, 0, 0, 0, 1, 0, 0, 0, 1, 0, 0, 0, 1, 0, 0, 0, 1, 0, 0, 0, 1, 0, 0, 0, 1, 0, 0, 0, 1, 0, 0, 0, 1, 0, 0, 0, 1, 0, 0, 0, 1, 0, 0, 0, 1, 0, 0, 0, 1, 0, 0, 0, 1, 0, 0, 0, 1, 0, 0, 0, 1, 0, 0, 0, 1, 0, 0, 0, 1, 0, 0, 0, 1, 0, 0, 0, 1, 0, 0, 0, 1, 0, 0, 0, 1, 0, 0, 0, 1, 0, 0, 0, 1, 0, 0, 0, 1, 0, 0, 0, 1, 0, 0, 0, 1, 0, 0, 0, 1, 0, 0, 0, 1, 0, 0, 0, 1, 0, 0, 0, 1, 0, 0, 0, 1, 0, 0, 0, 1, 0, 0, 0, 1, 0, 0, 0, 1, 0, 0, 0, 1, 0, 0, 0, 1, 0, 0, 0, 1, 0, 0, 0, 1, 0, 0, 0, 1, 0, 0, 0, 1, 0, 0, 0, 1, 0, 0, 0, 1, 0, 0, 0, 1, 0, 0, 0, 1, 0, 0, 0, 1, 0, 0, 0, 1, 0, 0, 0, 1, 0, 0, 0, 1, 0, 0, 0, 1, 0, 0, 0, 1, 0, 0, 0, 1, 0, 0, 0, 1, 0, 0, 0, 1, 0, 0, 0, 1, 0, 0, 0, 1, 0, 0, 0, 1, 0, 0, 0, 1, 0, 0, 0, 1, 0, 0, 0, 1, 0, 0, 0, 1, 0, 0, 0, 1, 0, 0, 0, 1, 0, 0, 0, 1, 0, 0, 0, 1, 0, 0, 0, 1, 0, 0, 0, 1, 0, 0, 0, 1, 0, 0, 0, 1, 0, 0, 0, 1, 0, 0, 0, 1, 0, 0, 0, 1, 0, 0, 0, 1, 0, 0, 0, 1, 0, 0, 0, 1, 0, 0, 0, 1, 0, 0, 0, 1, 0, 0, 0, 1, 0, 0, 0, 1, 0, 0, 0, 1, 0, 0, 0, 1, 0, 0, 0, 1, 0, 0, 0, 1, 0, 0, 0, 1, 0, 0, 0, 1, 0, 0, 0, 1, 0, 0, 0, 1, 0, 0, 0, 1, 0, 0, 0, 1, 0, 0, 0, 1, 0, 0, 0, 1, 0, 0, 0, 1, 0, 0, 0, 1, 0, 0, 0, 1, 0, 0, 0, 1, 0, 0, 0, 1, 0, 0, 0, 1, 0, 0, 0, 1, 0, 0, 0, 1, 0, 0, 0, 1, 0, 0, 0, 1, 0, 0, 0, 1, 0, 0, 0, 1, 0, 0, 0, 1, 0, 0, 0, 1, 0, 0, 0, 1, 0, 0, 0, 1, 0, 0, 0, 1, 0, 0, 0, 1, 0, 0, 0, 1, 0, 0, 0, 1, 0, 0, 0, 1, 0, 0, 0, 1, 0, 0, 0, 1, 0, 0, 0, 1, 0, 0, 0, 1, 0, 0, 0, 1, 0, 0, 0, 1, 0, 0, 0, 1, 0, 0, 0, 1, 0, 0, 0, 1, 0, 0, 0, 1, 0, 0, 0, 1, 0, 0, 0, 1, 0, 0, 0, 1, 0, 0, 0, 1, 0, 0, 0, 1, 0, 0, 0, 1, 0, 0, 0, 1, 0, 0, 0, 1, 0, 0, 0, 1, 0, 0, 0, 1, 0, 0, 0, 1, 0, 0, 0, 1, 0, 0, 0, 1, 0, 0, 0, 1, 0, 0, 0, 1, 0, 0, 0, 1, 0, 0, 0, 1, 0, 0, 0, 1, 0, 0, 0, 1, 0, 0, 0, 1, 0, 0, 0, 1, 0, 0, 0, 1, 0, 0, 0, 1, 0, 0, 0, 1, 0, 0, 0, 1, 0, 0, 0, 1, 0, 0, 0, 1, 0, 0, 0, 1, 0, 0, 0, 1, 0, 0, 0, 1, 0, 0, 0, 1, 0, 0, 0, 1, 0, 0, 0, 1, 0, 0, 0, 1, 0, 0, 0, 1, 0, 0, 0, 1, 0, 0, 0, 1, 0, 0, 0, 1, 0, 0, 0, 1, 0, 0, 0, 1, 0, 0, 0, 1, 0, 0, 0, 1, 0, 0, 0, 1, 0, 0, 0, 1, 0, 0, 0, 1, 0, 0, 0, 1, 0, 0, 0, 1, 0, 0, 0, 1, 0, 0, 0, 1, 0, 0, 0, 1, 0, 0, 0, 1, 0, 0, 0, 1, 0, 0, 0, 1, 0, 0, 0, 1, 0, 0, 0, 1, 0, 0, 0, 1, 0, 0, 0, 1, 0, 0, 0, 1, 0, 0, 0, 1, 0, 0, 0, 1, 0, 0, 0, 1, 0, 0, 0, 1, 0, 0, 0, 1, 0, 0, 0, 1, 0, 0, 0, 1, 0, 0, 0, 1, 0, 0, 0, 1, 0, 0, 0, 1, 0, 0, 0, 1, 0, 0, 0, 1, 0, 0, 0, 0.5, 0.5, 0, 0, 0.5, 0.5, 0, 0, 0.5, 0.5, 0, 0, 0.5, 0.5, 0, 0, 0.5, 0.5, 0, 0, 0.5, 0.5, 0, 0, 0.5, 0.5, 0, 0, 0.5, 0.5, 0, 0, 0.5, 0.5, 0, 0, 0.5, 0.5, 0, 0, 0.5, 0.5, 0, 0, 0.5, 0.5, 0, 0, 0.5, 0.5, 0, 0, 0.5, 0.5, 0, 0, 0.5, 0.5, 0, 0, 0.5, 0.5, 0, 0, 1, 0, 0, 0, 1, 0, 0, 0, 1, 0, 0, 0, 1, 0, 0, 0, 1, 0, 0, 0, 1, 0, 0, 0, 1, 0, 0, 0, 1, 0, 0, 0, 0.5, 0.5, 0, 0, 0.5, 0.5, 0, 0, 0.5, 0.5, 0, 0, 0.5, 0.5, 0, 0, 0.5, 0.5, 0, 0, 0.5, 0.5, 0, 0, 0.5, 0.5, 0, 0, 0.5, 0.5, 0, 0, 1, 0, 0, 0, 1, 0, 0, 0, 1, 0, 0, 0, 1, 0, 0, 0, 1, 0, 0, 0, 1, 0, 0, 0, 1, 0, 0, 0, 1, 0, 0, 0, 0.5, 0.5, 0, 0, 0.5, 0.5, 0, 0, 0.5, 0.5, 0, 0, 0.5, 0.5, 0, 0, 0.5, 0.5, 0, 0, 0.5, 0.5, 0, 0, 0.5, 0.5, 0, 0, 0.5, 0.5, 0, 0, 1, 0, 0, 0, 1, 0, 0, 0, 1, 0, 0, 0, 1, 0, 0, 0, 1, 0, 0, 0, 1, 0, 0, 0, 1, 0, 0, 0, 1, 0, 0, 0, 1, 0, 0, 0, 1, 0, 0, 0, 1, 0, 0, 0, 1, 0, 0, 0, 1, 0, 0, 0, 1, 0, 0, 0, 1, 0, 0, 0, 1, 0, 0, 0, 1, 0, 0, 0, 1, 0, 0, 0, 1, 0, 0, 0, 1, 0, 0, 0, 1, 0, 0, 0, 1, 0, 0, 0, 1, 0, 0, 0, 1, 0, 0, 0, 1, 0, 0, 0, 1, 0, 0, 0, 1, 0, 0, 0, 1, 0, 0, 0, 1, 0, 0, 0, 1, 0, 0, 0, 1, 0, 0, 0, 1, 0, 0, 0, 1, 0, 0, 0, 1, 0, 0, 0, 1, 0, 0, 0, 1, 0, 0, 0, 1, 0, 0, 0, 1, 0, 0, 0, 1, 0, 0, 0, 1, 0, 0, 0, 1, 0, 0, 0, 1, 0, 0, 0, 1, 0, 0, 0, 1, 0, 0, 0, 1, 0, 0, 0, 1, 0, 0, 0, 1, 0, 0, 0, 1, 0, 0, 0, 1, 0, 0, 0, 1, 0, 0, 0, 1, 0, 0, 0, 1, 0, 0, 0, 1, 0, 0, 0, 1, 0, 0, 0, 1, 0, 0, 0, 1, 0, 0, 0, 1, 0, 0, 0, 1, 0, 0, 0, 1, 0, 0, 0, 1, 0, 0, 0, 1, 0, 0, 0, 1, 0, 0, 0, 1, 0, 0, 0, 1, 0, 0, 0, 1, 0, 0, 0, 1, 0, 0, 0, 1, 0, 0, 0, 1, 0, 0, 0, 1, 0, 0, 0, 1, 0, 0, 0, 1, 0, 0, 0, 1, 0, 0, 0, 1, 0, 0, 0, 1, 0, 0, 0, 1, 0, 0, 0, 1, 0, 0, 0, 1, 0, 0, 0, 1, 0, 0, 0, 1, 0, 0, 0, 1, 0, 0, 0, 1, 0, 0, 0, 1, 0, 0, 0, 1, 0, 0, 0, 1, 0, 0, 0, 1, 0, 0, 0, 1, 0, 0, 0, 1, 0, 0, 0, 1, 0, 0, 0, 1, 0, 0, 0, 1, 0, 0, 0, 1, 0, 0, 0, 1, 0, 0, 0, 1, 0, 0, 0, 1, 0, 0, 0, 1, 0, 0, 0, 1, 0, 0, 0, 1, 0, 0, 0, 1, 0, 0, 0, 1, 0, 0, 0, 1, 0, 0, 0, 1, 0, 0, 0, 1, 0, 0, 0, 1, 0, 0, 0, 1, 0, 0, 0, 1, 0, 0, 0, 1, 0, 0, 0, 1, 0, 0, 0, 1, 0, 0, 0, 1, 0, 0, 0, 1, 0, 0, 0, 1, 0, 0, 0, 1, 0, 0, 0, 1, 0, 0, 0, 1, 0, 0, 0, 1, 0, 0, 0, 1, 0, 0, 0, 1, 0, 0, 0, 1, 0, 0, 0, 1, 0, 0, 0, 1, 0, 0, 0, 1, 0, 0, 0, 1, 0, 0, 0, 1, 0, 0, 0, 1, 0, 0, 0, 1, 0, 0, 0, 1, 0, 0, 0, 1, 0, 0, 0, 1, 0, 0, 0, 1, 0, 0, 0, 1, 0, 0, 0, 1, 0, 0, 0, 1, 0, 0, 0, 1, 0, 0, 0, 1, 0, 0, 0, 1, 0, 0, 0, 1, 0, 0, 0, 1, 0, 0, 0, 1, 0, 0, 0, 1, 0, 0, 0, 1, 0, 0, 0, 1, 0, 0, 0, 1, 0, 0, 0, 1, 0, 0, 0, 1, 0, 0, 0, 1, 0, 0, 0, 1, 0, 0, 0, 1, 0, 0, 0, 1, 0, 0, 0, 1, 0, 0, 0, 1, 0, 0, 0, 1, 0, 0, 0, 1, 0, 0, 0, 1, 0, 0, 0, 1, 0, 0, 0, 1, 0, 0, 0, 1, 0, 0, 0, 1, 0, 0, 0, 1, 0, 0, 0, 1, 0, 0, 0, 1, 0, 0, 0, 1, 0, 0, 0, 1, 0, 0, 0, 1, 0, 0, 0, 1, 0, 0, 0, 1, 0, 0, 0, 1, 0, 0, 0, 1, 0, 0, 0, 1, 0, 0, 0, 1, 0, 0, 0, 1, 0, 0, 0, 1, 0, 0, 0, 1, 0, 0, 0, 1, 0, 0, 0, 1, 0, 0, 0, 1, 0, 0, 0, 1, 0, 0, 0, 1, 0, 0, 0, 1, 0, 0, 0, 1, 0, 0, 0, 1, 0, 0, 0, 1, 0, 0, 0, 1, 0, 0, 0, 1, 0, 0, 0, 1, 0, 0, 0, 1, 0, 0, 0, 1, 0, 0, 0, 1, 0, 0, 0, 1, 0, 0, 0, 1, 0, 0, 0, 1, 0, 0, 0, 1, 0, 0, 0, 1, 0, 0, 0, 1, 0, 0, 0, 1, 0, 0, 0, 1, 0, 0, 0, 1, 0, 0, 0, 1, 0, 0, 0, 1, 0, 0, 0, 1, 0, 0, 0, 1, 0, 0, 0, 1, 0, 0, 0, 1, 0, 0, 0, 1, 0, 0, 0, 1, 0, 0, 0, 1, 0, 0, 0, 1, 0, 0, 0, 1, 0, 0, 0, 1, 0, 0, 0, 1, 0, 0, 0, 1, 0, 0, 0, 1, 0, 0, 0, 1, 0, 0, 0, 1, 0, 0, 0, 1, 0, 0, 0, 1, 0, 0, 0, 1, 0, 0, 0, 1, 0, 0, 0, 1, 0, 0, 0, 1, 0, 0, 0, 1, 0, 0, 0, 1, 0, 0, 0, 1, 0, 0, 0, 1, 0, 0, 0, 1, 0, 0, 0, 1, 0, 0, 0, 1, 0, 0, 0, 1, 0, 0, 0, 1, 0, 0, 0, 1, 0, 0, 0, 1, 0, 0, 0, 1, 0, 0, 0, 1, 0, 0, 0, 1, 0, 0, 0, 1, 0, 0, 0, 1, 0, 0, 0, 1, 0, 0, 0, 1, 0, 0, 0, 1, 0, 0, 0, 1, 0, 0, 0, 1, 0, 0, 0, 1, 0, 0, 0, 1, 0, 0, 0, 1, 0, 0, 0, 1, 0, 0, 0, 1, 0, 0, 0, 1, 0, 0, 0, 1, 0, 0, 0, 1, 0, 0, 0, 1, 0, 0, 0, 1, 0, 0, 0, 1, 0, 0, 0, 1, 0, 0, 0, 1, 0, 0, 0, 1, 0, 0, 0, 1, 0, 0, 0, 1, 0, 0, 0, 1, 0, 0, 0, 1, 0, 0, 0, 1, 0, 0, 0, 1, 0, 0, 0, 1, 0, 0, 0, 1, 0, 0, 0, 1, 0, 0, 0, 1, 0, 0, 0, 1, 0, 0, 0, 1, 0, 0, 0, 1, 0, 0, 0, 1, 0, 0, 0, 1, 0, 0, 0, 1, 0, 0, 0, 1, 0, 0, 0, 1, 0, 0, 0, 1, 0, 0, 0, 1, 0, 0, 0, 1, 0, 0, 0, 1, 0, 0, 0, 1, 0, 0, 0, 1, 0, 0, 0, 1, 0, 0, 0, 1, 0, 0, 0, 1, 0, 0, 0, 1, 0, 0, 0, 1, 0, 0, 0, 1, 0, 0, 0, 1, 0, 0, 0, 1, 0, 0, 0, 1, 0, 0, 0, 1, 0, 0, 0, 1, 0, 0, 0, 1, 0, 0, 0, 1, 0, 0, 0, 1, 0, 0, 0, 1, 0, 0, 0, 1, 0, 0, 0, 1, 0, 0, 0, 1, 0, 0, 0, 1, 0, 0, 0, 1, 0, 0, 0, 1, 0, 0, 0, 1, 0, 0, 0, 1, 0, 0, 0, 1, 0, 0, 0, 1, 0, 0, 0, 1, 0, 0, 0, 1, 0, 0, 0, 1, 0, 0, 0, 1, 0, 0, 0, 1, 0, 0, 0, 1, 0, 0, 0, 1, 0, 0, 0, 1, 0, 0, 0, 1, 0, 0, 0, 1, 0, 0, 0, 1, 0, 0, 0, 1, 0, 0, 0, 1, 0, 0, 0, 1, 0, 0, 0, 1, 0, 0, 0, 1, 0, 0, 0, 1, 0, 0, 0, 1, 0, 0, 0, 1, 0, 0, 0, 1, 0, 0, 0, 1, 0, 0, 0, 1, 0, 0, 0, 1, 0, 0, 0, 1, 0, 0, 0, 1, 0, 0, 0, 1, 0, 0, 0, 1, 0, 0, 0, 1, 0, 0, 0, 1, 0, 0, 0, 1, 0, 0, 0, 1, 0, 0, 0, 1, 0, 0, 0, 1, 0, 0, 0, 1, 0, 0, 0, 1, 0, 0, 0, 1, 0, 0, 0, 1, 0, 0, 0, 1, 0, 0, 0, 1, 0, 0, 0, 1, 0, 0, 0, 1, 0, 0, 0, 1, 0, 0, 0, 1, 0, 0, 0, 1, 0, 0, 0, 1, 0, 0, 0, 1, 0, 0, 0, 1, 0, 0, 0, 1, 0, 0, 0, 1, 0, 0, 0, 1, 0, 0, 0, 1, 0, 0, 0, 1, 0, 0, 0, 1, 0, 0, 0, 1, 0, 0, 0, 1, 0, 0, 0, 1, 0, 0, 0, 1, 0, 0, 0, 1, 0, 0, 0, 1, 0, 0, 0, 1, 0, 0, 0, 1, 0, 0, 0, 1, 0, 0, 0, 1, 0, 0, 0, 1, 0, 0, 0, 1, 0, 0, 0, 1, 0, 0, 0, 1, 0, 0, 0, 1, 0, 0, 0, 1, 0, 0, 0, 1, 0, 0, 0, 1, 0, 0, 0, 1, 0, 0, 0, 1, 0, 0, 0, 1, 0, 0, 0, 1, 0, 0, 0, 1, 0, 0, 0, 1, 0, 0, 0, 1, 0, 0, 0, 1, 0, 0, 0, 1, 0, 0, 0, 1, 0, 0, 0, 1, 0, 0, 0, 1, 0, 0, 0, 1, 0, 0, 0, 1, 0, 0, 0, 1, 0, 0, 0, 1, 0, 0, 0, 1, 0, 0, 0, 1, 0, 0, 0, 1, 0, 0, 0, 1, 0, 0, 0, 1, 0, 0, 0, 1, 0, 0, 0, 1, 0, 0, 0, 1, 0, 0, 0, 1, 0, 0, 0, 1, 0, 0, 0, 1, 0, 0, 0, 1, 0, 0, 0, 1, 0, 0, 0, 1, 0, 0, 0, 1, 0, 0, 0, 1, 0, 0, 0, 1, 0, 0, 0, 1, 0, 0, 0, 1, 0, 0, 0, 1, 0, 0, 0, 1, 0, 0, 0, 1, 0, 0, 0, 1, 0, 0, 0, 1, 0, 0, 0, 1, 0, 0, 0, 1, 0, 0, 0, 1, 0, 0, 0, 1, 0, 0, 0, 1, 0, 0, 0, 1, 0, 0, 0, 1, 0, 0, 0, 1, 0, 0, 0, 1, 0, 0, 0, 1, 0, 0, 0, 1, 0, 0, 0, 1, 0, 0, 0, 1, 0, 0, 0, 1, 0, 0, 0, 1, 0, 0, 0, 1, 0, 0, 0, 1, 0, 0, 0, 1, 0, 0, 0, 1, 0, 0, 0, 1, 0, 0, 0, 1, 0, 0, 0, 1, 0, 0, 0, 1, 0, 0, 0, 1, 0, 0, 0, 1, 0, 0, 0, 1, 0, 0, 0, 1, 0, 0, 0, 1, 0, 0, 0, 1, 0, 0, 0, 1, 0, 0, 0, 1, 0, 0, 0, 1, 0, 0, 0, 1, 0, 0, 0, 1, 0, 0, 0, 1, 0, 0, 0, 1, 0, 0, 0, 1, 0, 0, 0, 1, 0, 0, 0, 1, 0, 0, 0, 1, 0, 0, 0, 1, 0, 0, 0, 1, 0, 0, 0, 1, 0, 0, 0, 1, 0, 0, 0, 1, 0, 0, 0, 1, 0, 0, 0, 1, 0, 0, 0, 1, 0, 0, 0, 1, 0, 0, 0, 1, 0, 0, 0, 1, 0, 0, 0, 1, 0, 0, 0, 1, 0, 0, 0, 1, 0, 0, 0, 1, 0, 0, 0, 1, 0, 0, 0, 1, 0, 0, 0, 1, 0, 0, 0, 1, 0, 0, 0, 1, 0, 0, 0, 1, 0, 0, 0, 1, 0, 0, 0, 1, 0, 0, 0, 1, 0, 0, 0, 1, 0, 0, 0, 1, 0, 0, 0, 1, 0, 0, 0, 1, 0, 0, 0, 1, 0, 0, 0, 1, 0, 0, 0, 1, 0, 0, 0, 1, 0, 0, 0, 1, 0, 0, 0, 1, 0, 0, 0, 1, 0, 0, 0, 1, 0, 0, 0, 1, 0, 0, 0, 1, 0, 0, 0, 1, 0, 0, 0, 1, 0, 0, 0, 1, 0, 0, 0, 1, 0, 0, 0, 1, 0, 0, 0, 1, 0, 0, 0, 1, 0, 0, 0, 1, 0, 0, 0, 1, 0, 0, 0, 1, 0, 0, 0, 1, 0, 0, 0, 1, 0, 0, 0, 1, 0, 0, 0, 1, 0, 0, 0, 1, 0, 0, 0, 1, 0, 0, 0, 1, 0, 0, 0, 1, 0, 0, 0, 1, 0, 0, 0, 1, 0, 0, 0, 1, 0, 0, 0, 1, 0, 0, 0, 1, 0, 0, 0, 1, 0, 0, 0, 1, 0, 0, 0, 1, 0, 0, 0, 1, 0, 0, 0, 1, 0, 0, 0, 1, 0, 0, 0, 1, 0, 0, 0, 1, 0, 0, 0, 1, 0, 0, 0, 1, 0, 0, 0, 1, 0, 0, 0, 1, 0, 0, 0, 1, 0, 0, 0, 1, 0, 0, 0, 1, 0, 0, 0, 1, 0, 0, 0, 1, 0, 0, 0, 1, 0, 0, 0, 1, 0, 0, 0, 1, 0, 0, 0, 1, 0, 0, 0, 1, 0, 0, 0, 1, 0, 0, 0, 1, 0, 0, 0, 1, 0, 0, 0, 1, 0, 0, 0, 1, 0, 0, 0, 1, 0, 0, 0, 1, 0, 0, 0, 1, 0, 0, 0, 1, 0, 0, 0, 1, 0, 0, 0, 1, 0, 0, 0, 1, 0, 0, 0, 1, 0, 0, 0, 1, 0, 0, 0, 1, 0, 0, 0, 1, 0, 0, 0, 1, 0, 0, 0, 1, 0, 0, 0, 1, 0, 0, 0, 1, 0, 0, 0, 1, 0, 0, 0, 1, 0, 0, 0, 1, 0, 0, 0, 1, 0, 0, 0, 1, 0, 0, 0, 1, 0, 0, 0, 1, 0, 0, 0, 1, 0, 0, 0, 1, 0, 0, 0, 1, 0, 0, 0, 1, 0, 0, 0, 1, 0, 0, 0, 1, 0, 0, 0, 1, 0, 0, 0, 1, 0, 0, 0, 1, 0, 0, 0, 1, 0, 0, 0, 1, 0, 0, 0, 1, 0, 0, 0, 1, 0, 0, 0, 1, 0, 0, 0, 1, 0, 0, 0, 1, 0, 0, 0, 1, 0, 0, 0, 1, 0, 0, 0, 1, 0, 0, 0, 1, 0, 0, 0, 1, 0, 0, 0, 1, 0, 0, 0, 1, 0, 0, 0, 1, 0, 0, 0, 1, 0, 0, 0, 1, 0, 0, 0, 1, 0, 0, 0, 1, 0, 0, 0, 1, 0, 0, 0, 1, 0, 0, 0, 1, 0, 0, 0, 1, 0, 0, 0, 1, 0, 0, 0, 1, 0, 0, 0, 1, 0, 0, 0, 1, 0, 0, 0, 1, 0, 0, 0, 1, 0, 0, 0, 1, 0, 0, 0, 1, 0, 0, 0, 1, 0, 0, 0, 1, 0, 0, 0, 1, 0, 0, 0, 1, 0, 0, 0, 1, 0, 0, 0, 1, 0, 0, 0, 1, 0, 0, 0, 1, 0, 0, 0, 1, 0, 0, 0, 1, 0, 0, 0, 1, 0, 0, 0, 1, 0, 0, 0, 1, 0, 0, 0, 1, 0, 0, 0, 1, 0, 0, 0, 1, 0, 0, 0, 1, 0, 0, 0, 1, 0, 0, 0, 1, 0, 0, 0, 1, 0, 0, 0, 1, 0, 0, 0, 1, 0, 0, 0, 1, 0, 0, 0, 1, 0, 0, 0, 1, 0, 0, 0, 1, 0, 0, 0, 1, 0, 0, 0, 1, 0, 0, 0, 1, 0, 0, 0, 1, 0, 0, 0, 1, 0, 0, 0, 1, 0, 0, 0, 1, 0, 0, 0, 1, 0, 0, 0, 1, 0, 0, 0, 1, 0, 0, 0, 1, 0, 0, 0, 1, 0, 0, 0, 1, 0, 0, 0, 1, 0, 0, 0, 1, 0, 0, 0, 1, 0, 0, 0, 1, 0, 0, 0, 1, 0, 0, 0, 1, 0, 0, 0, 1, 0, 0, 0, 1, 0, 0, 0, 1, 0, 0, 0, 1, 0, 0, 0, 1, 0, 0, 0, 1, 0, 0, 0, 1, 0, 0, 0, 1, 0, 0, 0, 1, 0, 0, 0, 1, 0, 0, 0, 1, 0, 0, 0, 1, 0, 0, 0, 1, 0, 0, 0, 1, 0, 0, 0, 1, 0, 0, 0, 1, 0, 0, 0, 1, 0, 0, 0, 1, 0, 0, 0, 1, 0, 0, 0, 1, 0, 0, 0, 1, 0, 0, 0, 1, 0, 0, 0, 1, 0, 0, 0, 1, 0, 0, 0, 1, 0, 0, 0, 1, 0, 0, 0, 1, 0, 0, 0, 1, 0, 0, 0, 1, 0, 0, 0, 1, 0, 0, 0, 1, 0, 0, 0, 1, 0, 0, 0, 1, 0, 0, 0, 1, 0, 0, 0, 1, 0, 0, 0, 1, 0, 0, 0, 1, 0, 0, 0, 1, 0, 0, 0, 1, 0, 0, 0, 1, 0, 0, 0, 1, 0, 0, 0, 1, 0, 0, 0, 1, 0, 0, 0, 1, 0, 0, 0, 1, 0, 0, 0, 1, 0, 0, 0, 1, 0, 0, 0, 1, 0, 0, 0, 1, 0, 0, 0, 1, 0, 0, 0, 1, 0, 0, 0, 1, 0, 0, 0, 1, 0, 0, 0, 1, 0, 0, 0, 1, 0, 0, 0, 1, 0, 0, 0, 1, 0, 0, 0, 1, 0, 0, 0, 1, 0, 0, 0, 1, 0, 0, 0, 1, 0, 0, 0, 1, 0, 0, 0, 1, 0, 0, 0, 1, 0, 0, 0, 1, 0, 0, 0, 1, 0, 0, 0, 1, 0, 0, 0, 1, 0, 0, 0, 1, 0, 0, 0, 1, 0, 0, 0, 1, 0, 0, 0, 1, 0, 0, 0, 1, 0, 0, 0, 1, 0, 0, 0, 1, 0, 0, 0, 1, 0, 0, 0, 1, 0, 0, 0, 1, 0, 0, 0, 1, 0, 0, 0, 1, 0, 0, 0, 1, 0, 0, 0, 1, 0, 0, 0, 1, 0, 0, 0, 1, 0, 0, 0, 1, 0, 0, 0, 1, 0, 0, 0, 1, 0, 0, 0, 1, 0, 0, 0, 1, 0, 0, 0, 1, 0, 0, 0, 1, 0, 0, 0, 1, 0, 0, 0, 1, 0, 0, 0, 1, 0, 0, 0, 1, 0, 0, 0, 1, 0, 0, 0, 1, 0, 0, 0, 1, 0, 0, 0, 1, 0, 0, 0, 1, 0, 0, 0, 1, 0, 0, 0, 1, 0, 0, 0, 1, 0, 0, 0, 1, 0, 0, 0, 1, 0, 0, 0, 1, 0, 0, 0, 1, 0, 0, 0, 1, 0, 0, 0, 1, 0, 0, 0, 1, 0, 0, 0, 1, 0, 0, 0, 1, 0, 0, 0, 1, 0, 0, 0, 1, 0, 0, 0, 1, 0, 0, 0, 1, 0, 0, 0, 1, 0, 0, 0, 1, 0, 0, 0, 1, 0, 0, 0, 1, 0, 0, 0, 1, 0, 0, 0, 1, 0, 0, 0, 1, 0, 0, 0, 1, 0, 0, 0, 1, 0, 0, 0, 1, 0, 0, 0, 1, 0, 0, 0, 1, 0, 0, 0, 1, 0, 0, 0, 1, 0, 0, 0, 1, 0, 0, 0, 1, 0, 0, 0, 1, 0, 0, 0, 1, 0, 0, 0, 1, 0, 0, 0, 1, 0, 0, 0, 1, 0, 0, 0, 1, 0, 0, 0, 1, 0, 0, 0, 1, 0, 0, 0, 1, 0, 0, 0, 1, 0, 0, 0, 1, 0, 0, 0, 1, 0, 0, 0, 1, 0, 0, 0, 1, 0, 0, 0, 1, 0, 0, 0, 1, 0, 0, 0, 1, 0, 0, 0, 1, 0, 0, 0, 1, 0, 0, 0, 1, 0, 0, 0, 1, 0, 0, 0, 1, 0, 0, 0, 1, 0, 0, 0, 1, 0, 0, 0, 1, 0, 0, 0, 1, 0, 0, 0, 1, 0, 0, 0, 1, 0, 0, 0, 1, 0, 0, 0, 1, 0, 0, 0, 1, 0, 0, 0, 1, 0, 0, 0, 1, 0, 0, 0, 1, 0, 0, 0, 1, 0, 0, 0, 1, 0, 0, 0, 1, 0, 0, 0, 1, 0, 0, 0, 1, 0, 0, 0, 1, 0, 0, 0, 1, 0, 0, 0, 1, 0, 0, 0, 1, 0, 0, 0, 1, 0, 0, 0, 1, 0, 0, 0, 1, 0, 0, 0, 1, 0, 0, 0, 1, 0, 0, 0, 1, 0, 0, 0, 1, 0, 0, 0, 1, 0, 0, 0, 1, 0, 0, 0, 1, 0, 0, 0, 1, 0, 0, 0, 1, 0, 0, 0, 1, 0, 0, 0, 1, 0, 0, 0, 1, 0, 0, 0, 1, 0, 0, 0, 1, 0, 0, 0, 1, 0, 0, 0, 1, 0, 0, 0, 1, 0, 0, 0, 1, 0, 0, 0, 1, 0, 0, 0, 1, 0, 0, 0, 1, 0, 0, 0, 1, 0, 0, 0, 1, 0, 0, 0, 1, 0, 0, 0, 1, 0, 0, 0, 1, 0, 0, 0, 1, 0, 0, 0, 1, 0, 0, 0, 1, 0, 0, 0, 1, 0, 0, 0, 1, 0, 0, 0, 1, 0, 0, 0, 1, 0, 0, 0, 1, 0, 0, 0, 1, 0, 0, 0, 1, 0, 0, 0, 1, 0, 0, 0, 1, 0, 0, 0, 1, 0, 0, 0, 1, 0, 0, 0, 1, 0, 0, 0, 1, 0, 0, 0, 1, 0, 0, 0, 1, 0, 0, 0, 1, 0, 0, 0, 1, 0, 0, 0, 1, 0, 0, 0, 1, 0, 0, 0, 1, 0, 0, 0, 1, 0, 0, 0, 1, 0, 0, 0, 1, 0, 0, 0, 1, 0, 0, 0, 1, 0, 0, 0, 1, 0, 0, 0, 1, 0, 0, 0, 1, 0, 0, 0, 1, 0, 0, 0, 1, 0, 0, 0, 1, 0, 0, 0, 1, 0, 0, 0, 1, 0, 0, 0, 1, 0, 0, 0, 1, 0, 0, 0, 1, 0, 0, 0, 1, 0, 0, 0, 1, 0, 0, 0, 1, 0, 0, 0, 1, 0, 0, 0, 1, 0, 0, 0, 1, 0, 0, 0, 1, 0, 0, 0, 1, 0, 0, 0, 1, 0, 0, 0, 1, 0, 0, 0, 1, 0, 0, 0, 1, 0, 0, 0, 1, 0, 0, 0, 1, 0, 0, 0, 1, 0, 0, 0, 1, 0, 0, 0, 1, 0, 0, 0, 1, 0, 0, 0, 1, 0, 0, 0, 1, 0, 0, 0, 1, 0, 0, 0, 1, 0, 0, 0, 1, 0, 0, 0, 1, 0, 0, 0, 1, 0, 0, 0, 1, 0, 0, 0, 1, 0, 0, 0, 1, 0, 0, 0, 1, 0, 0, 0, 1, 0, 0, 0, 1, 0, 0, 0, 1, 0, 0, 0, 1, 0, 0, 0, 1, 0, 0, 0, 1, 0, 0, 0, 1, 0, 0, 0, 1, 0, 0, 0, 1, 0, 0, 0, 1, 0, 0, 0, 1, 0, 0, 0, 1, 0, 0, 0, 1, 0, 0, 0, 1, 0, 0, 0, 1, 0, 0, 0, 1, 0, 0, 0, 1, 0, 0, 0, 1, 0, 0, 0, 1, 0, 0, 0, 1, 0, 0, 0, 1, 0, 0, 0, 1, 0, 0, 0, 1, 0, 0, 0, 1, 0, 0, 0, 1, 0, 0, 0, 1, 0, 0, 0, 1, 0, 0, 0, 1, 0, 0, 0, 1, 0, 0, 0, 1, 0, 0, 0, 1, 0, 0, 0, 1, 0, 0, 0, 1, 0, 0, 0, 1, 0, 0, 0, 1, 0, 0, 0, 1, 0, 0, 0, 1, 0, 0, 0, 1, 0, 0, 0, 1, 0, 0, 0, 1, 0, 0, 0, 1, 0, 0, 0, 1, 0, 0, 0, 1, 0, 0, 0, 1, 0, 0, 0, 1, 0, 0, 0, 1, 0, 0, 0, 1, 0, 0, 0, 1, 0, 0, 0, 1, 0, 0, 0, 1, 0, 0, 0, 1, 0, 0, 0, 1, 0, 0, 0, 1, 0, 0, 0, 1, 0, 0, 0, 1, 0, 0, 0, 1, 0, 0, 0, 1, 0, 0, 0, 1, 0, 0, 0, 1, 0, 0, 0, 1, 0, 0, 0, 1, 0, 0, 0, 1, 0, 0, 0, 1, 0, 0, 0, 1, 0, 0, 0, 1, 0, 0, 0, 1, 0, 0, 0, 1, 0, 0, 0, 1, 0, 0, 0, 1, 0, 0, 0, 1, 0, 0, 0, 1, 0, 0, 0, 1, 0, 0, 0, 1, 0, 0, 0, 1, 0, 0, 0, 1, 0, 0, 0, 1, 0, 0, 0, 1, 0, 0, 0, 1, 0, 0, 0, 1, 0, 0, 0, 1, 0, 0, 0, 1, 0, 0, 0, 1, 0, 0, 0, 1, 0, 0, 0, 1, 0, 0, 0, 1, 0, 0, 0, 1, 0, 0, 0, 1, 0, 0, 0, 1, 0, 0, 0, 1, 0, 0, 0, 1, 0, 0, 0, 1, 0, 0, 0, 1, 0, 0, 0, 1, 0, 0, 0, 1, 0, 0, 0, 1, 0, 0, 0, 1, 0, 0, 0, 1, 0, 0, 0, 1, 0, 0, 0, 1, 0, 0, 0, 1, 0, 0, 0, 1, 0, 0, 0, 1, 0, 0, 0, 1, 0, 0, 0, 1, 0, 0, 0, 1, 0, 0, 0, 1, 0, 0, 0, 1, 0, 0, 0, 1, 0, 0, 0, 1, 0, 0, 0, 1, 0, 0, 0, 1, 0, 0, 0, 1, 0, 0, 0, 1, 0, 0, 0, 1, 0, 0, 0, 1, 0, 0, 0, 1, 0, 0, 0, 1, 0, 0, 0, 1, 0, 0, 0, 1, 0, 0, 0, 1, 0, 0, 0, 1, 0, 0, 0, 1, 0, 0, 0, 1, 0, 0, 0, 1, 0, 0, 0, 1, 0, 0, 0, 1, 0, 0, 0, 1, 0, 0, 0, 1, 0, 0, 0, 1, 0, 0, 0, 1, 0, 0, 0, 1, 0, 0, 0, 1, 0, 0, 0, 1, 0, 0, 0, 1, 0, 0, 0, 1, 0, 0, 0, 1, 0, 0, 0, 1, 0, 0, 0, 1, 0, 0, 0, 1, 0, 0, 0, 1, 0, 0, 0, 1, 0, 0, 0, 1, 0, 0, 0, 1, 0, 0, 0, 1, 0, 0, 0, 1, 0, 0, 0, 1, 0, 0, 0, 1, 0, 0, 0, 1, 0, 0, 0, 1, 0, 0, 0, 1, 0, 0, 0, 1, 0, 0, 0, 1, 0, 0, 0, 1, 0, 0, 0, 1, 0, 0, 0, 1, 0, 0, 0, 1, 0, 0, 0, 1, 0, 0, 0, 1, 0, 0, 0, 1, 0, 0, 0, 1, 0, 0, 0, 1, 0, 0, 0, 1, 0, 0, 0, 1, 0, 0, 0, 1, 0, 0, 0, 1, 0, 0, 0, 1, 0, 0, 0, 1, 0, 0, 0, 1, 0, 0, 0, 1, 0, 0, 0, 1, 0, 0, 0, 1, 0, 0, 0, 1, 0, 0, 0, 1, 0, 0, 0, 1, 0, 0, 0, 1, 0, 0, 0, 1, 0, 0, 0, 1, 0, 0, 0, 1, 0, 0, 0, 1, 0, 0, 0, 1, 0, 0, 0, 1, 0, 0, 0, 1, 0, 0, 0, 1, 0, 0, 0, 1, 0, 0, 0, 1, 0, 0, 0, 1, 0, 0, 0, 1, 0, 0, 0, 1, 0, 0, 0, 1, 0, 0, 0, 1, 0, 0, 0, 1, 0, 0, 0, 1, 0, 0, 0, 1, 0, 0, 0, 1, 0, 0, 0, 1, 0, 0, 0, 1, 0, 0, 0, 1, 0, 0, 0, 1, 0, 0, 0, 1, 0, 0, 0, 1, 0, 0, 0, 1, 0, 0, 0, 1, 0, 0, 0, 1, 0, 0, 0, 1, 0, 0, 0, 1, 0, 0, 0, 1, 0, 0, 0, 1, 0, 0, 0, 1, 0, 0, 0, 1, 0, 0, 0, 1, 0, 0, 0, 1, 0, 0, 0, 1, 0, 0, 0, 1, 0, 0, 0, 1, 0, 0, 0, 1, 0, 0, 0, 1, 0, 0, 0, 1, 0, 0, 0, 1, 0, 0, 0, 1, 0, 0, 0, 1, 0, 0, 0, 1, 0, 0, 0, 1, 0, 0, 0, 1, 0, 0, 0, 1, 0, 0, 0, 1, 0, 0, 0, 1, 0, 0, 0, 1, 0, 0, 0, 1, 0, 0, 0, 1, 0, 0, 0, 1, 0, 0, 0, 1, 0, 0, 0, 1, 0, 0, 0, 1, 0, 0, 0, 1, 0, 0, 0, 1, 0, 0, 0, 1, 0, 0, 0, 1, 0, 0, 0, 1, 0, 0, 0, 1, 0, 0, 0, 1, 0, 0, 0, 1, 0, 0, 0, 1, 0, 0, 0, 1, 0, 0, 0, 1, 0, 0, 0, 1, 0, 0, 0, 1, 0, 0, 0, 1, 0, 0, 0, 1, 0, 0, 0, 1, 0, 0, 0, 1, 0, 0, 0, 1, 0, 0, 0, 1, 0, 0, 0, 1, 0, 0, 0, 1, 0, 0, 0, 1, 0, 0, 0, 1, 0, 0, 0, 1, 0, 0, 0, 1, 0, 0, 0, 1, 0, 0, 0, 1, 0, 0, 0, 1, 0, 0, 0, 1, 0, 0, 0, 1, 0, 0, 0, 1, 0, 0, 0, 1, 0, 0, 0, 1, 0, 0, 0, 1, 0, 0, 0, 1, 0, 0, 0, 1, 0, 0, 0, 1, 0, 0, 0, 1, 0, 0, 0, 1, 0, 0, 0, 1, 0, 0, 0, 1, 0, 0, 0, 1, 0, 0, 0, 1, 0, 0, 0, 1, 0, 0, 0, 1, 0, 0, 0, 1, 0, 0, 0, 1, 0, 0, 0, 1, 0, 0, 0, 1, 0, 0, 0, 1, 0, 0, 0, 1, 0, 0, 0, 1, 0, 0, 0, 1, 0, 0, 0, 1, 0, 0, 0, 1, 0, 0, 0, 1, 0, 0, 0, 1, 0, 0, 0, 1, 0, 0, 0, 1, 0, 0, 0, 1, 0, 0, 0, 1, 0, 0, 0, 1, 0, 0, 0, 1, 0, 0, 0, 1, 0, 0, 0, 1, 0, 0, 0, 1, 0, 0, 0, 1, 0, 0, 0, 1, 0, 0, 0, 1, 0, 0, 0, 1, 0, 0, 0, 1, 0, 0, 0, 1, 0, 0, 0, 1, 0, 0, 0, 1, 0, 0, 0, 1, 0, 0, 0, 1, 0, 0, 0, 1, 0, 0, 0, 1, 0, 0, 0, 1, 0, 0, 0, 1, 0, 0, 0, 1, 0, 0, 0, 1, 0, 0, 0, 1, 0, 0, 0, 1, 0, 0, 0, 1, 0, 0, 0, 1, 0, 0, 0, 1, 0, 0, 0, 1, 0, 0, 0, 1, 0, 0, 0, 1, 0, 0, 0, 1, 0, 0, 0, 1, 0, 0, 0, 1, 0, 0, 0, 1, 0, 0, 0, 1, 0, 0, 0, 1, 0, 0, 0, 1, 0, 0, 0, 1, 0, 0, 0, 1, 0, 0, 0, 1, 0, 0, 0, 1, 0, 0, 0, 1, 0, 0, 0, 1, 0, 0, 0, 1, 0, 0, 0, 1, 0, 0, 0, 1, 0, 0, 0, 1, 0, 0, 0, 1, 0, 0, 0, 1, 0, 0, 0, 1, 0, 0, 0, 1, 0, 0, 0, 1, 0, 0, 0, 1, 0, 0, 0, 1, 0, 0, 0, 1, 0, 0, 0, 1, 0, 0, 0, 1, 0, 0, 0, 1, 0, 0, 0, 1, 0, 0, 0, 1, 0, 0, 0, 1, 0, 0, 0, 1, 0, 0, 0, 1, 0, 0, 0, 1, 0, 0, 0, 1, 0, 0, 0, 1, 0, 0, 0, 1, 0, 0, 0, 1, 0, 0, 0, 1, 0, 0, 0, 1, 0, 0, 0, 1, 0, 0, 0, 1, 0, 0, 0, 1, 0, 0, 0, 1, 0, 0, 0, 1, 0, 0, 0, 1, 0, 0, 0, 1, 0, 0, 0, 1, 0, 0, 0, 1, 0, 0, 0, 1, 0, 0, 0, 1, 0, 0, 0, 1, 0, 0, 0, 1, 0, 0, 0, 1, 0, 0, 0, 1, 0, 0, 0, 1, 0, 0, 0, 1, 0, 0, 0, 1, 0, 0, 0, 1, 0, 0, 0, 1, 0, 0, 0, 1, 0, 0, 0, 1, 0, 0, 0, 1, 0, 0, 0, 1, 0, 0, 0, 1, 0, 0, 0, 1, 0, 0, 0, 1, 0, 0, 0, 1, 0, 0, 0, 1, 0, 0, 0, 1, 0, 0, 0, 1, 0, 0, 0, 1, 0, 0, 0, 1, 0, 0, 0, 1, 0, 0, 0, 1, 0, 0, 0, 1, 0, 0, 0, 1, 0, 0, 0, 1, 0, 0, 0, 1, 0, 0, 0, 1, 0, 0, 0, 1, 0, 0, 0, 1, 0, 0, 0, 1, 0, 0, 0, 1, 0, 0, 0, 1, 0, 0, 0, 1, 0, 0, 0, 1, 0, 0, 0, 1, 0, 0, 0, 1, 0, 0, 0, 1, 0, 0, 0, 1, 0, 0, 0, 1, 0, 0, 0, 1, 0, 0, 0, 1, 0, 0, 0, 1, 0, 0, 0, 1, 0, 0, 0, 1, 0, 0, 0, 1, 0, 0, 0, 1, 0, 0, 0, 1, 0, 0, 0, 1, 0, 0, 0, 1, 0, 0, 0, 1, 0, 0, 0, 1, 0, 0, 0, 1, 0, 0, 0, 1, 0, 0, 0, 1, 0, 0, 0, 1, 0, 0, 0, 1, 0, 0, 0, 1, 0, 0, 0, 1, 0, 0, 0, 1, 0, 0, 0, 1, 0, 0, 0, 1, 0, 0, 0, 1, 0, 0, 0, 1, 0, 0, 0, 1, 0, 0, 0, 1, 0, 0, 0, 1, 0, 0, 0, 1, 0, 0, 0, 1, 0, 0, 0, 1, 0, 0, 0, 1, 0, 0, 0, 1, 0, 0, 0, 1, 0, 0, 0, 1, 0, 0, 0, 1, 0, 0, 0, 1, 0, 0, 0, 1, 0, 0, 0, 1, 0, 0, 0, 1, 0, 0, 0, 1, 0, 0, 0, 1, 0, 0, 0, 1, 0, 0, 0, 1, 0, 0, 0, 1, 0, 0, 0, 1, 0, 0, 0, 1, 0, 0, 0, 1, 0, 0, 0, 1, 0, 0, 0, 1, 0, 0, 0, 1, 0, 0, 0, 1, 0, 0, 0, 1, 0, 0, 0, 1, 0, 0, 0, 1, 0, 0, 0, 1, 0, 0, 0, 1, 0, 0, 0, 1, 0, 0, 0, 1, 0, 0, 0, 1, 0, 0, 0, 1, 0, 0, 0, 1, 0, 0, 0, 1, 0, 0, 0, 1, 0, 0, 0, 1, 0, 0, 0, 1, 0, 0, 0, 1, 0, 0, 0, 1, 0, 0, 0, 1, 0, 0, 0, 1, 0, 0, 0, 1, 0, 0, 0, 1, 0, 0, 0, 1, 0, 0, 0, 1, 0, 0, 0, 1, 0, 0, 0, 1, 0, 0, 0, 1, 0, 0, 0, 1, 0, 0, 0, 1, 0, 0, 0, 1, 0, 0, 0, 1, 0, 0, 0, 1, 0, 0, 0, 1, 0, 0, 0, 1, 0, 0, 0, 1, 0, 0, 0, 1, 0, 0, 0, 1, 0, 0, 0, 1, 0, 0, 0, 1, 0, 0, 0, 1, 0, 0, 0, 1, 0, 0, 0, 1, 0, 0, 0, 1, 0, 0, 0, 1, 0, 0, 0, 1, 0, 0, 0, 1, 0, 0, 0, 1, 0, 0, 0, 1, 0, 0, 0, 1, 0, 0, 0, 1, 0, 0, 0, 1, 0, 0, 0, 1, 0, 0, 0, 1, 0, 0, 0, 1, 0, 0, 0, 1, 0, 0, 0, 1, 0, 0, 0, 1, 0, 0, 0, 1, 0, 0, 0, 1, 0, 0, 0, 1, 0, 0, 0, 1, 0, 0, 0, 1, 0, 0, 0, 1, 0, 0, 0, 1, 0, 0, 0, 1, 0, 0, 0, 1, 0, 0, 0, 1, 0, 0, 0, 1, 0, 0, 0, 1, 0, 0, 0, 1, 0, 0, 0, 1, 0, 0, 0, 1, 0, 0, 0, 1, 0, 0, 0, 1, 0, 0, 0, 1, 0, 0, 0, 1, 0, 0, 0, 1, 0, 0, 0, 1, 0, 0, 0, 1, 0, 0, 0, 1, 0, 0, 0, 1, 0, 0, 0, 1, 0, 0, 0, 1, 0, 0, 0, 1, 0, 0, 0, 1, 0, 0, 0, 1, 0, 0, 0, 1, 0, 0, 0, 1, 0, 0, 0, 1, 0, 0, 0, 1, 0, 0, 0, 1, 0, 0, 0, 1, 0, 0, 0, 1, 0, 0, 0, 1, 0, 0, 0, 1, 0, 0, 0, 1, 0, 0, 0, 1, 0, 0, 0, 1, 0, 0, 0, 1, 0, 0, 0, 1, 0, 0, 0, 1, 0, 0, 0, 1, 0, 0, 0, 1, 0, 0, 0, 1, 0, 0, 0, 1, 0, 0, 0, 1, 0, 0, 0, 1, 0, 0, 0, 1, 0, 0, 0, 1, 0, 0, 0, 1, 0, 0, 0, 1, 0, 0, 0, 1, 0, 0, 0, 1, 0, 0, 0, 1, 0, 0, 0, 1, 0, 0, 0, 1, 0, 0, 0, 1, 0, 0, 0, 1, 0, 0, 0, 1, 0, 0, 0, 1, 0, 0, 0, 1, 0, 0, 0, 1, 0, 0, 0, 1, 0, 0, 0, 1, 0, 0, 0, 1, 0, 0, 0, 1, 0, 0, 0, 1, 0, 0, 0, 1, 0, 0, 0, 1, 0, 0, 0, 1, 0, 0, 0, 1, 0, 0, 0, 1, 0, 0, 0, 1, 0, 0, 0, 1, 0, 0, 0, 1, 0, 0, 0, 1, 0, 0, 0, 1, 0, 0, 0, 1, 0, 0, 0, 1, 0, 0, 0, 1, 0, 0, 0, 1, 0, 0, 0, 1, 0, 0, 0, 1, 0, 0, 0, 1, 0, 0, 0, 1, 0, 0, 0, 1, 0, 0, 0, 1, 0, 0, 0, 1, 0, 0, 0, 1, 0, 0, 0, 1, 0, 0, 0, 1, 0, 0, 0, 1, 0, 0, 0, 1, 0, 0, 0, 1, 0, 0, 0, 1, 0, 0, 0, 1, 0, 0, 0, 1, 0, 0, 0, 1, 0, 0, 0, 1, 0, 0, 0, 1, 0, 0, 0, 1, 0, 0, 0, 1, 0, 0, 0, 1, 0, 0, 0, 1, 0, 0, 0, 1, 0, 0, 0, 1, 0, 0, 0, 1, 0, 0, 0, 1, 0, 0, 0, 1, 0, 0, 0, 1, 0, 0, 0, 1, 0, 0, 0, 1, 0, 0, 0, 1, 0, 0, 0, 1, 0, 0, 0, 1, 0, 0, 0, 1, 0, 0, 0, 1, 0, 0, 0, 1, 0, 0, 0, 1, 0, 0, 0, 1, 0, 0, 0, 1, 0, 0, 0, 1, 0, 0, 0, 1, 0, 0, 0, 1, 0, 0, 0, 1, 0, 0, 0, 1, 0, 0, 0, 1, 0, 0, 0, 1, 0, 0, 0, 1, 0, 0, 0, 1, 0, 0, 0, 1, 0, 0, 0, 1, 0, 0, 0, 1, 0, 0, 0, 1, 0, 0, 0, 1, 0, 0, 0, 1, 0, 0, 0, 1, 0, 0, 0, 1, 0, 0, 0, 1, 0, 0, 0, 1, 0, 0, 0, 1, 0, 0, 0, 1, 0, 0, 0, 1, 0, 0, 0, 1, 0, 0, 0, 1, 0, 0, 0, 1, 0, 0, 0, 1, 0, 0, 0, 1, 0, 0, 0, 1, 0, 0, 0, 1, 0, 0, 0, 1, 0, 0, 0, 1, 0, 0, 0, 1, 0, 0, 0, 1, 0, 0, 0, 1, 0, 0, 0, 1, 0, 0, 0, 1, 0, 0, 0, 1, 0, 0, 0, 1, 0, 0, 0, 1, 0, 0, 0, 1, 0, 0, 0, 1, 0, 0, 0, 1, 0, 0, 0, 1, 0, 0, 0, 1, 0, 0, 0, 1, 0, 0, 0, 1, 0, 0, 0, 1, 0, 0, 0, 1, 0, 0, 0, 1, 0, 0, 0, 1, 0, 0, 0, 1, 0, 0, 0, 1, 0, 0, 0, 1, 0, 0, 0, 1, 0, 0, 0, 1, 0, 0, 0, 1, 0, 0, 0, 1, 0, 0, 0, 1, 0, 0, 0, 1, 0, 0, 0, 1, 0, 0, 0, 1, 0, 0, 0, 1, 0, 0, 0, 1, 0, 0, 0, 1, 0, 0, 0, 1, 0, 0, 0, 1, 0, 0, 0, 1, 0, 0, 0, 1, 0, 0, 0, 1, 0, 0, 0, 1, 0, 0, 0, 1, 0, 0, 0, 1, 0, 0, 0, 1, 0, 0, 0, 1, 0, 0, 0, 1, 0, 0, 0, 1, 0, 0, 0, 1, 0, 0, 0, 1, 0, 0, 0, 1, 0, 0, 0, 1, 0, 0, 0, 1, 0, 0, 0, 1, 0, 0, 0, 1, 0, 0, 0, 1, 0, 0, 0, 1, 0, 0, 0, 1, 0, 0, 0, 1, 0, 0, 0, 1, 0, 0, 0, 1, 0, 0, 0, 1, 0, 0, 0, 1, 0, 0, 0, 1, 0, 0, 0, 1, 0, 0, 0, 1, 0, 0, 0, 1, 0, 0, 0, 1, 0, 0, 0, 1, 0, 0, 0, 1, 0, 0, 0, 1, 0, 0, 0, 1, 0, 0, 0, 1, 0, 0, 0, 1, 0, 0, 0, 1, 0, 0, 0, 1, 0, 0, 0, 1, 0, 0, 0, 1, 0, 0, 0, 1, 0, 0, 0, 1, 0, 0, 0, 1, 0, 0, 0, 1, 0, 0, 0, 1, 0, 0, 0, 1, 0, 0, 0, 1, 0, 0, 0, 1, 0, 0, 0, 1, 0, 0, 0, 1, 0, 0, 0, 1, 0, 0, 0, 1, 0, 0, 0, 1, 0, 0, 0, 1, 0, 0, 0, 1, 0, 0, 0, 1, 0, 0, 0, 1, 0, 0, 0, 1, 0, 0, 0, 1, 0, 0, 0, 1, 0, 0, 0, 1, 0, 0, 0, 1, 0, 0, 0, 1, 0, 0, 0, 1, 0, 0, 0, 1, 0, 0, 0, 1, 0, 0, 0, 1, 0, 0, 0, 1, 0, 0, 0, 1, 0, 0, 0, 1, 0, 0, 0, 1, 0, 0, 0, 1, 0, 0, 0, 1, 0, 0, 0, 1, 0, 0, 0, 1, 0, 0, 0, 1, 0, 0, 0, 1, 0, 0, 0, 1, 0, 0, 0, 1, 0, 0, 0, 1, 0, 0, 0, 1, 0, 0, 0, 1, 0, 0, 0, 1, 0, 0, 0, 1, 0, 0, 0, 1, 0, 0, 0, 1, 0, 0, 0, 1, 0, 0, 0, 1, 0, 0, 0, 1, 0, 0, 0, 1, 0, 0, 0, 1, 0, 0, 0, 1, 0, 0, 0, 1, 0, 0, 0, 1, 0, 0, 0, 1, 0, 0, 0, 1, 0, 0, 0, 1, 0, 0, 0, 1, 0, 0, 0, 1, 0, 0, 0, 1, 0, 0, 0, 1, 0, 0, 0, 1, 0, 0, 0, 1, 0, 0, 0, 1, 0, 0, 0, 1, 0, 0, 0, 1, 0, 0, 0, 1, 0, 0, 0, 1, 0, 0, 0, 1, 0, 0, 0, 1, 0, 0, 0, 1, 0, 0, 0, 1, 0, 0, 0, 1, 0, 0, 0, 1, 0, 0, 0, 1, 0, 0, 0, 1, 0, 0, 0, 1, 0, 0, 0, 1, 0, 0, 0, 1, 0, 0, 0, 1, 0, 0, 0, 1, 0, 0, 0, 1, 0, 0, 0, 1, 0, 0, 0, 1, 0, 0, 0, 1, 0, 0, 0, 1, 0, 0, 0, 1, 0, 0, 0, 1, 0, 0, 0, 1, 0, 0, 0, 1, 0, 0, 0, 1, 0, 0, 0, 1, 0, 0, 0, 1, 0, 0, 0, 1, 0, 0, 0, 1, 0, 0, 0, 1, 0, 0, 0, 1, 0, 0, 0, 1, 0, 0, 0, 1, 0, 0, 0, 1, 0, 0, 0, 1, 0, 0, 0, 1, 0, 0, 0, 1, 0, 0, 0, 1, 0, 0, 0, 1, 0, 0, 0, 1, 0, 0, 0, 1, 0, 0, 0, 1, 0, 0, 0, 1, 0, 0, 0, 1, 0, 0, 0, 1, 0, 0, 0, 1, 0, 0, 0, 1, 0, 0, 0, 1, 0, 0, 0, 1, 0, 0, 0, 1, 0, 0, 0, 1, 0, 0, 0, 1, 0, 0, 0, 1, 0, 0, 0, 1, 0, 0, 0, 1, 0, 0, 0, 1, 0, 0, 0, 1, 0, 0, 0, 1, 0, 0, 0, 1, 0, 0, 0, 1, 0, 0, 0, 1, 0, 0, 0, 1, 0, 0, 0, 1, 0, 0, 0, 1, 0, 0, 0, 1, 0, 0, 0, 1, 0, 0, 0, 1, 0, 0, 0, 1, 0, 0, 0, 1, 0, 0, 0, 1, 0, 0, 0, 1, 0, 0, 0, 1, 0, 0, 0, 1, 0, 0, 0, 1, 0, 0, 0, 1, 0, 0, 0, 1, 0, 0, 0, 1, 0, 0, 0, 1, 0, 0, 0, 1, 0, 0, 0, 1, 0, 0, 0, 1, 0, 0, 0, 1, 0, 0, 0, 1, 0, 0, 0, 1, 0, 0, 0, 1, 0, 0, 0, 1, 0, 0, 0, 1, 0, 0, 0, 1, 0, 0, 0, 1, 0, 0, 0, 1, 0, 0, 0, 1, 0, 0, 0, 1, 0, 0, 0, 1, 0, 0, 0, 1, 0, 0, 0, 1, 0, 0, 0, 1, 0, 0, 0, 1, 0, 0, 0, 1, 0, 0, 0, 1, 0, 0, 0, 1, 0, 0, 0, 1, 0, 0, 0, 1, 0, 0, 0, 1, 0, 0, 0, 1, 0, 0, 0, 1, 0, 0, 0, 1, 0, 0, 0, 1, 0, 0, 0, 1, 0, 0, 0, 1, 0, 0, 0, 1, 0, 0, 0, 1, 0, 0, 0, 1, 0, 0, 0, 1, 0, 0, 0, 1, 0, 0, 0, 1, 0, 0, 0, 1, 0, 0, 0, 1, 0, 0, 0, 1, 0, 0, 0, 1, 0, 0, 0, 1, 0, 0, 0, 1, 0, 0, 0, 1, 0, 0, 0, 1, 0, 0, 0, 1, 0, 0, 0, 1, 0, 0, 0, 1, 0, 0, 0, 1, 0, 0, 0, 1, 0, 0, 0, 1, 0, 0, 0, 1, 0, 0, 0, 1, 0, 0, 0, 1, 0, 0, 0, 1, 0, 0, 0, 1, 0, 0, 0, 1, 0, 0, 0, 1, 0, 0, 0, 1, 0, 0, 0, 1, 0, 0, 0, 1, 0, 0, 0, 1, 0, 0, 0, 1, 0, 0, 0, 1, 0, 0, 0, 1, 0, 0, 0, 1, 0, 0, 0, 1, 0, 0, 0, 1, 0, 0, 0, 1, 0, 0, 0, 1, 0, 0, 0, 1, 0, 0, 0, 1, 0, 0, 0, 1, 0, 0, 0, 1, 0, 0, 0, 1, 0, 0, 0, 1, 0, 0, 0, 1, 0, 0, 0, 1, 0, 0, 0, 1, 0, 0, 0, 1, 0, 0, 0, 1, 0, 0, 0, 1, 0, 0, 0, 1, 0, 0, 0, 1, 0, 0, 0, 1, 0, 0, 0, 1, 0, 0, 0, 1, 0, 0, 0, 1, 0, 0, 0, 1, 0, 0, 0, 1, 0, 0, 0, 1, 0, 0, 0, 1, 0, 0, 0, 1, 0, 0, 0, 1, 0, 0, 0, 1, 0, 0, 0, 1, 0, 0, 0, 1, 0, 0, 0, 1, 0, 0, 0, 1, 0, 0, 0, 1, 0, 0, 0, 1, 0, 0, 0, 1, 0, 0, 0, 1, 0, 0, 0, 1, 0, 0, 0, 1, 0, 0, 0, 1, 0, 0, 0, 1, 0, 0, 0, 1, 0, 0, 0, 1, 0, 0, 0, 1, 0, 0, 0, 1, 0, 0, 0, 1, 0, 0, 0, 1, 0, 0, 0, 1, 0, 0, 0, 1, 0, 0, 0, 1, 0, 0, 0, 1, 0, 0, 0, 1, 0, 0, 0, 1, 0, 0, 0, 1, 0, 0, 0, 1, 0, 0, 0, 1, 0, 0, 0, 1, 0, 0, 0, 1, 0, 0, 0, 1, 0, 0, 0, 1, 0, 0, 0, 1, 0, 0, 0, 1, 0, 0, 0, 1, 0, 0, 0, 1, 0, 0, 0, 1, 0, 0, 0, 1, 0, 0, 0, 1, 0, 0, 0, 1, 0, 0, 0, 1, 0, 0, 0, 1, 0, 0, 0, 1, 0, 0, 0, 1, 0, 0, 0, 1, 0, 0, 0, 1, 0, 0, 0, 1, 0, 0, 0, 1, 0, 0, 0, 1, 0, 0, 0, 1, 0, 0, 0, 1, 0, 0, 0, 1, 0, 0, 0, 1, 0, 0, 0, 1, 0, 0, 0, 1, 0, 0, 0, 1, 0, 0, 0, 1, 0, 0, 0, 1, 0, 0, 0, 1, 0, 0, 0, 1, 0, 0, 0, 1, 0, 0, 0, 1, 0, 0, 0, 1, 0, 0, 0, 1, 0, 0, 0, 1, 0, 0, 0, 1, 0, 0, 0, 1, 0, 0, 0, 1, 0, 0, 0, 1, 0, 0, 0, 1, 0, 0, 0, 1, 0, 0, 0, 1, 0, 0, 0, 1, 0, 0, 0, 1, 0, 0, 0, 1, 0, 0, 0, 1, 0, 0, 0, 1, 0, 0, 0, 1, 0, 0, 0, 1, 0, 0, 0, 1, 0, 0, 0, 1, 0, 0, 0, 1, 0, 0, 0, 1, 0, 0, 0, 1, 0, 0, 0, 1, 0, 0, 0, 1, 0, 0, 0, 1, 0, 0, 0, 1, 0, 0, 0, 1, 0, 0, 0, 1, 0, 0, 0, 1, 0, 0, 0, 1, 0, 0, 0, 1, 0, 0, 0, 1, 0, 0, 0, 1, 0, 0, 0, 1, 0, 0, 0, 1, 0, 0, 0, 1, 0, 0, 0, 1, 0, 0, 0, 1, 0, 0, 0, 1, 0, 0, 0, 1, 0, 0, 0, 1, 0, 0, 0, 1, 0, 0, 0, 1, 0, 0, 0, 1, 0, 0, 0, 1, 0, 0, 0, 1, 0, 0, 0, 1, 0, 0, 0, 1, 0, 0, 0, 1, 0, 0, 0, 1, 0, 0, 0, 1, 0, 0, 0, 1, 0, 0, 0, 1, 0, 0, 0, 1, 0, 0, 0, 1, 0, 0, 0, 1, 0, 0, 0, 1, 0, 0, 0, 1, 0, 0, 0, 1, 0, 0, 0, 1, 0, 0, 0, 1, 0, 0, 0, 1, 0, 0, 0, 1, 0, 0, 0, 1, 0, 0, 0, 1, 0, 0, 0, 1, 0, 0, 0, 1, 0, 0, 0, 1, 0, 0, 0, 1, 0, 0, 0, 1, 0, 0, 0, 1, 0, 0, 0, 1, 0, 0, 0, 1, 0, 0, 0, 1, 0, 0, 0, 1, 0, 0, 0, 1, 0, 0, 0, 1, 0, 0, 0, 1, 0, 0, 0, 1, 0, 0, 0, 1, 0, 0, 0, 1, 0, 0, 0, 1, 0, 0, 0, 1, 0, 0, 0, 1, 0, 0, 0, 1, 0, 0, 0, 1, 0, 0, 0, 1, 0, 0, 0, 1, 0, 0, 0, 1, 0, 0, 0, 1, 0, 0, 0, 1, 0, 0, 0, 1, 0, 0, 0, 1, 0, 0, 0, 1, 0, 0, 0, 1, 0, 0, 0, 1, 0, 0, 0, 1, 0, 0, 0, 1, 0, 0, 0, 1, 0, 0, 0, 1, 0, 0, 0, 1, 0, 0, 0, 1, 0, 0, 0, 1, 0, 0, 0, 1, 0, 0, 0, 1, 0, 0, 0, 1, 0, 0, 0, 1, 0, 0, 0, 1, 0, 0, 0, 1, 0, 0, 0, 1, 0, 0, 0, 1, 0, 0, 0, 1, 0, 0, 0, 1, 0, 0, 0, 1, 0, 0, 0, 1, 0, 0, 0, 1, 0, 0, 0, 1, 0, 0, 0, 1, 0, 0, 0, 1, 0, 0, 0, 1, 0, 0, 0, 1, 0, 0, 0, 1, 0, 0, 0, 1, 0, 0, 0, 1, 0, 0, 0, 1, 0, 0, 0, 1, 0, 0, 0, 1, 0, 0, 0, 1, 0, 0, 0, 1, 0, 0, 0, 1, 0, 0, 0, 1, 0, 0, 0, 1, 0, 0, 0, 1, 0, 0, 0, 1, 0, 0, 0, 1, 0, 0, 0, 1, 0, 0, 0, 1, 0, 0, 0, 1, 0, 0, 0, 1, 0, 0, 0, 1, 0, 0, 0, 1, 0, 0, 0, 1, 0, 0, 0, 1, 0, 0, 0, 1, 0, 0, 0, 1, 0, 0, 0, 1, 0, 0, 0, 1, 0, 0, 0, 1, 0, 0, 0, 1, 0, 0, 0, 1, 0, 0, 0, 1, 0, 0, 0, 1, 0, 0, 0, 1, 0, 0, 0, 1, 0, 0, 0, 1, 0, 0, 0, 1, 0, 0, 0, 1, 0, 0, 0, 1, 0, 0, 0, 1, 0, 0, 0, 1, 0, 0, 0, 1, 0, 0, 0, 1, 0, 0, 0, 1, 0, 0, 0, 1, 0, 0, 0, 1, 0, 0, 0, 1, 0, 0, 0, 1, 0, 0, 0, 1, 0, 0, 0, 1, 0, 0, 0, 1, 0, 0, 0, 1, 0, 0, 0, 1, 0, 0, 0, 1, 0, 0, 0, 1, 0, 0, 0, 1, 0, 0, 0, 1, 0, 0, 0, 1, 0, 0, 0, 1, 0, 0, 0, 1, 0, 0, 0, 1, 0, 0, 0, 1, 0, 0, 0, 1, 0, 0, 0, 1, 0, 0, 0, 1, 0, 0, 0, 1, 0, 0, 0, 1, 0, 0, 0, 1, 0, 0, 0, 1, 0, 0, 0, 1, 0, 0, 0, 1, 0, 0, 0, 1, 0, 0, 0, 1, 0, 0, 0, 1, 0, 0, 0, 1, 0, 0, 0, 1, 0, 0, 0, 1, 0, 0, 0, 1, 0, 0, 0, 1, 0, 0, 0, 1, 0, 0, 0, 1, 0, 0, 0, 1, 0, 0, 0, 1, 0, 0, 0, 1, 0, 0, 0, 1, 0, 0, 0, 1, 0, 0, 0, 1, 0, 0, 0, 1, 0, 0, 0, 1, 0, 0, 0, 1, 0, 0, 0, 1, 0, 0, 0, 1, 0, 0, 0, 1, 0, 0, 0, 1, 0, 0, 0, 1, 0, 0, 0, 1, 0, 0, 0, 1, 0, 0, 0, 1, 0, 0, 0, 1, 0, 0, 0, 1, 0, 0, 0, 1, 0, 0, 0, 1, 0, 0, 0, 1, 0, 0, 0, 1, 0, 0, 0, 1, 0, 0, 0, 1, 0, 0, 0, 1, 0, 0, 0, 1, 0, 0, 0, 1, 0, 0, 0, 1, 0, 0, 0, 1, 0, 0, 0, 1, 0, 0, 0, 1, 0, 0, 0, 1, 0, 0, 0, 1, 0, 0, 0, 1, 0, 0, 0, 1, 0, 0, 0, 1, 0, 0, 0, 1, 0, 0, 0, 1, 0, 0, 0, 1, 0, 0, 0, 1, 0, 0, 0, 1, 0, 0, 0, 1, 0, 0, 0, 1, 0, 0, 0, 1, 0, 0, 0, 1, 0, 0, 0, 1, 0, 0, 0, 1, 0, 0, 0, 1, 0, 0, 0, 1, 0, 0, 0, 1, 0, 0, 0, 1, 0, 0, 0, 1, 0, 0, 0, 1, 0, 0, 0, 1, 0, 0, 0, 1, 0, 0, 0, 1, 0, 0, 0, 1, 0, 0, 0, 1, 0, 0, 0, 1, 0, 0, 0, 1, 0, 0, 0, 1, 0, 0, 0, 1, 0, 0, 0, 1, 0, 0, 0, 1, 0, 0, 0, 1, 0, 0, 0, 1, 0, 0, 0, 1, 0, 0, 0, 1, 0, 0, 0, 1, 0, 0, 0, 1, 0, 0, 0, 1, 0, 0, 0, 1, 0, 0, 0, 1, 0, 0, 0, 1, 0, 0, 0, 1, 0, 0, 0, 1, 0, 0, 0, 1, 0, 0, 0, 1, 0, 0, 0, 1, 0, 0, 0, 1, 0, 0, 0, 1, 0, 0, 0, 1, 0, 0, 0, 1, 0, 0, 0, 1, 0, 0, 0, 1, 0, 0, 0, 1, 0, 0, 0, 1, 0, 0, 0, 1, 0, 0, 0, 1, 0, 0, 0, 1, 0, 0, 0, 1, 0, 0, 0, 1, 0, 0, 0, 1, 0, 0, 0, 1, 0, 0, 0, 1, 0, 0, 0, 1, 0, 0, 0, 1, 0, 0, 0, 1, 0, 0, 0, 1, 0, 0, 0, 1, 0, 0, 0, 1, 0, 0, 0, 1, 0, 0, 0, 1, 0, 0, 0, 1, 0, 0, 0, 1, 0, 0, 0, 1, 0, 0, 0, 1, 0, 0, 0, 1, 0, 0, 0, 1, 0, 0, 0, 1, 0, 0, 0, 1, 0, 0, 0, 1, 0, 0, 0, 1, 0, 0, 0, 1, 0, 0, 0, 1, 0, 0, 0, 1, 0, 0, 0, 1, 0, 0, 0, 1, 0, 0, 0, 1, 0, 0, 0, 1, 0, 0, 0, 1, 0, 0, 0, 1, 0, 0, 0, 1, 0, 0, 0, 1, 0, 0, 0, 1, 0, 0, 0, 1, 0, 0, 0, 1, 0, 0, 0, 1, 0, 0, 0, 1, 0, 0, 0, 1, 0, 0, 0, 1, 0, 0, 0, 1, 0, 0, 0, 1, 0, 0, 0, 1, 0, 0, 0, 1, 0, 0, 0, 1, 0, 0, 0, 1, 0, 0, 0, 1, 0, 0, 0, 1, 0, 0, 0, 1, 0, 0, 0, 1, 0, 0, 0, 1, 0, 0, 0, 1, 0, 0, 0, 1, 0, 0, 0, 1, 0, 0, 0, 1, 0, 0, 0, 1, 0, 0, 0, 1, 0, 0, 0, 1, 0, 0, 0, 1, 0, 0, 0, 1, 0, 0, 0, 1, 0, 0, 0, 1, 0, 0, 0, 1, 0, 0, 0, 1, 0, 0, 0, 1, 0, 0, 0, 1, 0, 0, 0, 1, 0, 0, 0, 1, 0, 0, 0, 1, 0, 0, 0, 1, 0, 0, 0, 1, 0, 0, 0, 1, 0, 0, 0, 1, 0, 0, 0, 1, 0, 0, 0, 1, 0, 0, 0, 1, 0, 0, 0, 1, 0, 0, 0, 1, 0, 0, 0, 1, 0, 0, 0, 1, 0, 0, 0, 1, 0, 0, 0, 1, 0, 0, 0, 1, 0, 0, 0, 1, 0, 0, 0, 1, 0, 0, 0, 1, 0, 0, 0, 1, 0, 0, 0, 1, 0, 0, 0, 1, 0, 0, 0, 1, 0, 0, 0, 1, 0, 0, 0, 1, 0, 0, 0, 1, 0, 0, 0, 1, 0, 0, 0, 1, 0, 0, 0, 1, 0, 0, 0, 1, 0, 0, 0, 1, 0, 0, 0, 1, 0, 0, 0, 1, 0, 0, 0, 1, 0, 0, 0, 1, 0, 0, 0, 1, 0, 0, 0, 1, 0, 0, 0, 1, 0, 0, 0, 1, 0, 0, 0, 1, 0, 0, 0, 1, 0, 0, 0, 1, 0, 0, 0, 1, 0, 0, 0, 1, 0, 0, 0, 1, 0, 0, 0, 1, 0, 0, 0, 1, 0, 0, 0, 1, 0, 0, 0, 1, 0, 0, 0, 1, 0, 0, 0, 1, 0, 0, 0, 1, 0, 0, 0, 1, 0, 0, 0, 1, 0, 0, 0, 1, 0, 0, 0, 1, 0, 0, 0, 1, 0, 0, 0, 1, 0, 0, 0, 1, 0, 0, 0, 1, 0, 0, 0, 1, 0, 0, 0, 1, 0, 0, 0, 1, 0, 0, 0, 1, 0, 0, 0, 1, 0, 0, 0, 1, 0, 0, 0, 1, 0, 0, 0, 1, 0, 0, 0, 1, 0, 0, 0, 1, 0, 0, 0, 1, 0, 0, 0, 1, 0, 0, 0, 1, 0, 0, 0, 1, 0, 0, 0, 1, 0, 0, 0, 1, 0, 0, 0, 1, 0, 0, 0, 1, 0, 0, 0, 1, 0, 0, 0, 1, 0, 0, 0, 1, 0, 0, 0, 1, 0, 0, 0, 1, 0, 0, 0, 1, 0, 0, 0, 1, 0, 0, 0, 1, 0, 0, 0, 1, 0, 0, 0, 1, 0, 0, 0, 1, 0, 0, 0, 1, 0, 0, 0, 1, 0, 0, 0, 1, 0, 0, 0, 1, 0, 0, 0, 1, 0, 0, 0, 1, 0, 0, 0, 1, 0, 0, 0, 1, 0, 0, 0, 1, 0, 0, 0, 1, 0, 0, 0, 1, 0, 0, 0, 1, 0, 0, 0, 1, 0, 0, 0, 1, 0, 0, 0, 1, 0, 0, 0, 1, 0, 0, 0, 1, 0, 0, 0, 1, 0, 0, 0, 1, 0, 0, 0, 1, 0, 0, 0, 1, 0, 0, 0, 1, 0, 0, 0, 1, 0, 0, 0, 1, 0, 0, 0, 1, 0, 0, 0, 1, 0, 0, 0, 1, 0, 0, 0, 1, 0, 0, 0, 1, 0, 0, 0, 1, 0, 0, 0, 1, 0, 0, 0, 1, 0, 0, 0, 1, 0, 0, 0, 1, 0, 0, 0, 1, 0, 0, 0, 1, 0, 0, 0, 1, 0, 0, 0, 1, 0, 0, 0, 1, 0, 0, 0, 1, 0, 0, 0, 1, 0, 0, 0, 1, 0, 0, 0, 1, 0, 0, 0, 1, 0, 0, 0, 1, 0, 0, 0, 1, 0, 0, 0, 1, 0, 0, 0, 1, 0, 0, 0, 1, 0, 0, 0, 1, 0, 0, 0, 1, 0, 0, 0, 1, 0, 0, 0, 1, 0, 0, 0, 1, 0, 0, 0, 1, 0, 0, 0, 1, 0, 0, 0, 1, 0, 0, 0, 1, 0, 0, 0, 1, 0, 0, 0, 1, 0, 0, 0, 1, 0, 0, 0, 1, 0, 0, 0, 1, 0, 0, 0, 1, 0, 0, 0, 1, 0, 0, 0, 1, 0, 0, 0, 1, 0, 0, 0, 1, 0, 0, 0, 1, 0, 0, 0, 1, 0, 0, 0, 1, 0, 0, 0, 1, 0, 0, 0, 1, 0, 0, 0, 1, 0, 0, 0, 1, 0, 0, 0, 1, 0, 0, 0, 1, 0, 0, 0, 1, 0, 0, 0, 1, 0, 0, 0, 1, 0, 0, 0, 1, 0, 0, 0, 1, 0, 0, 0, 1, 0, 0, 0, 1, 0, 0, 0, 1, 0, 0, 0, 1, 0, 0, 0, 1, 0, 0, 0, 1, 0, 0, 0, 1, 0, 0, 0, 1, 0, 0, 0, 1, 0, 0, 0, 1, 0, 0, 0, 1, 0, 0, 0, 1, 0, 0, 0, 1, 0, 0, 0, 1, 0, 0, 0, 1, 0, 0, 0, 1, 0, 0, 0, 1, 0, 0, 0, 1, 0, 0, 0, 1, 0, 0, 0, 1, 0, 0, 0, 1, 0, 0, 0, 1, 0, 0, 0, 1, 0, 0, 0, 1, 0, 0, 0, 1, 0, 0, 0, 1, 0, 0, 0, 1, 0, 0, 0, 1, 0, 0, 0, 1, 0, 0, 0, 1, 0, 0, 0, 1, 0, 0, 0, 1, 0, 0, 0, 1, 0, 0, 0, 1, 0, 0, 0, 1, 0, 0, 0, 1, 0, 0, 0, 1, 0, 0, 0, 1, 0, 0, 0, 1, 0, 0, 0, 1, 0, 0, 0, 1, 0, 0, 0, 1, 0, 0, 0, 1, 0, 0, 0, 1, 0, 0, 0, 1, 0, 0, 0, 1, 0, 0, 0, 1, 0, 0, 0, 1, 0, 0, 0, 1, 0, 0, 0, 1, 0, 0, 0, 1, 0, 0, 0, 1, 0, 0, 0, 1, 0, 0, 0, 1, 0, 0, 0, 1, 0, 0, 0, 1, 0, 0, 0, 1, 0, 0, 0, 1, 0, 0, 0, 1, 0, 0, 0, 1, 0, 0, 0, 1, 0, 0, 0, 1, 0, 0, 0, 1, 0, 0, 0, 1, 0, 0, 0, 1, 0, 0, 0, 1, 0, 0, 0, 1, 0, 0, 0, 1, 0, 0, 0, 1, 0, 0, 0, 1, 0, 0, 0, 1, 0, 0, 0, 1, 0, 0, 0, 1, 0, 0, 0, 1, 0, 0, 0, 1, 0, 0, 0, 1, 0, 0, 0, 1, 0, 0, 0, 1, 0, 0, 0, 1, 0, 0, 0, 1, 0, 0, 0, 1, 0, 0, 0, 1, 0, 0, 0, 1, 0, 0, 0, 1, 0, 0, 0, 1, 0, 0, 0, 1, 0, 0, 0, 1, 0, 0, 0, 1, 0, 0, 0, 1, 0, 0, 0, 1, 0, 0, 0, 1, 0, 0, 0, 1, 0, 0, 0, 1, 0, 0, 0, 1, 0, 0, 0, 1, 0, 0, 0, 1, 0, 0, 0, 1, 0, 0, 0, 1, 0, 0, 0, 1, 0, 0, 0, 1, 0, 0, 0, 1, 0, 0, 0, 1, 0, 0, 0, 1, 0, 0, 0, 1, 0, 0, 0, 1, 0, 0, 0, 1, 0, 0, 0, 1, 0, 0, 0, 1, 0, 0, 0, 1, 0, 0, 0, 1, 0, 0, 0, 1, 0, 0, 0, 1, 0, 0, 0, 1, 0, 0, 0, 1, 0, 0, 0, 1, 0, 0, 0, 1, 0, 0, 0, 1, 0, 0, 0, 1, 0, 0, 0, 1, 0, 0, 0, 1, 0, 0, 0, 1, 0, 0, 0, 1, 0, 0, 0, 1, 0, 0, 0, 1, 0, 0, 0, 1, 0, 0, 0, 1, 0, 0, 0, 1, 0, 0, 0, 1, 0, 0, 0, 1, 0, 0, 0, 1, 0, 0, 0, 1, 0, 0, 0, 1, 0, 0, 0, 1, 0, 0, 0, 1, 0, 0, 0, 1, 0, 0, 0, 1, 0, 0, 0, 1, 0, 0, 0, 1, 0, 0, 0, 1, 0, 0, 0, 1, 0, 0, 0, 1, 0, 0, 0, 1, 0, 0, 0, 1, 0, 0, 0, 1, 0, 0, 0, 1, 0, 0, 0, 1, 0, 0, 0, 1, 0, 0, 0, 1, 0, 0, 0, 1, 0, 0, 0, 1, 0, 0, 0, 1, 0, 0, 0, 1, 0, 0, 0, 1, 0, 0, 0, 1, 0, 0, 0, 1, 0, 0, 0, 1, 0, 0, 0, 1, 0, 0, 0, 1, 0, 0, 0, 1, 0, 0, 0, 1, 0, 0, 0, 1, 0, 0, 0, 1, 0, 0, 0, 1, 0, 0, 0, 1, 0, 0, 0, 1, 0, 0, 0, 1, 0, 0, 0, 1, 0, 0, 0, 1, 0, 0, 0, 1, 0, 0, 0, 1, 0, 0, 0, 1, 0, 0, 0, 1, 0, 0, 0, 1, 0, 0, 0, 1, 0, 0, 0, 1, 0, 0, 0, 1, 0, 0, 0, 1, 0, 0, 0, 1, 0, 0, 0, 1, 0, 0, 0, 1, 0, 0, 0, 1, 0, 0, 0, 1, 0, 0, 0, 1, 0, 0, 0, 1, 0, 0, 0, 1, 0, 0, 0, 1, 0, 0, 0, 1, 0, 0, 0, 1, 0, 0, 0, 1, 0, 0, 0, 1, 0, 0, 0, 1, 0, 0, 0, 1, 0, 0, 0, 1, 0, 0, 0, 1, 0, 0, 0, 1, 0, 0, 0, 1, 0, 0, 0, 1, 0, 0, 0, 1, 0, 0, 0, 1, 0, 0, 0, 1, 0, 0, 0, 1, 0, 0, 0, 1, 0, 0, 0, 1, 0, 0, 0, 1, 0, 0, 0, 1, 0, 0, 0, 1, 0, 0, 0, 1, 0, 0, 0, 1, 0, 0, 0, 1, 0, 0, 0, 1, 0, 0, 0, 1, 0, 0, 0, 1, 0, 0, 0, 1, 0, 0, 0, 1, 0, 0, 0, 1, 0, 0, 0, 1, 0, 0, 0, 1, 0, 0, 0, 1, 0, 0, 0, 1, 0, 0, 0, 1, 0, 0, 0, 1, 0, 0, 0, 1, 0, 0, 0, 1, 0, 0, 0, 1, 0, 0, 0, 1, 0, 0, 0, 1, 0, 0, 0, 1, 0, 0, 0, 1, 0, 0, 0, 1, 0, 0, 0, 1, 0, 0, 0, 1, 0, 0, 0, 1, 0, 0, 0, 1, 0, 0, 0, 1, 0, 0, 0, 1, 0, 0, 0, 1, 0, 0, 0, 1, 0, 0, 0, 1, 0, 0, 0, 1, 0, 0, 0, 1, 0, 0, 0, 1, 0, 0, 0, 1, 0, 0, 0, 1, 0, 0, 0, 1, 0, 0, 0, 1, 0, 0, 0, 1, 0, 0, 0, 1, 0, 0, 0, 1, 0, 0, 0, 1, 0, 0, 0, 1, 0, 0, 0, 1, 0, 0, 0, 1, 0, 0, 0, 1, 0, 0, 0, 1, 0, 0, 0, 1, 0, 0, 0, 1, 0, 0, 0, 1, 0, 0, 0, 1, 0, 0, 0, 1, 0, 0, 0, 1, 0, 0, 0, 1, 0, 0, 0, 1, 0, 0, 0, 1, 0, 0, 0, 1, 0, 0, 0, 1, 0, 0, 0, 1, 0, 0, 0, 1, 0, 0, 0, 1, 0, 0, 0, 1, 0, 0, 0, 1, 0, 0, 0, 1, 0, 0, 0, 1, 0, 0, 0, 1, 0, 0, 0, 1, 0, 0, 0, 1, 0, 0, 0, 1, 0, 0, 0, 1, 0, 0, 0, 1, 0, 0, 0, 1, 0, 0, 0, 1, 0, 0, 0, 1, 0, 0, 0, 1, 0, 0, 0, 1, 0, 0, 0, 1, 0, 0, 0, 1, 0, 0, 0, 1, 0, 0, 0, 1, 0, 0, 0, 1, 0, 0, 0, 1, 0, 0, 0, 1, 0, 0, 0, 1, 0, 0, 0, 1, 0, 0, 0, 1, 0, 0, 0, 1, 0, 0, 0, 1, 0, 0, 0, 1, 0, 0, 0, 1, 0, 0, 0, 1, 0, 0, 0, 1, 0, 0, 0, 1, 0, 0, 0, 1, 0, 0, 0, 1, 0, 0, 0, 1, 0, 0, 0, 1, 0, 0, 0, 1, 0, 0, 0, 1, 0, 0, 0, 1, 0, 0, 0, 1, 0, 0, 0, 1, 0, 0, 0, 1, 0, 0, 0, 1, 0, 0, 0, 1, 0, 0, 0, 1, 0, 0, 0, 1, 0, 0, 0, 1, 0, 0, 0, 1, 0, 0, 0, 1, 0, 0, 0, 1, 0, 0, 0, 1, 0, 0, 0, 1, 0, 0, 0, 1, 0, 0, 0, 1, 0, 0, 0, 1, 0, 0, 0, 1, 0, 0, 0, 1, 0, 0, 0, 1, 0, 0, 0, 1, 0, 0, 0, 1, 0, 0, 0, 1, 0, 0, 0, 1, 0, 0, 0, 1, 0, 0, 0, 1, 0, 0, 0, 1, 0, 0, 0, 1, 0, 0, 0, 1, 0, 0, 0, 1, 0, 0, 0, 1, 0, 0, 0, 1, 0, 0, 0, 1, 0, 0, 0, 1, 0, 0, 0, 1, 0, 0, 0, 1, 0, 0, 0, 1, 0, 0, 0, 1, 0, 0, 0, 1, 0, 0, 0, 1, 0, 0, 0, 1, 0, 0, 0, 1, 0, 0, 0, 1, 0, 0, 0, 1, 0, 0, 0, 1, 0, 0, 0, 1, 0, 0, 0, 1, 0, 0, 0, 1, 0, 0, 0, 1, 0, 0, 0, 1, 0, 0, 0, 1, 0, 0, 0, 1, 0, 0, 0, 1, 0, 0, 0, 1, 0, 0, 0, 1, 0, 0, 0, 1, 0, 0, 0, 1, 0, 0, 0, 1, 0, 0, 0, 1, 0, 0, 0, 1, 0, 0, 0, 1, 0, 0, 0, 1, 0, 0, 0, 1, 0, 0, 0, 1, 0, 0, 0, 1, 0, 0, 0, 1, 0, 0, 0, 1, 0, 0, 0, 1, 0, 0, 0, 1, 0, 0, 0, 1, 0, 0, 0, 1, 0, 0, 0, 1, 0, 0, 0, 1, 0, 0, 0, 1, 0, 0, 0, 1, 0, 0, 0, 1, 0, 0, 0, 1, 0, 0, 0, 1, 0, 0, 0, 1, 0, 0, 0, 1, 0, 0, 0, 1, 0, 0, 0, 1, 0, 0, 0, 1, 0, 0, 0, 1, 0, 0, 0, 1, 0, 0, 0, 1, 0, 0, 0, 1, 0, 0, 0, 1, 0, 0, 0, 1, 0, 0, 0, 1, 0, 0, 0, 1, 0, 0, 0, 1, 0, 0, 0, 1, 0, 0, 0, 1, 0, 0, 0, 1, 0, 0, 0, 1, 0, 0, 0, 1, 0, 0, 0, 1, 0, 0, 0, 1, 0, 0, 0, 1, 0, 0, 0, 1, 0, 0, 0, 1, 0, 0, 0, 1, 0, 0, 0, 1, 0, 0, 0, 1, 0, 0, 0, 1, 0, 0, 0, 1, 0, 0, 0, 1, 0, 0, 0, 1, 0, 0, 0, 1, 0, 0, 0, 1, 0, 0, 0, 1, 0, 0, 0, 1, 0, 0, 0, 1, 0, 0, 0, 1, 0, 0, 0, 1, 0, 0, 0, 1, 0, 0, 0, 1, 0, 0, 0, 1, 0, 0, 0, 1, 0, 0, 0, 1, 0, 0, 0, 1, 0, 0, 0, 1, 0, 0, 0, 1, 0, 0, 0, 1, 0, 0, 0, 1, 0, 0, 0, 1, 0, 0, 0, 1, 0, 0, 0, 1, 0, 0, 0, 1, 0, 0, 0, 1, 0, 0, 0, 1, 0, 0, 0, 1, 0, 0, 0, 1, 0, 0, 0, 1, 0, 0, 0, 1, 0, 0, 0, 1, 0, 0, 0, 1, 0, 0, 0, 1, 0, 0, 0, 1, 0, 0, 0, 1, 0, 0, 0, 1, 0, 0, 0, 1, 0, 0, 0, 1, 0, 0, 0, 1, 0, 0, 0, 1, 0, 0, 0, 1, 0, 0, 0, 1, 0, 0, 0, 1, 0, 0, 0, 1, 0, 0, 0, 1, 0, 0, 0, 1, 0, 0, 0, 1, 0, 0, 0, 1, 0, 0, 0, 1, 0, 0, 0, 1, 0, 0, 0, 1, 0, 0, 0, 1, 0, 0, 0, 1, 0, 0, 0, 1, 0, 0, 0, 1, 0, 0, 0, 1, 0, 0, 0, 1, 0, 0, 0, 1, 0, 0, 0, 1, 0, 0, 0, 1, 0, 0, 0, 1, 0, 0, 0, 1, 0, 0, 0, 1, 0, 0, 0, 1, 0, 0, 0, 1, 0, 0, 0, 1, 0, 0, 0, 1, 0, 0, 0, 1, 0, 0, 0, 1, 0, 0, 0, 1, 0, 0, 0, 1, 0, 0, 0, 1, 0, 0, 0, 1, 0, 0, 0, 1, 0, 0, 0, 1, 0, 0, 0, 1, 0, 0, 0, 1, 0, 0, 0, 1, 0, 0, 0, 1, 0, 0, 0, 1, 0, 0, 0, 1, 0, 0, 0, 1, 0, 0, 0, 1, 0, 0, 0, 1, 0, 0, 0, 1, 0, 0, 0, 1, 0, 0, 0, 1, 0, 0, 0, 1, 0, 0, 0, 1, 0, 0, 0, 1, 0, 0, 0, 1, 0, 0, 0, 1, 0, 0, 0, 1, 0, 0, 0, 1, 0, 0, 0, 1, 0, 0, 0, 1, 0, 0, 0, 1, 0, 0, 0, 1, 0, 0, 0, 1, 0, 0, 0, 1, 0, 0, 0, 1, 0, 0, 0, 1, 0, 0, 0, 1, 0, 0, 0, 1, 0, 0, 0, 1, 0, 0, 0, 1, 0, 0, 0, 1, 0, 0, 0, 1, 0, 0, 0, 1, 0, 0, 0, 1, 0, 0, 0, 1, 0, 0, 0, 1, 0, 0, 0, 1, 0, 0, 0, 1, 0, 0, 0, 1, 0, 0, 0, 1, 0, 0, 0, 1, 0, 0, 0, 1, 0, 0, 0, 1, 0, 0, 0, 1, 0, 0, 0, 1, 0, 0, 0, 1, 0, 0, 0, 1, 0, 0, 0, 1, 0, 0, 0, 1, 0, 0, 0, 1, 0, 0, 0, 1, 0, 0, 0, 1, 0, 0, 0, 1, 0, 0, 0, 1, 0, 0, 0, 1, 0, 0, 0, 1, 0, 0, 0, 1, 0, 0, 0, 1, 0, 0, 0, 1, 0, 0, 0, 1, 0, 0, 0, 1, 0, 0, 0, 1, 0, 0, 0, 1, 0, 0, 0, 1, 0, 0, 0, 1, 0, 0, 0, 1, 0, 0, 0, 1, 0, 0, 0, 1, 0, 0, 0, 1, 0, 0, 0, 1, 0, 0, 0, 1, 0, 0, 0, 1, 0, 0, 0, 1, 0, 0, 0, 1, 0, 0, 0, 1, 0, 0, 0, 1, 0, 0, 0, 1, 0, 0, 0, 1, 0, 0, 0, 1, 0, 0, 0, 1, 0, 0, 0, 1, 0, 0, 0, 1, 0, 0, 0, 1, 0, 0, 0, 1, 0, 0, 0, 1, 0, 0, 0, 1, 0, 0, 0, 1, 0, 0, 0, 1, 0, 0, 0, 1, 0, 0, 0, 1, 0, 0, 0, 1, 0, 0, 0, 1, 0, 0, 0, 1, 0, 0, 0, 1, 0, 0, 0, 1, 0, 0, 0, 1, 0, 0, 0, 1, 0, 0, 0, 1, 0, 0, 0, 1, 0, 0, 0, 1, 0, 0, 0, 1, 0, 0, 0, 1, 0, 0, 0, 1, 0, 0, 0, 1, 0, 0, 0, 1, 0, 0, 0, 1, 0, 0, 0, 1, 0, 0, 0, 1, 0, 0, 0, 1, 0, 0, 0, 1, 0, 0, 0, 1, 0, 0, 0, 1, 0, 0, 0, 1, 0, 0, 0, 1, 0, 0, 0, 1, 0, 0, 0, 1, 0, 0, 0, 1, 0, 0, 0, 1, 0, 0, 0, 1, 0, 0, 0, 1, 0, 0, 0, 1, 0, 0, 0, 1, 0, 0, 0, 1, 0, 0, 0, 1, 0, 0, 0, 1, 0, 0, 0, 1, 0, 0, 0, 1, 0, 0, 0, 1, 0, 0, 0, 1, 0, 0, 0, 1, 0, 0, 0, 1, 0, 0, 0, 1, 0, 0, 0, 1, 0, 0, 0, 1, 0, 0, 0, 1, 0, 0, 0, 1, 0, 0, 0, 1, 0, 0, 0, 1, 0, 0, 0, 1, 0, 0, 0, 1, 0, 0, 0, 1, 0, 0, 0, 1, 0, 0, 0, 1, 0, 0, 0, 1, 0, 0, 0, 1, 0, 0, 0, 1, 0, 0, 0, 1, 0, 0, 0, 1, 0, 0, 0, 1, 0, 0, 0, 1, 0, 0, 0, 1, 0, 0, 0, 1, 0, 0, 0, 1, 0, 0, 0, 1, 0, 0, 0, 1, 0, 0, 0, 1, 0, 0, 0, 1, 0, 0, 0, 1, 0, 0, 0, 1, 0, 0, 0, 1, 0, 0, 0, 1, 0, 0, 0, 1, 0, 0, 0, 1, 0, 0, 0, 1, 0, 0, 0, 1, 0, 0, 0, 1, 0, 0, 0, 1, 0, 0, 0, 1, 0, 0, 0, 1, 0, 0, 0, 1, 0, 0, 0, 1, 0, 0, 0, 1, 0, 0, 0, 1, 0, 0, 0, 1, 0, 0, 0, 1, 0, 0, 0, 1, 0, 0, 0, 1, 0, 0, 0, 1, 0, 0, 0, 1, 0, 0, 0, 1, 0, 0, 0, 1, 0, 0, 0, 1, 0, 0, 0, 1, 0, 0, 0, 1, 0, 0, 0, 1, 0, 0, 0, 1, 0, 0, 0, 1, 0, 0, 0, 1, 0, 0, 0, 1, 0, 0, 0, 1, 0, 0, 0, 1, 0, 0, 0, 1, 0, 0, 0, 1, 0, 0, 0, 1, 0, 0, 0, 1, 0, 0, 0, 1, 0, 0, 0, 1, 0, 0, 0, 1, 0, 0, 0, 1, 0, 0, 0, 1, 0, 0, 0, 1, 0, 0, 0, 1, 0, 0, 0, 1, 0, 0, 0, 1, 0, 0, 0, 1, 0, 0, 0, 1, 0, 0, 0, 1, 0, 0, 0, 1, 0, 0, 0, 1, 0, 0, 0, 1, 0, 0, 0, 1, 0, 0, 0, 1, 0, 0, 0, 1, 0, 0, 0, 1, 0, 0, 0, 1, 0, 0, 0, 1, 0, 0, 0, 1, 0, 0, 0, 1, 0, 0, 0, 1, 0, 0, 0, 1, 0, 0, 0, 1, 0, 0, 0, 1, 0, 0, 0, 1, 0, 0, 0, 1, 0, 0, 0, 1, 0, 0, 0, 1, 0, 0, 0, 1, 0, 0, 0, 1, 0, 0, 0, 1, 0, 0, 0, 1, 0, 0, 0, 1, 0, 0, 0, 1, 0, 0, 0, 1, 0, 0, 0, 1, 0, 0, 0, 1, 0, 0, 0, 1, 0, 0, 0, 1, 0, 0, 0, 1, 0, 0, 0, 1, 0, 0, 0, 1, 0, 0, 0, 1, 0, 0, 0, 1, 0, 0, 0, 1, 0, 0, 0, 1, 0, 0, 0, 1, 0, 0, 0, 1, 0, 0, 0, 1, 0, 0, 0, 1, 0, 0, 0, 1, 0, 0, 0, 1, 0, 0, 0, 1, 0, 0, 0, 1, 0, 0, 0, 1, 0, 0, 0, 1, 0, 0, 0, 1, 0, 0, 0, 1, 0, 0, 0, 1, 0, 0, 0, 1, 0, 0, 0, 1, 0, 0, 0, 1, 0, 0, 0, 1, 0, 0, 0, 1, 0, 0, 0, 1, 0, 0, 0, 1, 0, 0, 0, 1, 0, 0, 0, 1, 0, 0, 0, 1, 0, 0, 0, 1, 0, 0, 0, 1, 0, 0, 0, 1, 0, 0, 0, 1, 0, 0, 0, 1, 0, 0, 0, 1, 0, 0, 0, 1, 0, 0, 0, 1, 0, 0, 0, 1, 0, 0, 0, 1, 0, 0, 0, 1, 0, 0, 0, 1, 0, 0, 0, 1, 0, 0, 0, 1, 0, 0, 0, 1, 0, 0, 0, 1, 0, 0, 0, 1, 0, 0, 0, 1, 0, 0, 0, 1, 0, 0, 0, 1, 0, 0, 0, 1, 0, 0, 0, 1, 0, 0, 0, 1, 0, 0, 0, 1, 0, 0, 0, 1, 0, 0, 0, 1, 0, 0, 0, 1, 0, 0, 0, 1, 0, 0, 0, 1, 0, 0, 0, 1, 0, 0, 0, 1, 0, 0, 0, 1, 0, 0, 0, 1, 0, 0, 0, 1, 0, 0, 0, 1, 0, 0, 0, 1, 0, 0, 0, 1, 0, 0, 0, 1, 0, 0, 0, 1, 0, 0, 0, 1, 0, 0, 0, 1, 0, 0, 0, 1, 0, 0, 0, 1, 0, 0, 0, 1, 0, 0, 0, 1, 0, 0, 0, 1, 0, 0, 0, 1, 0, 0, 0, 1, 0, 0, 0, 1, 0, 0, 0, 1, 0, 0, 0, 1, 0, 0, 0, 1, 0, 0, 0, 1, 0, 0, 0, 1, 0, 0, 0, 1, 0, 0, 0, 1, 0, 0, 0, 1, 0, 0, 0, 1, 0, 0, 0, 1, 0, 0, 0, 1, 0, 0, 0, 1, 0, 0, 0, 1, 0, 0, 0, 1, 0, 0, 0, 1, 0, 0, 0, 1, 0, 0, 0, 1, 0, 0, 0, 1, 0, 0, 0, 1, 0, 0, 0, 1, 0, 0, 0, 1, 0, 0, 0, 1, 0, 0, 0, 1, 0, 0, 0, 1, 0, 0, 0, 1, 0, 0, 0, 1, 0, 0, 0, 1, 0, 0, 0, 1, 0, 0, 0, 1, 0, 0, 0, 1, 0, 0, 0, 1, 0, 0, 0, 1, 0, 0, 0, 1, 0, 0, 0, 1, 0, 0, 0, 1, 0, 0, 0, 1, 0, 0, 0, 1, 0, 0, 0, 1, 0, 0, 0, 1, 0, 0, 0, 1, 0, 0, 0, 1, 0, 0, 0, 1, 0, 0, 0, 1, 0, 0, 0, 1, 0, 0, 0, 1, 0, 0, 0, 1, 0, 0, 0, 1, 0, 0, 0, 1, 0, 0, 0, 1, 0, 0, 0, 1, 0, 0, 0, 1, 0, 0, 0, 1, 0, 0, 0, 1, 0, 0, 0, 1, 0, 0, 0, 1, 0, 0, 0, 1, 0, 0, 0, 1, 0, 0, 0, 1, 0, 0, 0, 1, 0, 0, 0, 1, 0, 0, 0, 1, 0, 0, 0, 1, 0, 0, 0, 1, 0, 0, 0, 1, 0, 0, 0, 1, 0, 0, 0, 1, 0, 0, 0, 1, 0, 0, 0, 1, 0, 0, 0, 1, 0, 0, 0, 1, 0, 0, 0, 1, 0, 0, 0, 1, 0, 0, 0, 1, 0, 0, 0, 1, 0, 0, 0, 1, 0, 0, 0, 1, 0, 0, 0, 1, 0, 0, 0, 1, 0, 0, 0, 1, 0, 0, 0, 1, 0, 0, 0, 1, 0, 0, 0, 1, 0, 0, 0, 1, 0, 0, 0, 1, 0, 0, 0, 1, 0, 0, 0, 1, 0, 0, 0, 1, 0, 0, 0, 1, 0, 0, 0, 1, 0, 0, 0, 1, 0, 0, 0, 1, 0, 0, 0, 1, 0, 0, 0, 1, 0, 0, 0, 1, 0, 0, 0, 1, 0, 0, 0, 1, 0, 0, 0, 1, 0, 0, 0, 1, 0, 0, 0, 1, 0, 0, 0, 1, 0, 0, 0, 1, 0, 0, 0, 1, 0, 0, 0, 1, 0, 0, 0, 1, 0, 0, 0, 1, 0, 0, 0, 1, 0, 0, 0, 1, 0, 0, 0, 1, 0, 0, 0, 1, 0, 0, 0, 1, 0, 0, 0, 1, 0, 0, 0, 1, 0, 0, 0, 1, 0, 0, 0, 1, 0, 0, 0, 1, 0, 0, 0, 1, 0, 0, 0, 1, 0, 0, 0, 1, 0, 0, 0, 1, 0, 0, 0, 1, 0, 0, 0, 1, 0, 0, 0, 1, 0, 0, 0, 1, 0, 0, 0, 1, 0, 0, 0, 1, 0, 0, 0, 1, 0, 0, 0, 1, 0, 0, 0, 1, 0, 0, 0, 1, 0, 0, 0, 1, 0, 0, 0, 1, 0, 0, 0, 1, 0, 0, 0, 1, 0, 0, 0, 1, 0, 0, 0, 1, 0, 0, 0, 1, 0, 0, 0, 1, 0, 0, 0, 1, 0, 0, 0, 1, 0, 0, 0, 1, 0, 0, 0, 1, 0, 0, 0, 1, 0, 0, 0, 1, 0, 0, 0, 1, 0, 0, 0, 1, 0, 0, 0, 1, 0, 0, 0, 1, 0, 0, 0, 1, 0, 0, 0, 1, 0, 0, 0, 1, 0, 0, 0, 1, 0, 0, 0, 1, 0, 0, 0, 1, 0, 0, 0, 1, 0, 0, 0, 1, 0, 0, 0, 1, 0, 0, 0, 1, 0, 0, 0, 1, 0, 0, 0, 1, 0, 0, 0, 1, 0, 0, 0, 1, 0, 0, 0, 1, 0, 0, 0, 1, 0, 0, 0, 1, 0, 0, 0, 1, 0, 0, 0, 1, 0, 0, 0, 1, 0, 0, 0, 1, 0, 0, 0, 1, 0, 0, 0, 1, 0, 0, 0, 1, 0, 0, 0, 1, 0, 0, 0, 1, 0, 0, 0, 1, 0, 0, 0, 1, 0, 0, 0, 1, 0, 0, 0, 1, 0, 0, 0, 1, 0, 0, 0, 1, 0, 0, 0, 1, 0, 0, 0, 1, 0, 0, 0, 1, 0, 0, 0, 1, 0, 0, 0, 1, 0, 0, 0, 1, 0, 0, 0, 1, 0, 0, 0, 1, 0, 0, 0, 1, 0, 0, 0, 1, 0, 0, 0, 1, 0, 0, 0, 1, 0, 0, 0, 1, 0, 0, 0, 1, 0, 0, 0, 1, 0, 0, 0, 1, 0, 0, 0, 1, 0, 0, 0, 1, 0, 0, 0, 1, 0, 0, 0, 1, 0, 0, 0, 1, 0, 0, 0, 1, 0, 0, 0, 1, 0, 0, 0, 1, 0, 0, 0, 1, 0, 0, 0, 0.9876791, 0.012320903, 0, 0, 0.95986694, 0.028176611, 0.011956427, 0, 1, 0, 0, 0, 0.97824776, 0.016064739, 0.0029654833, 0.0027220303, 1, 0, 0, 0, 0.9617418, 0.038258217, 0, 0, 1, 0, 0, 0, 1, 0, 0, 0, 0.774485, 0.11948805, 0.106026985, 0, 0.7356245, 0.14979799, 0.11457751, 0, 0.78322005, 0.11182802, 0.10495194, 0, 0.7727667, 0.11420524, 0.113028064, 0, 1, 0, 0, 0, 0.9828804, 0.01711957, 0, 0, 0.84889233, 0.15110768, 0, 0, 0.5319929, 0.46800706, 0, 0, 0.5138612, 0.46664336, 0.019495467, 0, 0.82006127, 0.14929536, 0.030643389, 0, 0.99419606, 0.0058039217, 0, 0, 1, 0, 0, 0, 1, 0, 0, 0, 0.98988235, 0.010117648, 0, 0, 0.8433298, 0.15667023, 0, 0, 0.5059052, 0.4900297, 0.0040651034, 0, 0.50429744, 0.4940832, 0.0016193773, 0, 0.82147664, 0.17087145, 0.007651929, 0, 0.993247, 0.0067530274, 0, 0, 1, 0, 0, 0, 0.8731848, 0.12681518, 0, 0, 0.7446714, 0.17196164, 0.08336695, 0, 0.7685886, 0.20398156, 0.018523522, 0.008906319, 0.50564146, 0.49435854, 0, 0, 0.50008976, 0.49708873, 0.002821479, 0, 0.7802415, 0.21975853, 0, 0, 0.844844, 0.123137265, 0.032018755, 0, 1, 0, 0, 0, 1, 0, 0, 0, 1, 0, 0, 0, 1, 0, 0, 0, 1, 0, 0, 0, 1, 0, 0, 0, 0.5541302, 0.4458698, 0, 0, 0.40158588, 0.38098887, 0.21742526, 0, 0.5447481, 0.45525187, 0, 0, 0.5442272, 0.45577282, 0, 0, 1, 0, 0, 0, 0.50018436, 0.40020782, 0.09960784, 0, 0.5, 0.46780857, 0.032191433, 0, 1, 0, 0, 0, 0.50123304, 0.49876696, 0, 0, 0.5, 0.37183055, 0.12816945, 0, 1, 0, 0, 0, 0.517062, 0.482938, 0, 0, 0.78182256, 0.21817741, 0, 0, 0.97554535, 0.024454653, 0, 0, 0.9899903, 0.010009689, 0, 0, 1, 0, 0, 0, 1, 0, 0, 0, 1, 0, 0, 0, 1, 0, 0, 0, 1, 0, 0, 0, 1, 0, 0, 0, 1, 0, 0, 0, 1, 0, 0, 0, 0.5759869, 0.42401308, 0, 0, 1, 0, 0, 0, 0.64180654, 0.35819346, 0, 0, 0.8521426, 0.14785746, 0, 0, 0.9669664, 0.033033583, 0, 0, 1, 0, 0, 0, 1, 0, 0, 0, 1, 0, 0, 0, 1, 0, 0, 0, 1, 0, 0, 0, 1, 0, 0, 0, 1, 0, 0, 0, 0.9883737, 0.011626299, 0, 0, 0.9938731, 0.0061268746, 0, 0, 1, 0, 0, 0, 1, 0, 0, 0, 1, 0, 0, 0, 1, 0, 0, 0, 1, 0, 0, 0, 1, 0, 0, 0, 1, 0, 0, 0, 1, 0, 0, 0, 1, 0, 0, 0, 1, 0, 0, 0, 1, 0, 0, 0, 1, 0, 0, 0, 1, 0, 0, 0, 1, 0, 0, 0, 1, 0, 0, 0, 1, 0, 0, 0, 0.6605762, 0.3394238, 0, 0, 0.6790607, 0.3209393, 0, 0, 0.7171909, 0.28280908, 0, 0, 1, 0, 0, 0, 0.9435294, 0.056470573, 0, 0, 0.93254906, 0.06745094, 0, 0, 0.9223529, 0.07764709, 0, 0, 1, 0, 0, 0, 1, 0, 0, 0, 0.5533186, 0.44668138, 0, 0, 0.533975, 0.466025, 0, 0, 0.51678216, 0.48321784, 0, 0, 1, 0, 0, 0, 1, 0, 0, 0, 1, 0, 0, 0, 1, 0, 0, 0, 1, 0, 0, 0, 1, 0, 0, 0, 1, 0, 0, 0, 1, 0, 0, 0, 0.98509806, 0.014901936, 0, 0, 1, 0, 0, 0, 1, 0, 0, 0, 0.98509806, 0.014901936, 0, 0, 1, 0, 0, 0, 1, 0, 0, 0, 1, 0, 0, 0, 1, 0, 0, 0, 1, 0, 0, 0, 1, 0, 0, 0, 1, 0, 0, 0, 1, 0, 0, 0, 1, 0, 0, 0, 1, 0, 0, 0, 1, 0, 0, 0, 1, 0, 0, 0, 1, 0, 0, 0, 1, 0, 0, 0, 1, 0, 0, 0, 1, 0, 0, 0, 1, 0, 0, 0, 1, 0, 0, 0, 1, 0, 0, 0, 1, 0, 0, 0, 1, 0, 0, 0, 1, 0, 0, 0, 1, 0, 0, 0, 1, 0, 0, 0, 0.9837757, 0.016224353, 0, 0, 0.9802575, 0.019742476, 0, 0, 0.97512287, 0.024877151, 0, 0, 0.78733927, 0.21266074, 0, 0, 0.79748905, 0.20251095, 0, 0, 0.8089888, 0.19101119, 0, 0, 0.97703594, 0.022964088, 0, 0, 0.98099613, 0.01900386, 0, 0, 0.9856363, 0.01436371, 0, 0, 0.8060155, 0.19398454, 0, 0, 0.7915214, 0.20847864, 0, 0, 0.7823525, 0.21764751, 0, 0, 0.4664632, 0.30400217, 0.22953463, 0, 0.5528033, 0.25266865, 0.19452806, 0, 0.62462914, 0.27115455, 0.104216285, 0, 0.53882146, 0.45173773, 0.009440795, 0, 0.48428655, 0.4793054, 0.036408056, 0, 0.5716742, 0.37969756, 0.048628185, 0, 0.48691544, 0.25919804, 0.25388652, 0, 0.5020742, 0.31686112, 0.1810647, 0, 0.5737611, 0.36638987, 0.059849016, 0, 0.64662015, 0.35337988, 0, 0, 0.5612575, 0.43874252, 0, 0, 0.50403136, 0.49596864, 0, 0, 1, 0, 0, 0, 1, 0, 0, 0, 1, 0, 0, 0, 1, 0, 0, 0, 1, 0, 0, 0, 1, 0, 0, 0, 0.474948, 0.41135156, 0.11370045, 0, 0.47704867, 0.35951352, 0.1634378, 0, 0.4985804, 0.3357604, 0.16565917, 0, 0.5030073, 0.34909135, 0.14790134, 0, 0.48726934, 0.339709, 0.17302164, 0, 0.45035437, 0.41051984, 0.1391258, 0, 0.52228993, 0.40644324, 0.07126682, 0, 0.48043245, 0.4239323, 0.09563522, 0, 0.4989647, 0.4119557, 0.08907959, 0, 0.49996334, 0.37284034, 0.12719631, 0, 0.4823351, 0.40358284, 0.114082076, 0, 0.51033, 0.4083387, 0.08133128, 0, 0.5312641, 0.40193954, 0.066796325, 0, 0.47983646, 0.43046296, 0.08970058, 0, 0.4976004, 0.41557637, 0.086823225, 0, 0.49882567, 0.3444417, 0.15673263, 0, 0.4855295, 0.36440116, 0.15006933, 0, 0.4848944, 0.4103586, 0.104747, 0, 0.47970366, 0.4153313, 0.104965016, 0, 0.48856932, 0.3740495, 0.13738117, 0, 0.4998216, 0.36353895, 0.13663945, 0, 0.497035, 0.40900883, 0.09395617, 0, 0.48208362, 0.41966954, 0.098246835, 0, 0.50919825, 0.41350198, 0.07729976, 0, 0.5128972, 0.4871028, 0, 0, 0.50948983, 0.49051017, 0, 0, 0.50538677, 0.49461323, 0, 0, 1, 0, 0, 0, 1, 0, 0, 0, 1, 0, 0, 0, 1, 0, 0, 0, 1, 0, 0, 0, 1, 0, 0, 0, 1, 0, 0, 0, 1, 0, 0, 0, 1, 0, 0, 0, 1, 0, 0, 0, 1, 0, 0, 0, 1, 0, 0, 0, 0.5207948, 0.4792052, 0, 0, 0.5266247, 0.47337532, 0, 0, 0.5227884, 0.4772116, 0, 0, 1, 0, 0, 0, 1, 0, 0, 0, 1, 0, 0, 0, 1, 0, 0, 0, 1, 0, 0, 0, 1, 0, 0, 0, 1, 0, 0, 0, 1, 0, 0, 0, 1, 0, 0, 0, 1, 0, 0, 0, 1, 0, 0, 0, 1, 0, 0, 0, 1, 0, 0, 0, 1, 0, 0, 0, 1, 0, 0, 0, 1, 0, 0, 0, 1, 0, 0, 0, 1, 0, 0, 0, 1, 0, 0, 0, 1, 0, 0, 0, 1, 0, 0, 0, 1, 0, 0, 0, 1, 0, 0, 0, 1, 0, 0, 0, 1, 0, 0, 0, 1, 0, 0, 0, 1, 0, 0, 0, 0.53019446, 0.46980554, 0, 0, 0.5403154, 0.4596846, 0, 0, 0.5413197, 0.45868027, 0, 0, 1, 0, 0, 0, 1, 0, 0, 0, 1, 0, 0, 0, 1, 0, 0, 0, 1, 0, 0, 0, 1, 0, 0, 0, 1, 0, 0, 0, 1, 0, 0, 0, 1, 0, 0, 0, 0.54078937, 0.45921063, 0, 0, 0.53681374, 0.4631863, 0, 0, 0.5218419, 0.4781581, 0, 0, 1, 0, 0, 0, 1, 0, 0, 0, 1, 0, 0, 0, 1, 0, 0, 0, 1, 0, 0, 0, 1, 0, 0, 0, 1, 0, 0, 0, 1, 0, 0, 0, 1, 0, 0, 0, 1, 0, 0, 0, 1, 0, 0, 0, 1, 0, 0, 0, 1, 0, 0, 0, 1, 0, 0, 0, 1, 0, 0, 0, 1, 0, 0, 0, 1, 0, 0, 0, 1, 0, 0, 0, 1, 0, 0, 0, 1, 0, 0, 0, 1, 0, 0, 0, 1, 0, 0, 0, 1, 0, 0, 0, 1, 0, 0, 0, 1, 0, 0, 0, 1, 0, 0, 0, 1, 0, 0, 0, 1, 0, 0, 0, 1, 0, 0, 0, 1, 0, 0, 0, 1, 0, 0, 0, 1, 0, 0, 0, 1, 0, 0, 0, 1, 0, 0, 0, 1, 0, 0, 0, 1, 0, 0, 0, 1, 0, 0, 0, 1, 0, 0, 0, 1, 0, 0, 0, 1, 0, 0, 0, 1, 0, 0, 0, 1, 0, 0, 0, 1, 0, 0, 0, 1, 0, 0, 0, 1, 0, 0, 0, 1, 0, 0, 0, 1, 0, 0, 0, 1, 0, 0, 0, 1, 0, 0, 0, 1, 0, 0, 0, 1, 0, 0, 0, 1, 0, 0, 0, 1, 0, 0, 0, 1, 0, 0, 0, 1, 0, 0, 0, 1, 0, 0, 0, 1, 0, 0, 0, 1, 0, 0, 0, 1, 0, 0, 0, 1, 0, 0, 0, 1, 0, 0, 0, 1, 0, 0, 0, 1, 0, 0, 0, 1, 0, 0, 0, 1, 0, 0, 0, 1, 0, 0, 0, 1, 0, 0, 0, 1, 0, 0, 0, 1, 0, 0, 0, 1, 0, 0, 0, 1, 0, 0, 0, 1, 0, 0, 0, 1, 0, 0, 0, 1, 0, 0, 0, 1, 0, 0, 0, 1, 0, 0, 0, 1, 0, 0, 0, 1, 0, 0, 0, 1, 0, 0, 0, 1, 0, 0, 0, 1, 0, 0, 0, 1, 0, 0, 0, 1, 0, 0, 0, 1, 0, 0, 0, 1, 0, 0, 0, 1, 0, 0, 0, 1, 0, 0, 0, 1, 0, 0, 0, 1, 0, 0, 0, 1, 0, 0, 0, 1, 0, 0, 0, 1, 0, 0, 0, 1, 0, 0, 0, 1, 0, 0, 0, 1, 0, 0, 0, 1, 0, 0, 0, 1, 0, 0, 0, 1, 0, 0, 0, 1, 0, 0, 0, 1, 0, 0, 0, 1, 0, 0, 0, 1, 0, 0, 0, 1, 0, 0, 0, 1, 0, 0, 0, 1, 0, 0, 0, 1, 0, 0, 0, 1, 0, 0, 0, 1, 0, 0, 0, 1, 0, 0, 0, 1, 0, 0, 0, 1, 0, 0, 0, 1, 0, 0, 0, 1, 0, 0, 0, 1, 0, 0, 0, 1, 0, 0, 0, 1, 0, 0, 0, 0.8683429, 0.13165712, 0, 0, 0.5237447, 0.4762553, 0, 0, 0.85425925, 0.14574075, 0, 0, 0.8622898, 0.13771023, 0, 0, 0.5208889, 0.4791111, 0, 0, 0.8421664, 0.15783358, 0, 0, 0.86781377, 0.13218623, 0, 0, 0.51508176, 0.48491827, 0, 0, 0.8693291, 0.1306709, 0, 0, 0.8154891, 0.18451089, 0, 0, 0.5140265, 0.48597345, 0, 0, 0.8293369, 0.1706631, 0, 0, 0.81274873, 0.18725127, 0, 0, 0.5151994, 0.4848006, 0, 0, 0.8265263, 0.17347375, 0, 0, 0.82119703, 0.17880294, 0, 0, 0.51393324, 0.48606676, 0, 0, 0.8092858, 0.19071418, 0, 0, 0.83150446, 0.16849554, 0, 0, 0.5045399, 0.4954601, 0, 0, 0.81703335, 0.18296666, 0, 0, 0.84105355, 0.15894645, 0, 0, 0.50016487, 0.49983516, 0, 0, 0.8001642, 0.19983578, 0, 0, 0.7929316, 0.20706838, 0, 0, 0.50163233, 0.49836767, 0, 0, 0.8271536, 0.17284638, 0, 0, 0.8675736, 0.13242635, 0, 0, 0.5167272, 0.48327276, 0, 0, 0.84572303, 0.15427697, 0, 0, 0.88331264, 0.11668736, 0, 0, 0.5306058, 0.46939418, 0, 0, 0.82757485, 0.17242515, 0, 0, 0.84114176, 0.15885824, 0, 0, 0.5316532, 0.46834677, 0, 0, 0.89780414, 0.10219588, 0, 0, 0.795654, 0.204346, 0, 0, 0.5118273, 0.4881727, 0, 0, 0.7905028, 0.20949718, 0, 0, 0.7975246, 0.20247543, 0, 0, 0.5135039, 0.4864961, 0, 0, 0.8017887, 0.19821134, 0, 0, 0.8238836, 0.17611639, 0, 0, 0.5144274, 0.4855726, 0, 0, 0.80581826, 0.19418174, 0, 0, 0.80665493, 0.19334504, 0, 0, 0.50022995, 0.49977005, 0, 0, 0.8044533, 0.19554669, 0, 0, 0.8061062, 0.19389379, 0, 0, 0.501955, 0.49804503, 0, 0, 0.8051731, 0.1948269, 0, 0, 0.8033037, 0.19669628, 0, 0, 0.50221497, 0.49778503, 0, 0, 0.7995481, 0.20045191, 0, 0, 0.78249145, 0.21750857, 0, 0, 0.5048151, 0.4951849, 0, 0, 0.79617375, 0.20382625, 0, 0, 0.78587425, 0.21412577, 0, 0, 0.50334674, 0.49665326, 0, 0, 0.7993473, 0.20065272, 0, 0, 0.79976267, 0.20023733, 0, 0, 0.50025517, 0.49974483, 0, 0, 0.79100066, 0.20899935, 0, 0, 0.81619686, 0.18380314, 0, 0, 0.50129616, 0.49870384, 0, 0, 0.7859371, 0.21406293, 0, 0, 0.81078947, 0.18921053, 0, 0, 0.50219196, 0.49780804, 0, 0, 0.7830177, 0.2169823, 0, 0, 0.7831826, 0.21681736, 0, 0, 0.5012814, 0.49871862, 0, 0, 0.810661, 0.18933898, 0, 0, 0.7783555, 0.22164452, 0, 0, 0.50049555, 0.49950448, 0, 0, 0.7733337, 0.22666627, 0, 0, 0.77625346, 0.22374657, 0, 0, 0.5000288, 0.4999712, 0, 0, 0.7729707, 0.22702932, 0, 0, 0.7693174, 0.23068261, 0, 0, 0.5006715, 0.49932852, 0, 0, 0.7745533, 0.22544667, 0, 0, 0.7683414, 0.23165861, 0, 0, 0.5011751, 0.4988249, 0, 0, 0.76601505, 0.23398495, 0, 0, 0.7683454, 0.2316546, 0, 0, 0.5003933, 0.4996067, 0, 0, 0.76754266, 0.23245734, 0, 0, 0.7766155, 0.2233845, 0, 0, 0.50052685, 0.49947315, 0, 0, 0.77806926, 0.22193071, 0, 0, 0.77444375, 0.22555628, 0, 0, 0.5002982, 0.4997018, 0, 0, 0.77283233, 0.22716767, 0, 0, 0.77532923, 0.22467074, 0, 0, 0.50097585, 0.49902415, 0, 0, 0.7738219, 0.22617811, 0, 0, 0.7728194, 0.2271806, 0, 0, 0.5001931, 0.49980688, 0, 0, 0.77691954, 0.22308047, 0, 0, 0.77590525, 0.22409476, 0, 0, 0.5015495, 0.4984505, 0, 0, 0.7683439, 0.23165607, 0, 0, 0.77751195, 0.22248806, 0, 0, 0.50106525, 0.49893478, 0, 0, 0.7720278, 0.22797221, 0, 0, 0.7704866, 0.2295134, 0, 0, 0.50140995, 0.49859005, 0, 0, 0.77589524, 0.22410473, 0, 0, 0.7780811, 0.2219189, 0, 0, 0.502558, 0.49744204, 0, 0, 0.7751608, 0.22483921, 0, 0, 0.77687985, 0.22312014, 0, 0, 0.50320005, 0.49679998, 0, 0, 0.7719646, 0.22803539, 0, 0, 0.7698879, 0.23011208, 0, 0, 0.5031911, 0.4968089, 0, 0, 0.77548337, 0.22451665, 0, 0, 0.7691853, 0.23081468, 0, 0, 0.5013474, 0.49865258, 0, 0, 0.7633366, 0.2366634, 0, 0, 0.7713815, 0.22861852, 0, 0, 0.50075996, 0.49924004, 0, 0, 0.7678603, 0.2321397, 0, 0, 0.76916695, 0.23083305, 0, 0, 0.5006167, 0.49938327, 0, 0, 0.77146876, 0.22853124, 0, 0, 0.8043583, 0.1956417, 0, 0, 0.51017046, 0.48982957, 0, 0, 0.80819964, 0.19180033, 0, 0, 0.81283885, 0.18716115, 0, 0, 0.5113651, 0.48863488, 0, 0, 0.80406505, 0.19593495, 0, 0, 0.79947376, 0.20052621, 0, 0, 0.5170392, 0.48296082, 0, 0, 0.7981708, 0.2018292, 0, 0, 0.7764004, 0.22359961, 0, 0, 0.54193735, 0.45806265, 0, 0, 0.8398715, 0.16012844, 0, 0, 0.77005583, 0.22994417, 0, 0, 0.5362824, 0.4637176, 0, 0, 0.8302592, 0.1697408, 0, 0, 0.81433827, 0.18566173, 0, 0, 0.5241469, 0.4758531, 0, 0, 0.7773515, 0.2226485, 0, 0, 0.8833378, 0.11666219, 0, 0, 0.51377714, 0.48622283, 0, 0, 0.87893426, 0.121065736, 0, 0, 0.8919216, 0.10807842, 0, 0, 0.5164275, 0.48357248, 0, 0, 0.87100047, 0.12899953, 0, 0, 0.85172397, 0.14827603, 0, 0, 0.5241426, 0.4758574, 0, 0, 0.88478434, 0.11521568, 0, 0, 0.7975156, 0.20248443, 0, 0, 0.5102813, 0.48971865, 0, 0, 0.7968078, 0.20319219, 0, 0, 0.80151325, 0.19848675, 0, 0, 0.5099176, 0.49008238, 0, 0, 0.7971673, 0.20283271, 0, 0, 0.7950914, 0.20490861, 0, 0, 0.510014, 0.489986, 0, 0, 0.8056757, 0.19432431, 0, 0, 0.8371751, 0.16282491, 0, 0, 0.5006728, 0.49932718, 0, 0, 0.9027451, 0.0972549, 0, 0, 0.83367026, 0.16632971, 0, 0, 0.50134075, 0.49865925, 0, 0, 0.9019608, 0.09803922, 0, 0, 0.90117645, 0.09882353, 0, 0, 0.50355005, 0.49644998, 0, 0, 0.85411763, 0.14588234, 0, 0, 0.8017929, 0.19820708, 0, 0, 0.5152079, 0.48479214, 0, 0, 0.81555974, 0.18444027, 0, 0, 0.80659974, 0.19340026, 0, 0, 0.5119333, 0.48806667, 0, 0, 0.81424385, 0.18575615, 0, 0, 0.80649495, 0.19350506, 0, 0, 0.5105403, 0.4894597, 0, 0, 0.80760235, 0.19239765, 0, 0, 0.84758365, 0.15241633, 0, 0, 0.51426446, 0.4857355, 0, 0, 0.7929672, 0.2070328, 0, 0, 0.82876164, 0.17123835, 0, 0, 0.5109952, 0.4890048, 0, 0, 0.7866671, 0.21333289, 0, 0, 0.7847681, 0.2152319, 0, 0, 0.5073808, 0.49261922, 0, 0, 0.8204913, 0.17950869, 0, 0, 0.80788094, 0.19211905, 0, 0, 0.5095972, 0.49040285, 0, 0, 0.79557467, 0.20442533, 0, 0, 0.7977674, 0.20223261, 0, 0, 0.5098425, 0.49015746, 0, 0, 0.789706, 0.21029401, 0, 0, 0.79108214, 0.20891786, 0, 0, 0.50962555, 0.49037445, 0, 0, 0.7992062, 0.2007938, 0, 0, 0.80703497, 0.192965, 0, 0, 0.5095892, 0.49041083, 0, 0, 0.80001426, 0.19998574, 0, 0, 0.8120824, 0.18791759, 0, 0, 0.51279795, 0.48720205, 0, 0, 0.7998994, 0.2001006, 0, 0, 0.799439, 0.20056099, 0, 0, 0.51593053, 0.48406944, 0, 0, 0.8116114, 0.1883886, 0, 0, 0.8321664, 0.16783364, 0, 0, 0.513893, 0.486107, 0, 0, 0.810099, 0.189901, 0, 0, 0.836945, 0.163055, 0, 0, 0.5100515, 0.48994848, 0, 0, 0.8153238, 0.18467617, 0, 0, 0.8161847, 0.1838153, 0, 0, 0.5095587, 0.49044132, 0, 0, 0.8416177, 0.1583823, 0, 0, 0.7934719, 0.20652813, 0, 0, 0.5008302, 0.49916986, 0, 0, 0.79543024, 0.20456976, 0, 0, 0.7973243, 0.2026757, 0, 0, 0.504993, 0.49500698, 0, 0, 0.7873904, 0.21260959, 0, 0, 0.7886023, 0.2113977, 0, 0, 0.50137013, 0.49862987, 0, 0, 0.79081196, 0.20918804, 0, 0, 0.77230847, 0.22769156, 0, 0, 0.50240153, 0.49759847, 0, 0, 0.76773757, 0.23226243, 0, 0, 0.9, 0.1, 0, 0, 0.52964115, 0.47035885, 0, 0, 0.84621054, 0.15378946, 0, 0, 0.8778871, 0.1221129, 0, 0, 0.5102395, 0.48976055, 0, 0, 0.87558573, 0.124414265, 0, 0, 0.83999324, 0.16000676, 0, 0, 0.51570785, 0.48429215, 0, 0, 0.86548036, 0.13451965, 0, 0, 0.89461154, 0.10538846, 0, 0, 0.50509864, 0.49490136, 0, 0, 0.8581229, 0.14187711, 0, 0, 0.80569124, 0.19430876, 0, 0, 0.5060512, 0.49394885, 0, 0, 0.7864353, 0.21356471, 0, 0, 0.8108987, 0.18910128, 0, 0, 0.5138624, 0.48613766, 0, 0, 0.8305857, 0.16941428, 0, 0, 0.81838524, 0.18161479, 0, 0, 0.5111066, 0.48889336, 0, 0, 0.8102826, 0.18971741, 0, 0, 0.78781873, 0.21218126, 0, 0, 0.5027648, 0.49723518, 0, 0, 0.8240698, 0.1759302, 0, 0, 0.80380195, 0.19619806, 0, 0, 0.5074603, 0.4925397, 0, 0, 0.8046431, 0.1953569, 0, 0, 0.79580015, 0.20419985, 0, 0, 0.5134058, 0.48659423, 0, 0, 0.796778, 0.20322198, 0, 0, 0.78843284, 0.21156716, 0, 0, 0.5125493, 0.48745072, 0, 0, 0.79629195, 0.20370802, 0, 0, 0.7782378, 0.22176218, 0, 0, 0.528546, 0.47145402, 0, 0, 0.81103826, 0.18896171, 0, 0, 0.8052251, 0.19477493, 0, 0, 0.51135266, 0.48864737, 0, 0, 0.8526621, 0.14733788, 0, 0, 0.8026004, 0.19739962, 0, 0, 0.5180126, 0.48198742, 0, 0, 0.8267452, 0.1732548, 0, 0, 0.8030989, 0.19690111, 0, 0, 0.50958633, 0.49041367, 0, 0, 0.79352313, 0.20647687, 0, 0, 0.8236582, 0.17634174, 0, 0, 0.5082654, 0.49173465, 0, 0, 0.7972941, 0.20270592, 0, 0, 0.772601, 0.22739899, 0, 0, 0.50139976, 0.49860027, 0, 0, 0.7785338, 0.22146621, 0, 0, 0.77306044, 0.22693959, 0, 0, 0.5000498, 0.49995017, 0, 0, 0.77140766, 0.22859234, 0, 0, 0.7706393, 0.22936068, 0, 0, 0.50162685, 0.49837315, 0, 0, 0.7625701, 0.23742992, 0, 0, 0.76514846, 0.23485154, 0, 0, 0.5016403, 0.49835968, 0, 0, 0.77299523, 0.2270048, 0, 0, 0.8250046, 0.15301615, 0.021979265, 0, 0.8658647, 0.11304358, 0.02109173, 0, 1, 0, 0, 0, 0.9056292, 0.08779639, 0.0065743946, 0, 0.8834542, 0.11136748, 0.0051783165, 0, 0.8406826, 0.15648513, 0.0028322442, 0, 0.8456545, 0.15434551, 0, 0, 0.85146743, 0.14853257, 0, 0, 0.85980517, 0.14019483, 0, 0, 0.86237884, 0.13762116, 0, 0, 0.8630226, 0.13697737, 0, 0, 0.8888381, 0.11116189, 0, 0, 0.87650245, 0.123497546, 0, 0, 0.8564089, 0.1435911, 0, 0, 0.8343462, 0.16565382, 0, 0, 0.79754996, 0.18795432, 0.014495715, 0, 0.84812963, 0.13254842, 0.01932195, 0, 0.84232193, 0.13909186, 0.018586209, 0, 0.87796974, 0.12203026, 0, 0, 0.83449423, 0.16383256, 0.0016732028, 0, 0.8442497, 0.1530504, 0.0026998848, 0, 0.84843856, 0.14852352, 0.0030379086, 0, 0.86967427, 0.13032573, 0, 0, 0.84793544, 0.15041442, 0.0016501347, 0, 0.8436026, 0.15639742, 0, 0, 0.82461315, 0.17538683, 0, 0, 0.8400784, 0.15992159, 0, 0, 0.8268657, 0.17313433, 0, 0, 0.8508893, 0.14911067, 0, 0, 0.86502236, 0.13497764, 0, 0, 0.94, 0.060000002, 0, 0, 0.85743475, 0.12952454, 0.013040707, 0, 0.89912707, 0.100872934, 0, 0, 0.87394744, 0.12605256, 0, 0, 0.8871068, 0.112893224, 0, 0, 0.88235295, 0.11764705, 0, 0, 0.88145334, 0.118546665, 0, 0, 0.87269974, 0.12730026, 0, 0, 0.86977637, 0.13022363, 0, 0, 0.8797342, 0.12026578, 0, 0, 0.8981522, 0.10184783, 0, 0, 0.90974087, 0.090259135, 0, 0, 0.93417734, 0.06582266, 0, 0, 0.87922645, 0.120773554, 0, 0, 0.893946, 0.10605401, 0, 0, 0.90754664, 0.09245336, 0, 0, 1, 0, 0, 0, 0.91498226, 0.08501774, 0, 0, 1, 0, 0, 0, 1, 0, 0, 0, 1, 0, 0, 0, 1, 0, 0, 0, 1, 0, 0, 0, 1, 0, 0, 0, 1, 0, 0, 0, 1, 0, 0, 0, 1, 0, 0, 0, 1, 0, 0, 0, 1, 0, 0, 0, 1, 0, 0, 0, 1, 0, 0, 0, 1, 0, 0, 0, 1, 0, 0, 0, 1, 0, 0, 0, 1, 0, 0, 0, 1, 0, 0, 0, 1, 0, 0, 0, 1, 0, 0, 0, 1, 0, 0, 0, 1, 0, 0, 0, 1, 0, 0, 0, 1, 0, 0, 0, 1, 0, 0, 0, 1, 0, 0, 0, 1, 0, 0, 0, 1, 0, 0, 0, 1, 0, 0, 0, 1, 0, 0, 0, 1, 0, 0, 0, 1, 0, 0, 0, 1, 0, 0, 0, 1, 0, 0, 0, 1, 0, 0, 0, 1, 0, 0, 0, 1, 0, 0, 0, 1, 0, 0, 0, 1, 0, 0, 0, 1, 0, 0, 0, 1, 0, 0, 0, 1, 0, 0, 0, 1, 0, 0, 0, 1, 0, 0, 0, 1, 0, 0, 0, 1, 0, 0, 0, 1, 0, 0, 0, 1, 0, 0, 0, 1, 0, 0, 0, 1, 0, 0, 0, 1, 0, 0, 0, 1, 0, 0, 0, 1, 0, 0, 0, 1, 0, 0, 0, 0.9967059, 0.0032941103, 0, 0, 0.9945098, 0.005490184, 0, 0, 0.99585944, 0.004140556, 0, 0, 1, 0, 0, 0, 1, 0, 0, 0, 1, 0, 0, 0, 1, 0, 0, 0, 1, 0, 0, 0, 1, 0, 0, 0, 1, 0, 0, 0, 1, 0, 0, 0, 1, 0, 0, 0, 1, 0, 0, 0, 1, 0, 0, 0, 1, 0, 0, 0, 1, 0, 0, 0, 1, 0, 0, 0, 1, 0, 0, 0, 1, 0, 0, 0, 1, 0, 0, 0, 1, 0, 0, 0, 1, 0, 0, 0, 1, 0, 0, 0, 1, 0, 0, 0, 1, 0, 0, 0, 1, 0, 0, 0, 0.9987952, 0.0012047696, 0, 0, 1, 0, 0, 0, 1, 0, 0, 0, 1, 0, 0, 0, 1, 0, 0, 0, 0.9869726, 0.00916432, 0.003863114, 0, 0.983092, 0.0125980545, 0.0043099374, 0, 0.98774076, 0.009558602, 0.002700636, 0, 1, 0, 0, 0, 1, 0, 0, 0, 1, 0, 0, 0, 1, 0, 0, 0, 1, 0, 0, 0, 1, 0, 0, 0, 1, 0, 0, 0, 0.99867684, 0.0013231834, 0, 0, 0.7835324, 0.21646762, 0, 0, 0.50124973, 0.49875027, 0, 0, 0.78958845, 0.21041156, 0, 0, 0.7846268, 0.21537322, 0, 0, 0.50033814, 0.49966186, 0, 0, 0.79018337, 0.20981662, 0, 0, 0.7862871, 0.21371289, 0, 0, 0.5004976, 0.49950242, 0, 0, 0.78320557, 0.21679443, 0, 0, 0.78152215, 0.21847785, 0, 0, 0.50210726, 0.4978927, 0, 0, 0.78182644, 0.21817358, 0, 0, 0.77890503, 0.22109497, 0, 0, 0.5036384, 0.4963616, 0, 0, 0.7829073, 0.21709268, 0, 0, 0.78343475, 0.21656524, 0, 0, 0.50404537, 0.49595463, 0, 0, 0.77840614, 0.22159386, 0, 0, 0.7527625, 0.2472375, 0, 0, 0.50140613, 0.49859387, 0, 0, 0.75348043, 0.24651954, 0, 0, 0.76270026, 0.23729974, 0, 0, 0.5003243, 0.4996757, 0, 0, 0.7586678, 0.24133219, 0, 0, 0.7679467, 0.23205331, 0, 0, 0.50064033, 0.49935967, 0, 0, 0.7726584, 0.22734159, 0, 0, 0.75636166, 0.24363832, 0, 0, 0.5014312, 0.4985688, 0, 0, 0.7527883, 0.2472117, 0, 0, 0.7530699, 0.24693011, 0, 0, 0.5017003, 0.49829975, 0, 0, 0.74941677, 0.25058323, 0, 0, 0.7533033, 0.24669671, 0, 0, 0.5005962, 0.49940377, 0, 0, 0.74982786, 0.25017214, 0, 0, 0.76630974, 0.23369029, 0, 0, 0.5011345, 0.49886546, 0, 0, 0.7624329, 0.23756713, 0, 0, 0.76315, 0.23685002, 0, 0, 0.50035286, 0.4996471, 0, 0, 0.7660802, 0.2339198, 0, 0, 0.76488316, 0.23511684, 0, 0, 0.5009652, 0.49903482, 0, 0, 0.75988173, 0.24011824, 0, 0, 0.7652906, 0.23470941, 0, 0, 0.5013479, 0.49865213, 0, 0, 0.764032, 0.235968, 0, 0, 0.77268326, 0.22731674, 0, 0, 0.5018203, 0.49817964, 0, 0, 0.77165765, 0.22834237, 0, 0, 0.75333476, 0.24666525, 0, 0, 0.5016072, 0.49839282, 0, 0, 0.75739056, 0.24260944, 0, 0, 0.75424564, 0.24575439, 0, 0, 0.50070477, 0.49929523, 0, 0, 0.7516908, 0.2483092, 0, 0, 0.759474, 0.240526, 0, 0, 0.5023459, 0.49765405, 0, 0, 0.7560147, 0.2439853, 0, 0, 0.74960965, 0.25039035, 0, 0, 0.50027525, 0.49972475, 0, 0, 0.7517494, 0.24825059, 0, 0, 0.7643988, 0.23560117, 0, 0, 0.5008487, 0.4991513, 0, 0, 0.77159935, 0.22840065, 0, 0, 0.7685441, 0.23145594, 0, 0, 0.500498, 0.499502, 0, 0, 0.77593154, 0.22406846, 0, 0, 0.765139, 0.23486102, 0, 0, 0.5014707, 0.49852934, 0, 0, 0.7659465, 0.23405346, 0, 0, 0.7859825, 0.21401753, 0, 0, 0.5025265, 0.49747348, 0, 0, 0.7778267, 0.22217327, 0, 0, 0.77913475, 0.22086525, 0, 0, 0.5009886, 0.49901137, 0, 0, 0.78211987, 0.21788011, 0, 0, 0.7521589, 0.24784112, 0, 0, 0.5029633, 0.4970367, 0, 0, 0.7539588, 0.2460412, 0, 0, 0.7776159, 0.22238408, 0, 0, 0.5003488, 0.4996512, 0, 0, 0.77969205, 0.22030795, 0, 0, 0.75958997, 0.24041003, 0, 0, 0.50055516, 0.49944484, 0, 0, 0.7566447, 0.24335526, 0, 0, 0.749522, 0.25047806, 0, 0, 0.5039689, 0.4960311, 0, 0, 0.760824, 0.23917598, 0, 0, 0.75164217, 0.24835782, 0, 0, 0.5000502, 0.4999498, 0, 0, 0.7540574, 0.2459426, 0, 0, 0.7601305, 0.23986948, 0, 0, 0.50243413, 0.4975659, 0, 0, 0.7650733, 0.2349267, 0, 0, 0.9505096, 0.028401207, 0.021089176, 0, 0.9491009, 0.030525668, 0.020373449, 0, 0.9428381, 0.04377663, 0.013385291, 0, 0.9409621, 0.04422136, 0.01481658, 0, 0.95125335, 0.037409283, 0.01133734, 0, 0.96162367, 0.03363531, 0.004741033, 0, 0.96569383, 0.03430615, 0, 0, 0.9629111, 0.032451708, 0.004637134, 0, 0.9590548, 0.03167453, 0.009270625, 0, 0.958019, 0.031041415, 0.010939544, 0, 0.95659983, 0.032505803, 0.010894336, 0, 0.95009524, 0.026093138, 0.02381162, 0, 0.95029944, 0.029417597, 0.02028296, 0, 0.94036555, 0.03198833, 0.0276461, 0, 0.9178929, 0.043908585, 0.03819852, 0, 0.9383423, 0.037192646, 0.02446509, 0, 0.95698345, 0.043016564, 0, 0, 0.9475346, 0.052465368, 0, 0, 0.98039216, 0.019607842, 0, 0, 0.9705252, 0.029474795, 0, 0, 0.96912724, 0.030872762, 0, 0, 0.9899181, 0.010081887, 0, 0, 0.78549224, 0.19744594, 0.017061815, 0, 0.70301276, 0.25267878, 0.04430844, 0, 0.64746755, 0.27620625, 0.076326184, 0, 0.6286497, 0.2746273, 0.096723, 0, 0.6886838, 0.27079007, 0.04052614, 0, 0.7896896, 0.19695757, 0.013352852, 0, 0.88857514, 0.11142488, 0, 0, 0.90293366, 0.09706633, 0, 0, 0.9409423, 0.05905772, 0, 0, 0.9525729, 0.0474271, 0, 0, 1, 0, 0, 0, 1, 0, 0, 0, 1, 0, 0, 0, 1, 0, 0, 0, 1, 0, 0, 0, 0.99769133, 0.0023086667, 0, 0, 0.91136473, 0.07241726, 0.016218007, 0, 0.8966962, 0.0753088, 0.02799499, 0, 0.80985874, 0.15189123, 0.03825003, 0, 0.7713559, 0.18482299, 0.043821096, 0, 0.84119296, 0.1103754, 0.048431635, 0, 0.93612546, 0.044763982, 0.01911058, 0, 0.9512421, 0.036235332, 0.012522554, 0, 0.99809706, 0.0019029122, 0, 0, 1, 0, 0, 0, 1, 0, 0, 0, 0.6299063, 0.3700937, 0, 0, 0.70358944, 0.29641056, 0, 0, 0.7405844, 0.25941563, 0, 0, 0.7251492, 0.2748508, 0, 0, 0.6929268, 0.30707318, 0, 0, 0.69816446, 0.30183554, 0, 0, 0.58148265, 0.38216043, 0.036356945, 0, 0.49432668, 0.43011388, 0.07555943, 0, 0.4320942, 0.41776645, 0.15013935, 0, 0.44640055, 0.3778638, 0.17573567, 0, 0.482444, 0.3689572, 0.1485988, 0, 0.5355496, 0.38185188, 0.08259854, 0, 0.613664, 0.38633603, 0, 0, 0.5636846, 0.43631542, 0, 0, 0.56322706, 0.43677294, 0, 0, 0.56614673, 0.43385327, 0, 0, 0.77368027, 0.22631973, 0, 0, 0.7418747, 0.25812533, 0, 0, 0.74040383, 0.25959617, 0, 0, 0.78053176, 0.2194682, 0, 0, 0.8, 0.2, 0, 0, 0.8, 0.2, 0, 0, 0.8, 0.2, 0, 0, 0.80078435, 0.19921568, 0, 0, 0.8, 0.2, 0, 0, 0.78615713, 0.2, 0.013842842, 0, 0.7404153, 0.2, 0.059584722, 0, 0.70762825, 0.17254902, 0.11982275, 0, 0.68894666, 0.16465236, 0.14640099, 0, 0.7399813, 0.18041983, 0.07959888, 0, 0.6762903, 0.1963774, 0.1273323, 0, 0.6280439, 0.19215687, 0.17979927, 0, 0.5996901, 0.21207462, 0.1882353, 0, 0.6400659, 0.18117647, 0.17875761, 0, 0.8, 0.2, 0, 0, 0.8039216, 0.19607843, 0, 0, 0.8023529, 0.19764706, 0, 0, 0.80078435, 0.19921568, 0, 0, 0.8023529, 0.19764706, 0, 0, 0.7930519, 0.2069481, 0, 0, 1, 0, 0, 0, 1, 0, 0, 0, 1, 0, 0, 0, 1, 0, 0, 0, 1, 0, 0, 0, 1, 0, 0, 0, 1, 0, 0, 0, 1, 0, 0, 0, 1, 0, 0, 0, 1, 0, 0, 0, 1, 0, 0, 0, 1, 0, 0, 0, 1, 0, 0, 0, 1, 0, 0, 0, 1, 0, 0, 0, 1, 0, 0, 0, 1, 0, 0, 0, 1, 0, 0, 0, 1, 0, 0, 0, 1, 0, 0, 0, 1, 0, 0, 0, 1, 0, 0, 0, 1, 0, 0, 0, 1, 0, 0, 0, 1, 0, 0, 0, 1, 0, 0, 0, 1, 0, 0, 0, 1, 0, 0, 0, 1, 0, 0, 0, 1, 0, 0, 0, 1, 0, 0, 0, 1, 0, 0, 0, 1, 0, 0, 0, 1, 0, 0, 0, 1, 0, 0, 0, 1, 0, 0, 0, 1, 0, 0, 0, 1, 0, 0, 0, 1, 0, 0, 0, 1, 0, 0, 0, 1, 0, 0, 0, 1, 0, 0, 0, 1, 0, 0, 0, 1, 0, 0, 0, 1, 0, 0, 0, 1, 0, 0, 0, 1, 0, 0, 0, 1, 0, 0, 0, 1, 0, 0, 0, 1, 0, 0, 0, 1, 0, 0, 0, 1, 0, 0, 0, 1, 0, 0, 0, 1, 0, 0, 0, 1, 0, 0, 0, 1, 0, 0, 0, 1, 0, 0, 0, 1, 0, 0, 0, 1, 0, 0, 0, 1, 0, 0, 0, 1, 0, 0, 0, 1, 0, 0, 0, 1, 0, 0, 0, 1, 0, 0, 0, 1, 0, 0, 0, 1, 0, 0, 0, 1, 0, 0, 0, 1, 0, 0, 0, 1, 0, 0, 0, 1, 0, 0, 0, 1, 0, 0, 0, 1, 0, 0, 0, 1, 0, 0, 0, 1, 0, 0, 0, 0.99894196, 0.001058042, 0, 0, 1, 0, 0, 0, 0.9985997, 0.0014002919, 0, 0, 1, 0, 0, 0, 0.9982999, 0.0017001033, 0, 0, 1, 0, 0, 0, 0.99874187, 0.0012581348, 0, 0, 1, 0, 0, 0, 0.99852186, 0.0014781356, 0, 0, 1, 0, 0, 0, 0.99860525, 0.0013947487, 0, 0, 1, 0, 0, 0, 0.9986301, 0.0013698936, 0, 0, 1, 0, 0, 0, 0.9989512, 0.0010488033, 0, 0, 1, 0, 0, 0, 1, 0, 0, 0, 1, 0, 0, 0, 1, 0, 0, 0, 1, 0, 0, 0, 1, 0, 0, 0, 1, 0, 0, 0, 1, 0, 0, 0, 1, 0, 0, 0, 1, 0, 0, 0, 1, 0, 0, 0, 1, 0, 0, 0, 1, 0, 0, 0, 1, 0, 0, 0, 1, 0, 0, 0, 1, 0, 0, 0, 1, 0, 0, 0, 1, 0, 0, 0, 1, 0, 0, 0, 1, 0, 0, 0, 1, 0, 0, 0, 1, 0, 0, 0, 1, 0, 0, 0, 1, 0, 0, 0, 1, 0, 0, 0, 1, 0, 0, 0, 1, 0, 0, 0, 1, 0, 0, 0, 1, 0, 0, 0, 1, 0, 0, 0, 1, 0, 0, 0, 1, 0, 0, 0, 1, 0, 0, 0, 1, 0, 0, 0, 1, 0, 0, 0, 1, 0, 0, 0, 1, 0, 0, 0, 1, 0, 0, 0, 1, 0, 0, 0, 1, 0, 0, 0, 1, 0, 0, 0, 1, 0, 0, 0, 1, 0, 0, 0, 1, 0, 0, 0, 1, 0, 0, 0, 1, 0, 0, 0, 1, 0, 0, 0, 1, 0, 0, 0, 1, 0, 0, 0, 1, 0, 0, 0, 1, 0, 0, 0, 1, 0, 0, 0, 1, 0, 0, 0, 1, 0, 0, 0, 1, 0, 0, 0, 1, 0, 0, 0, 1, 0, 0, 0, 1, 0, 0, 0, 1, 0, 0, 0, 1, 0, 0, 0, 1, 0, 0, 0, 1, 0, 0, 0, 1, 0, 0, 0, 1, 0, 0, 0, 1, 0, 0, 0, 1, 0, 0, 0, 1, 0, 0, 0, 1, 0, 0, 0, 1, 0, 0, 0, 1, 0, 0, 0, 1, 0, 0, 0, 1, 0, 0, 0, 1, 0, 0, 0, 1, 0, 0, 0, 1, 0, 0, 0, 1, 0, 0, 0, 1, 0, 0, 0, 1, 0, 0, 0, 1, 0, 0, 0, 1, 0, 0, 0, 1, 0, 0, 0, 1, 0, 0, 0, 1, 0, 0, 0, 1, 0, 0, 0, 1, 0, 0, 0, 1, 0, 0, 0, 1, 0, 0, 0, 1, 0, 0, 0, 1, 0, 0, 0, 1, 0, 0, 0, 1, 0, 0, 0, 1, 0, 0, 0, 1, 0, 0, 0, 1, 0, 0, 0, 1, 0, 0, 0, 1, 0, 0, 0, 1, 0, 0, 0, 1, 0, 0, 0, 1, 0, 0, 0, 1, 0, 0, 0, 1, 0, 0, 0, 1, 0, 0, 0, 1, 0, 0, 0, 1, 0, 0, 0, 1, 0, 0, 0, 1, 0, 0, 0, 1, 0, 0, 0, 1, 0, 0, 0, 1, 0, 0, 0, 1, 0, 0, 0, 1, 0, 0, 0, 1, 0, 0, 0, 1, 0, 0, 0, 1, 0, 0, 0, 1, 0, 0, 0, 1, 0, 0, 0, 1, 0, 0, 0, 1, 0, 0, 0, 1, 0, 0, 0, 1, 0, 0, 0, 1, 0, 0, 0, 1, 0, 0, 0, 1, 0, 0, 0, 1, 0, 0, 0, 1, 0, 0, 0, 1, 0, 0, 0, 1, 0, 0, 0, 1, 0, 0, 0, 1, 0, 0, 0, 1, 0, 0, 0, 1, 0, 0, 0, 1, 0, 0, 0, 1, 0, 0, 0, 1, 0, 0, 0, 1, 0, 0, 0, 1, 0, 0, 0, 1, 0, 0, 0, 1, 0, 0, 0, 1, 0, 0, 0, 1, 0, 0, 0, 1, 0, 0, 0, 1, 0, 0, 0, 1, 0, 0, 0, 1, 0, 0, 0, 1, 0, 0, 0, 1, 0, 0, 0, 1, 0, 0, 0, 1, 0, 0, 0, 1, 0, 0, 0, 1, 0, 0, 0, 1, 0, 0, 0, 1, 0, 0, 0, 1, 0, 0, 0, 1, 0, 0, 0, 1, 0, 0, 0, 1, 0, 0, 0, 1, 0, 0, 0, 1, 0, 0, 0, 1, 0, 0, 0, 1, 0, 0, 0, 1, 0, 0, 0, 1, 0, 0, 0, 1, 0, 0, 0, 1, 0, 0, 0, 1, 0, 0, 0, 1, 0, 0, 0, 1, 0, 0, 0, 1, 0, 0, 0, 1, 0, 0, 0, 1, 0, 0, 0, 1, 0, 0, 0, 1, 0, 0, 0, 1, 0, 0, 0, 1, 0, 0, 0, 1, 0, 0, 0, 1, 0, 0, 0, 1, 0, 0, 0, 1, 0, 0, 0, 1, 0, 0, 0, 1, 0, 0, 0, 1, 0, 0, 0, 1, 0, 0, 0, 1, 0, 0, 0, 0.97311056, 0.026889443, 0, 0, 0.97289395, 0.027106047, 0, 0, 0.9783808, 0.0216192, 0, 0, 0.9788137, 0.021186292, 0, 0, 0.9844017, 0.015598297, 0, 0, 0.9740987, 0.025901318, 0, 0, 0.9699131, 0.030086875, 0, 0, 0.96728927, 0.03271073, 0, 0, 0.9673494, 0.03265059, 0, 0, 0.96642464, 0.033575356, 0, 0, 0.96730506, 0.032694936, 0, 0, 0.969085, 0.030915022, 0, 0, 0.9720849, 0.02791512, 0, 0, 0.97716874, 0.022831261, 0, 0, 0.9814803, 0.0185197, 0, 0, 0.9783327, 0.021667302, 0, 0, 1, 0, 0, 0, 1, 0, 0, 0, 1, 0, 0, 0, 1, 0, 0, 0, 1, 0, 0, 0, 1, 0, 0, 0, 1, 0, 0, 0, 1, 0, 0, 0, 1, 0, 0, 0, 1, 0, 0, 0, 1, 0, 0, 0, 1, 0, 0, 0, 1, 0, 0, 0, 1, 0, 0, 0, 1, 0, 0, 0, 1, 0, 0, 0, 1, 0, 0, 0, 1, 0, 0, 0, 1, 0, 0, 0, 1, 0, 0, 0, 1, 0, 0, 0, 1, 0, 0, 0, 1, 0, 0, 0, 1, 0, 0, 0, 1, 0, 0, 0, 1, 0, 0, 0, 1, 0, 0, 0, 1, 0, 0, 0, 1, 0, 0, 0, 1, 0, 0, 0, 1, 0, 0, 0, 1, 0, 0, 0, 1, 0, 0, 0, 1, 0, 0, 0, 1, 0, 0, 0, 1, 0, 0, 0, 1, 0, 0, 0, 1, 0, 0, 0, 1, 0, 0, 0, 1, 0, 0, 0, 1, 0, 0, 0, 1, 0, 0, 0, 1, 0, 0, 0, 1, 0, 0, 0, 1, 0, 0, 0, 1, 0, 0, 0, 1, 0, 0, 0, 1, 0, 0, 0, 1, 0, 0, 0, 1, 0, 0, 0, 1, 0, 0, 0, 1, 0, 0, 0, 1, 0, 0, 0, 1, 0, 0, 0, 1, 0, 0, 0, 1, 0, 0, 0, 1, 0, 0, 0, 1, 0, 0, 0, 1, 0, 0, 0, 1, 0, 0, 0, 1, 0, 0, 0, 1, 0, 0, 0, 1, 0, 0, 0, 1, 0, 0, 0, 1, 0, 0, 0, 1, 0, 0, 0, 1, 0, 0, 0, 1, 0, 0, 0, 1, 0, 0, 0, 1, 0, 0, 0, 1, 0, 0, 0, 1, 0, 0, 0, 1, 0, 0, 0, 1, 0, 0, 0, 1, 0, 0, 0, 1, 0, 0, 0, 1, 0, 0, 0, 1, 0, 0, 0, 1, 0, 0, 0, 1, 0, 0, 0, 1, 0, 0, 0, 1, 0, 0, 0, 1, 0, 0, 0, 1, 0, 0, 0, 1, 0, 0, 0, 1, 0, 0, 0, 1, 0, 0, 0, 1, 0, 0, 0, 1, 0, 0, 0, 1, 0, 0, 0, 1, 0, 0, 0, 1, 0, 0, 0, 1, 0, 0, 0, 1, 0, 0, 0, 1, 0, 0, 0, 1, 0, 0, 0, 1, 0, 0, 0, 0.9973717, 0.0026283264, 0, 0, 0.9964299, 0.0035700798, 0, 0, 1, 0, 0, 0, 0.9956433, 0.0043566823, 0, 0, 1, 0, 0, 0, 0.9951643, 0.004835725, 0, 0, 1, 0, 0, 0, 0.9945706, 0.005429387, 0, 0, 1, 0, 0, 0, 0.99639064, 0.0036093593, 0, 0, 1, 0, 0, 0, 0.9978821, 0.0021178722, 0, 0, 1, 0, 0, 0, 0.99803346, 0.0019665172, 0, 0, 1, 0, 0, 0, 0.99574524, 0.0042547584, 0, 0, 1, 0, 0, 0, 0.9933502, 0.006649792, 0, 0, 1, 0, 0, 0, 0.99338937, 0.006610632, 0, 0, 1, 0, 0, 0, 0.99488884, 0.005111158, 0, 0, 1, 0, 0, 0, 0.9975169, 0.0024831295, 0, 0, 1, 0, 0, 0, 0.99419874, 0.0058012605, 0, 0, 1, 0, 0, 0, 0.99216694, 0.007833064, 0, 0, 1, 0, 0, 0, 0.9926069, 0.0073931217, 0, 0, 1, 0, 0, 0, 1, 0, 0, 0, 1, 0, 0, 0, 1, 0, 0, 0, 1, 0, 0, 0, 1, 0, 0, 0, 1, 0, 0, 0, 1, 0, 0, 0, 1, 0, 0, 0, 1, 0, 0, 0, 1, 0, 0, 0, 1, 0, 0, 0, 1, 0, 0, 0, 1, 0, 0, 0, 1, 0, 0, 0, 1, 0, 0, 0, 1, 0, 0, 0, 1, 0, 0, 0, 1, 0, 0, 0, 1, 0, 0, 0, 1, 0, 0, 0, 1, 0, 0, 0, 1, 0, 0, 0, 1, 0, 0, 0, 1, 0, 0, 0, 1, 0, 0, 0, 1, 0, 0, 0, 1, 0, 0, 0, 1, 0, 0, 0, 1, 0, 0, 0, 1, 0, 0, 0, 1, 0, 0, 0, 1, 0, 0, 0, 1, 0, 0, 0, 1, 0, 0, 0, 1, 0, 0, 0, 1, 0, 0, 0, 1, 0, 0, 0, 1, 0, 0, 0, 1, 0, 0, 0, 1, 0, 0, 0, 1, 0, 0, 0, 1, 0, 0, 0, 1, 0, 0, 0, 1, 0, 0, 0, 1, 0, 0, 0, 1, 0, 0, 0, 1, 0, 0, 0, 1, 0, 0, 0, 1, 0, 0, 0, 1, 0, 0, 0, 1, 0, 0, 0, 1, 0, 0, 0, 1, 0, 0, 0, 1, 0, 0, 0, 1, 0, 0, 0, 1, 0, 0, 0, 1, 0, 0, 0, 1, 0, 0, 0, 1, 0, 0, 0, 1, 0, 0, 0, 1, 0, 0, 0, 1, 0, 0, 0, 1, 0, 0, 0, 1, 0, 0, 0, 0.9594696, 0.040530384, 0, 0, 0.9573996, 0.042600393, 0, 0, 0.9535028, 0.046497226, 0, 0, 0.9505651, 0.0494349, 0, 0, 0.9499074, 0.050092578, 0, 0, 0.95706856, 0.042931437, 0, 0, 0.965154, 0.034846008, 0, 0, 0.96761334, 0.03238666, 0, 0, 0.95650923, 0.043490767, 0, 0, 0.9460948, 0.05390519, 0, 0, 0.9457275, 0.054272473, 0, 0, 0.9518861, 0.048113883, 0, 0, 0.9614248, 0.038575172, 0, 0, 0.9475363, 0.05246371, 0, 0, 0.9413957, 0.0586043, 0, 0, 0.9447089, 0.055291116, 0, 0, 1, 0, 0, 0, 1, 0, 0, 0, 1, 0, 0, 0, 1, 0, 0, 0, 1, 0, 0, 0, 1, 0, 0, 0, 1, 0, 0, 0, 1, 0, 0, 0, 1, 0, 0, 0, 1, 0, 0, 0, 1, 0, 0, 0, 1, 0, 0, 0, 1, 0, 0, 0, 1, 0, 0, 0, 1, 0, 0, 0, 1, 0, 0, 0, 1, 0, 0, 0, 1, 0, 0, 0, 1, 0, 0, 0, 1, 0, 0, 0, 1, 0, 0, 0, 1, 0, 0, 0, 1, 0, 0, 0, 1, 0, 0, 0, 1, 0, 0, 0, 1, 0, 0, 0, 1, 0, 0, 0, 1, 0, 0, 0, 1, 0, 0, 0, 1, 0, 0, 0, 1, 0, 0, 0, 1, 0, 0, 0, 1, 0, 0, 0, 1, 0, 0, 0, 1, 0, 0, 0, 1, 0, 0, 0, 1, 0, 0, 0, 1, 0, 0, 0, 1, 0, 0, 0, 1, 0, 0, 0, 1, 0, 0, 0, 1, 0, 0, 0, 1, 0, 0, 0, 1, 0, 0, 0, 1, 0, 0, 0, 1, 0, 0, 0, 1, 0, 0, 0, 1, 0, 0, 0, 1, 0, 0, 0, 1, 0, 0, 0, 1, 0, 0, 0, 1, 0, 0, 0, 1, 0, 0, 0, 1, 0, 0, 0, 1, 0, 0, 0, 1, 0, 0, 0, 1, 0, 0, 0, 1, 0, 0, 0, 1, 0, 0, 0, 1, 0, 0, 0, 1, 0, 0, 0, 1, 0, 0, 0, 1, 0, 0, 0, 1, 0, 0, 0, 1, 0, 0, 0, 1, 0, 0, 0, 1, 0, 0, 0, 1, 0, 0, 0, 1, 0, 0, 0, 1, 0, 0, 0, 1, 0, 0, 0, 1, 0, 0, 0, 1, 0, 0, 0, 1, 0, 0, 0, 1, 0, 0, 0, 1, 0, 0, 0, 1, 0, 0, 0, 1, 0, 0, 0, 1, 0, 0, 0, 1, 0, 0, 0, 1, 0, 0, 0, 1, 0, 0, 0, 1, 0, 0, 0, 1, 0, 0, 0, 1, 0, 0, 0, 1, 0, 0, 0, 1, 0, 0, 0, 1, 0, 0, 0, 1, 0, 0, 0, 1, 0, 0, 0, 1, 0, 0, 0, 1, 0, 0, 0, 1, 0, 0, 0, 1, 0, 0, 0, 1, 0, 0, 0, 1, 0, 0, 0, 1, 0, 0, 0, 1, 0, 0, 0, 1, 0, 0, 0, 1, 0, 0, 0, 1, 0, 0, 0, 1, 0, 0, 0, 1, 0, 0, 0, 1, 0, 0, 0, 1, 0, 0, 0, 1, 0, 0, 0, 1, 0, 0, 0, 1, 0, 0, 0, 1, 0, 0, 0, 1, 0, 0, 0, 1, 0, 0, 0, 1, 0, 0, 0, 1, 0, 0, 0, 1, 0, 0, 0, 1, 0, 0, 0, 1, 0, 0, 0, 1, 0, 0, 0, 1, 0, 0, 0, 1, 0, 0, 0, 1, 0, 0, 0, 1, 0, 0, 0, 1, 0, 0, 0, 1, 0, 0, 0, 1, 0, 0, 0, 1, 0, 0, 0, 1, 0, 0, 0, 1, 0, 0, 0, 1, 0, 0, 0, 1, 0, 0, 0, 1, 0, 0, 0, 1, 0, 0, 0, 1, 0, 0, 0, 1, 0, 0, 0, 1, 0, 0, 0, 1, 0, 0, 0, 1, 0, 0, 0, 1, 0, 0, 0, 1, 0, 0, 0, 1, 0, 0, 0, 1, 0, 0, 0, 1, 0, 0, 0, 1, 0, 0, 0, 1, 0, 0, 0, 1, 0, 0, 0, 1, 0, 0, 0, 1, 0, 0, 0, 1, 0, 0, 0, 1, 0, 0, 0, 1, 0, 0, 0, 1, 0, 0, 0, 1, 0, 0, 0, 1, 0, 0, 0, 1, 0, 0, 0, 1, 0, 0, 0, 1, 0, 0, 0, 1, 0, 0, 0, 1, 0, 0, 0, 1, 0, 0, 0, 1, 0, 0, 0, 1, 0, 0, 0, 1, 0, 0, 0, 1, 0, 0, 0, 1, 0, 0, 0, 1, 0, 0, 0, 1, 0, 0, 0, 1, 0, 0, 0, 1, 0, 0, 0, 1, 0, 0, 0, 1, 0, 0, 0, 1, 0, 0, 0, 1, 0, 0, 0, 1, 0, 0, 0, 1, 0, 0, 0, 1, 0, 0, 0, 1, 0, 0, 0, 1, 0, 0, 0, 1, 0, 0, 0, 1, 0, 0, 0, 1, 0, 0, 0, 1, 0, 0, 0, 1, 0, 0, 0, 1, 0, 0, 0, 1, 0, 0, 0, 1, 0, 0, 0, 1, 0, 0, 0, 1, 0, 0, 0, 1, 0, 0, 0, 1, 0, 0, 0, 1, 0, 0, 0, 1, 0, 0, 0, 1, 0, 0, 0, 1, 0, 0, 0, 1, 0, 0, 0, 1, 0, 0, 0, 1, 0, 0, 0, 1, 0, 0, 0, 1, 0, 0, 0, 1, 0, 0, 0, 1, 0, 0, 0, 1, 0, 0, 0, 1, 0, 0, 0, 1, 0, 0, 0, 1, 0, 0, 0, 1, 0, 0, 0, 1, 0, 0, 0, 1, 0, 0, 0, 1, 0, 0, 0, 1, 0, 0, 0, 1, 0, 0, 0, 1, 0, 0, 0, 1, 0, 0, 0, 1, 0, 0, 0, 1, 0, 0, 0, 1, 0, 0, 0, 1, 0, 0, 0, 1, 0, 0, 0, 1, 0, 0, 0, 1, 0, 0, 0, 1, 0, 0, 0, 1, 0, 0, 0, 1, 0, 0, 0, 1, 0, 0, 0, 1, 0, 0, 0, 1, 0, 0, 0, 1, 0, 0, 0, 1, 0, 0, 0, 1, 0, 0, 0, 1, 0, 0, 0, 1, 0, 0, 0, 1, 0, 0, 0, 1, 0, 0, 0, 1, 0, 0, 0, 1, 0, 0, 0, 1, 0, 0, 0, 1, 0, 0, 0, 1, 0, 0, 0, 1, 0, 0, 0, 1, 0, 0, 0, 1, 0, 0, 0, 1, 0, 0, 0, 1, 0, 0, 0, 1, 0, 0, 0, 1, 0, 0, 0, 1, 0, 0, 0, 1, 0, 0, 0, 1, 0, 0, 0, 1, 0, 0, 0, 1, 0, 0, 0, 1, 0, 0, 0, 1, 0, 0, 0, 1, 0, 0, 0, 1, 0, 0, 0, 1, 0, 0, 0, 1, 0, 0, 0, 1, 0, 0, 0, 1, 0, 0, 0, 1, 0, 0, 0, 1, 0, 0, 0, 1, 0, 0, 0, 1, 0, 0, 0, 1, 0, 0, 0, 1, 0, 0, 0, 1, 0, 0, 0, 1, 0, 0, 0, 1, 0, 0, 0, 1, 0, 0, 0, 1, 0, 0, 0, 1, 0, 0, 0, 1, 0, 0, 0, 1, 0, 0, 0, 1, 0, 0, 0, 1, 0, 0, 0, 1, 0, 0, 0, 1, 0, 0, 0, 1, 0, 0, 0, 1, 0, 0, 0, 1, 0, 0, 0, 1, 0, 0, 0, 1, 0, 0, 0, 1, 0, 0, 0, 1, 0, 0, 0, 1, 0, 0, 0, 1, 0, 0, 0, 1, 0, 0, 0, 1, 0, 0, 0, 1, 0, 0, 0, 1, 0, 0, 0, 1, 0, 0, 0, 1, 0, 0, 0, 1, 0, 0, 0, 1, 0, 0, 0, 1, 0, 0, 0, 1, 0, 0, 0, 1, 0, 0, 0, 1, 0, 0, 0, 1, 0, 0, 0, 1, 0, 0, 0, 1, 0, 0, 0, 1, 0, 0, 0, 1, 0, 0, 0, 1, 0, 0, 0, 1, 0, 0, 0, 1, 0, 0, 0, 1, 0, 0, 0, 1, 0, 0, 0, 1, 0, 0, 0, 1, 0, 0, 0, 1, 0, 0, 0, 1, 0, 0, 0, 1, 0, 0, 0, 1, 0, 0, 0, 1, 0, 0, 0, 1, 0, 0, 0, 1, 0, 0, 0, 1, 0, 0, 0, 1, 0, 0, 0, 1, 0, 0, 0, 1, 0, 0, 0, 1, 0, 0, 0, 1, 0, 0, 0, 1, 0, 0, 0, 1, 0, 0, 0, 1, 0, 0, 0, 1, 0, 0, 0, 1, 0, 0, 0, 1, 0, 0, 0, 1, 0, 0, 0, 1, 0, 0, 0, 1, 0, 0, 0, 1, 0, 0, 0, 1, 0, 0, 0, 1, 0, 0, 0, 1, 0, 0, 0, 1, 0, 0, 0, 1, 0, 0, 0, 1, 0, 0, 0, 1, 0, 0, 0, 1, 0, 0, 0, 1, 0, 0, 0, 1, 0, 0, 0, 1, 0, 0, 0, 1, 0, 0, 0, 1, 0, 0, 0, 1, 0, 0, 0, 1, 0, 0, 0, 1, 0, 0, 0, 1, 0, 0, 0, 1, 0, 0, 0, 1, 0, 0, 0, 1, 0, 0, 0, 1, 0, 0, 0, 1, 0, 0, 0, 1, 0, 0, 0, 1, 0, 0, 0, 1, 0, 0, 0, 1, 0, 0, 0, 1, 0, 0, 0, 1, 0, 0, 0, 1, 0, 0, 0, 1, 0, 0, 0, 1, 0, 0, 0, 1, 0, 0, 0, 1, 0, 0, 0, 1, 0, 0, 0, 1, 0, 0, 0, 1, 0, 0, 0, 1, 0, 0, 0, 1, 0, 0, 0, 1, 0, 0, 0, 1, 0, 0, 0, 1, 0, 0, 0, 1, 0, 0, 0, 1, 0, 0, 0, 1, 0, 0, 0, 1, 0, 0, 0, 1, 0, 0, 0, 1, 0, 0, 0, 1, 0, 0, 0, 1, 0, 0, 0, 1, 0, 0, 0, 1, 0, 0, 0, 1, 0, 0, 0, 1, 0, 0, 0, 1, 0, 0, 0, 1, 0, 0, 0, 1, 0, 0, 0, 1, 0, 0, 0, 1, 0, 0, 0, 1, 0, 0, 0, 1, 0, 0, 0, 1, 0, 0, 0, 1, 0, 0, 0, 1, 0, 0, 0, 1, 0, 0, 0, 1, 0, 0, 0, 1, 0, 0, 0, 1, 0, 0, 0, 1, 0, 0, 0, 1, 0, 0, 0, 1, 0, 0, 0, 1, 0, 0, 0, 1, 0, 0, 0, 1, 0, 0, 0, 1, 0, 0, 0, 1, 0, 0, 0, 1, 0, 0, 0, 1, 0, 0, 0, 1, 0, 0, 0, 1, 0, 0, 0, 1, 0, 0, 0, 1, 0, 0, 0, 1, 0, 0, 0, 1, 0, 0, 0, 1, 0, 0, 0, 1, 0, 0, 0, 1, 0, 0, 0, 1, 0, 0, 0, 1, 0, 0, 0, 1, 0, 0, 0, 1, 0, 0, 0, 1, 0, 0, 0, 1, 0, 0, 0, 1, 0, 0, 0, 1, 0, 0, 0, 1, 0, 0, 0, 1, 0, 0, 0, 1, 0, 0, 0, 1, 0, 0, 0, 1, 0, 0, 0, 1, 0, 0, 0, 1, 0, 0, 0, 1, 0, 0, 0, 1, 0, 0, 0, 1, 0, 0, 0, 1, 0, 0, 0, 1, 0, 0, 0, 1, 0, 0, 0, 1, 0, 0, 0, 1, 0, 0, 0, 1, 0, 0, 0, 1, 0, 0, 0, 1, 0, 0, 0, 1, 0, 0, 0, 1, 0, 0, 0, 1, 0, 0, 0, 1, 0, 0, 0, 1, 0, 0, 0, 1, 0, 0, 0, 1, 0, 0, 0, 1, 0, 0, 0, 1, 0, 0, 0, 1, 0, 0, 0, 1, 0, 0, 0, 1, 0, 0, 0, 1, 0, 0, 0, 1, 0, 0, 0, 1, 0, 0, 0, 1, 0, 0, 0, 1, 0, 0, 0, 1, 0, 0, 0, 1, 0, 0, 0, 1, 0, 0, 0, 1, 0, 0, 0, 1, 0, 0, 0, 1, 0, 0, 0, 1, 0, 0, 0, 1, 0, 0, 0, 1, 0, 0, 0, 1, 0, 0, 0, 1, 0, 0, 0, 1, 0, 0, 0, 1, 0, 0, 0, 1, 0, 0, 0, 1, 0, 0, 0, 1, 0, 0, 0, 1, 0, 0, 0, 1, 0, 0, 0, 1, 0, 0, 0, 1, 0, 0, 0, 1, 0, 0, 0, 1, 0, 0, 0, 1, 0, 0, 0, 1, 0, 0, 0, 1, 0, 0, 0, 1, 0, 0, 0, 1, 0, 0, 0, 1, 0, 0, 0, 1, 0, 0, 0, 1, 0, 0, 0, 1, 0, 0, 0, 1, 0, 0, 0, 1, 0, 0, 0, 1, 0, 0, 0, 1, 0, 0, 0, 1, 0, 0, 0, 1, 0, 0, 0, 1, 0, 0, 0, 1, 0, 0, 0, 1, 0, 0, 0, 1, 0, 0, 0, 1, 0, 0, 0, 1, 0, 0, 0, 1, 0, 0, 0, 1, 0, 0, 0, 1, 0, 0, 0, 1, 0, 0, 0, 1, 0, 0, 0, 1, 0, 0, 0, 1, 0, 0, 0, 1, 0, 0, 0, 1, 0, 0, 0, 1, 0, 0, 0, 1, 0, 0, 0, 1, 0, 0, 0, 1, 0, 0, 0, 1, 0, 0, 0, 1, 0, 0, 0, 1, 0, 0, 0, 1, 0, 0, 0, 1, 0, 0, 0, 1, 0, 0, 0, 1, 0, 0, 0, 1, 0, 0, 0, 1, 0, 0, 0, 1, 0, 0, 0, 1, 0, 0, 0, 1, 0, 0, 0, 1, 0, 0, 0, 1, 0, 0, 0, 1, 0, 0, 0, 1, 0, 0, 0, 1, 0, 0, 0, 1, 0, 0, 0, 1, 0, 0, 0, 1, 0, 0, 0, 1, 0, 0, 0, 1, 0, 0, 0, 1, 0, 0, 0, 1, 0, 0, 0, 1, 0, 0, 0, 1, 0, 0, 0, 1, 0, 0, 0, 1, 0, 0, 0, 1, 0, 0, 0, 1, 0, 0, 0, 1, 0, 0, 0, 1, 0, 0, 0, 1, 0, 0, 0, 1, 0, 0, 0, 1, 0, 0, 0, 1, 0, 0, 0, 1, 0, 0, 0, 1, 0, 0, 0, 1, 0, 0, 0, 1, 0, 0, 0, 1, 0, 0, 0, 1, 0, 0, 0, 1, 0, 0, 0, 1, 0, 0, 0, 1, 0, 0, 0, 1, 0, 0, 0, 1, 0, 0, 0, 1, 0, 0, 0, 1, 0, 0, 0, 1, 0, 0, 0, 1, 0, 0, 0, 1, 0, 0, 0, 1, 0, 0, 0, 1, 0, 0, 0, 1, 0, 0, 0, 1, 0, 0, 0, 1, 0, 0, 0, 1, 0, 0, 0, 1, 0, 0, 0, 1, 0, 0, 0, 1, 0, 0, 0, 1, 0, 0, 0, 1, 0, 0, 0, 1, 0, 0, 0, 1, 0, 0, 0, 1, 0, 0, 0, 1, 0, 0, 0, 1, 0, 0, 0, 1, 0, 0, 0, 1, 0, 0, 0, 1, 0, 0, 0, 1, 0, 0, 0, 1, 0, 0, 0, 1, 0, 0, 0, 1, 0, 0, 0, 1, 0, 0, 0, 1, 0, 0, 0, 1, 0, 0, 0, 1, 0, 0, 0, 1, 0, 0, 0, 1, 0, 0, 0, 1, 0, 0, 0, 1, 0, 0, 0, 1, 0, 0, 0, 1, 0, 0, 0, 1, 0, 0, 0, 1, 0, 0, 0, 1, 0, 0, 0, 1, 0, 0, 0, 1, 0, 0, 0, 1, 0, 0, 0, 1, 0, 0, 0, 1, 0, 0, 0, 1, 0, 0, 0, 1, 0, 0, 0, 1, 0, 0, 0, 1, 0, 0, 0, 1, 0, 0, 0, 1, 0, 0, 0, 1, 0, 0, 0, 1, 0, 0, 0, 1, 0, 0, 0, 1, 0, 0, 0, 1, 0, 0, 0, 1, 0, 0, 0, 1, 0, 0, 0, 1, 0, 0, 0, 1, 0, 0, 0, 1, 0, 0, 0, 1, 0, 0, 0, 1, 0, 0, 0, 1, 0, 0, 0, 1, 0, 0, 0, 1, 0, 0, 0, 1, 0, 0, 0, 1, 0, 0, 0, 1, 0, 0, 0, 1, 0, 0, 0, 1, 0, 0, 0, 1, 0, 0, 0, 1, 0, 0, 0, 1, 0, 0, 0, 1, 0, 0, 0, 1, 0, 0, 0, 1, 0, 0, 0, 1, 0, 0, 0, 1, 0, 0, 0, 1, 0, 0, 0, 1, 0, 0, 0, 1, 0, 0, 0, 1, 0, 0, 0, 1, 0, 0, 0, 1, 0, 0, 0, 1, 0, 0, 0, 1, 0, 0, 0, 1, 0, 0, 0, 1, 0, 0, 0, 1, 0, 0, 0, 1, 0, 0, 0, 1, 0, 0, 0, 1, 0, 0, 0, 1, 0, 0, 0, 1, 0, 0, 0, 1, 0, 0, 0, 1, 0, 0, 0, 1, 0, 0, 0, 1, 0, 0, 0, 1, 0, 0, 0, 1, 0, 0, 0, 1, 0, 0, 0, 1, 0, 0, 0, 1, 0, 0, 0, 1, 0, 0, 0, 1, 0, 0, 0, 1, 0, 0, 0, 1, 0, 0, 0, 1, 0, 0, 0, 1, 0, 0, 0, 1, 0, 0, 0, 1, 0, 0, 0, 1, 0, 0, 0, 1, 0, 0, 0, 1, 0, 0, 0, 1, 0, 0, 0, 1, 0, 0, 0, 1, 0, 0, 0, 1, 0, 0, 0, 1, 0, 0, 0, 1, 0, 0, 0, 1, 0, 0, 0, 1, 0, 0, 0, 1, 0, 0, 0, 1, 0, 0, 0, 1, 0, 0, 0, 1, 0, 0, 0, 1, 0, 0, 0, 1, 0, 0, 0, 1, 0, 0, 0, 1, 0, 0, 0, 1, 0, 0, 0, 1, 0, 0, 0, 1, 0, 0, 0, 1, 0, 0, 0, 1, 0, 0, 0, 1, 0, 0, 0, 1, 0, 0, 0, 1, 0, 0, 0, 1, 0, 0, 0, 1, 0, 0, 0, 1, 0, 0, 0, 1, 0, 0, 0, 1, 0, 0, 0, 1, 0, 0, 0, 1, 0, 0, 0, 1, 0, 0, 0, 1, 0, 0, 0, 1, 0, 0, 0, 1, 0, 0, 0, 1, 0, 0, 0, 1, 0, 0, 0, 1, 0, 0, 0, 1, 0, 0, 0, 1, 0, 0, 0, 1, 0, 0, 0, 1, 0, 0, 0, 1, 0, 0, 0, 1, 0, 0, 0, 1, 0, 0, 0, 1, 0, 0, 0, 1, 0, 0, 0, 1, 0, 0, 0, 1, 0, 0, 0, 1, 0, 0, 0, 1, 0, 0, 0, 1, 0, 0, 0, 1, 0, 0, 0, 1, 0, 0, 0, 1, 0, 0, 0, 1, 0, 0, 0, 1, 0, 0, 0, 1, 0, 0, 0, 1, 0, 0, 0, 1, 0, 0, 0, 1, 0, 0, 0, 1, 0, 0, 0, 1, 0, 0, 0, 1, 0, 0, 0, 1, 0, 0, 0, 1, 0, 0, 0, 1, 0, 0, 0, 1, 0, 0, 0, 1, 0, 0, 0, 1, 0, 0, 0, 1, 0, 0, 0, 1, 0, 0, 0, 1, 0, 0, 0, 1, 0, 0, 0, 1, 0, 0, 0, 1, 0, 0, 0, 1, 0, 0, 0, 1, 0, 0, 0, 1, 0, 0, 0, 1, 0, 0, 0, 1, 0, 0, 0, 1, 0, 0, 0, 1, 0, 0, 0, 1, 0, 0, 0, 1, 0, 0, 0, 1, 0, 0, 0, 1, 0, 0, 0, 1, 0, 0, 0, 1, 0, 0, 0, 1, 0, 0, 0, 1, 0, 0, 0, 1, 0, 0, 0, 1, 0, 0, 0, 1, 0, 0, 0, 1, 0, 0, 0, 1, 0, 0, 0, 1, 0, 0, 0, 1, 0, 0, 0, 1, 0, 0, 0, 1, 0, 0, 0, 1, 0, 0, 0, 1, 0, 0, 0, 1, 0, 0, 0, 1, 0, 0, 0, 1, 0, 0, 0, 1, 0, 0, 0, 1, 0, 0, 0, 1, 0, 0, 0, 1, 0, 0, 0, 1, 0, 0, 0, 1, 0, 0, 0, 1, 0, 0, 0, 1, 0, 0, 0, 1, 0, 0, 0, 1, 0, 0, 0, 1, 0, 0, 0, 1, 0, 0, 0, 1, 0, 0, 0, 1, 0, 0, 0, 1, 0, 0, 0, 1, 0, 0, 0, 1, 0, 0, 0, 1, 0, 0, 0, 1, 0, 0, 0, 1, 0, 0, 0, 1, 0, 0, 0, 1, 0, 0, 0, 1, 0, 0, 0, 1, 0, 0, 0, 1, 0, 0, 0, 1, 0, 0, 0, 1, 0, 0, 0, 1, 0, 0, 0, 1, 0, 0, 0, 1, 0, 0, 0, 1, 0, 0, 0, 1, 0, 0, 0, 1, 0, 0, 0, 1, 0, 0, 0, 1, 0, 0, 0, 1, 0, 0, 0, 1, 0, 0, 0, 1, 0, 0, 0, 1, 0, 0, 0, 1, 0, 0, 0, 1, 0, 0, 0, 1, 0, 0, 0, 1, 0, 0, 0, 1, 0, 0, 0, 1, 0, 0, 0, 1, 0, 0, 0, 1, 0, 0, 0, 1, 0, 0, 0, 1, 0, 0, 0, 1, 0, 0, 0, 1, 0, 0, 0, 1, 0, 0, 0, 1, 0, 0, 0, 1, 0, 0, 0, 1, 0, 0, 0, 1, 0, 0, 0, 1, 0, 0, 0, 1, 0, 0, 0, 1, 0, 0, 0, 1, 0, 0, 0, 1, 0, 0, 0, 1, 0, 0, 0, 1, 0, 0, 0, 1, 0, 0, 0, 1, 0, 0, 0, 1, 0, 0, 0, 1, 0, 0, 0, 1, 0, 0, 0, 1, 0, 0, 0, 1, 0, 0, 0, 1, 0, 0, 0, 1, 0, 0, 0, 1, 0, 0, 0, 1, 0, 0, 0, 1, 0, 0, 0, 1, 0, 0, 0, 1, 0, 0, 0, 1, 0, 0, 0, 1, 0, 0, 0, 1, 0, 0, 0, 1, 0, 0, 0, 1, 0, 0, 0, 1, 0, 0, 0, 1, 0, 0, 0, 1, 0, 0, 0, 1, 0, 0, 0, 1, 0, 0, 0, 1, 0, 0, 0, 1, 0, 0, 0, 1, 0, 0, 0, 1, 0, 0, 0, 1, 0, 0, 0, 1, 0, 0, 0, 1, 0, 0, 0, 1, 0, 0, 0, 1, 0, 0, 0, 1, 0, 0, 0, 1, 0, 0, 0, 1, 0, 0, 0, 1, 0, 0, 0, 1, 0, 0, 0, 1, 0, 0, 0, 1, 0, 0, 0, 1, 0, 0, 0, 1, 0, 0, 0, 1, 0, 0, 0, 1, 0, 0, 0, 1, 0, 0, 0, 1, 0, 0, 0, 1, 0, 0, 0, 1, 0, 0, 0, 1, 0, 0, 0, 1, 0, 0, 0, 1, 0, 0, 0, 1, 0, 0, 0, 1, 0, 0, 0, 1, 0, 0, 0, 1, 0, 0, 0, 1, 0, 0, 0, 1, 0, 0, 0, 1, 0, 0, 0, 1, 0, 0, 0, 1, 0, 0, 0, 1, 0, 0, 0, 1, 0, 0, 0, 1, 0, 0, 0, 1, 0, 0, 0, 1, 0, 0, 0, 1, 0, 0, 0, 1, 0, 0, 0, 1, 0, 0, 0, 1, 0, 0, 0, 1, 0, 0, 0, 1, 0, 0, 0, 1, 0, 0, 0, 1, 0, 0, 0, 1, 0, 0, 0, 1, 0, 0, 0, 1, 0, 0, 0, 1, 0, 0, 0, 1, 0, 0, 0, 1, 0, 0, 0, 1, 0, 0, 0, 1, 0, 0, 0, 1, 0, 0, 0, 1, 0, 0, 0, 1, 0, 0, 0, 1, 0, 0, 0, 1, 0, 0, 0, 1, 0, 0, 0, 1, 0, 0, 0, 1, 0, 0, 0, 1, 0, 0, 0, 1, 0, 0, 0, 1, 0, 0, 0, 1, 0, 0, 0, 1, 0, 0, 0, 1, 0, 0, 0, 1, 0, 0, 0, 1, 0, 0, 0, 1, 0, 0, 0, 1, 0, 0, 0, 1, 0, 0, 0, 1, 0, 0, 0, 1, 0, 0, 0, 1, 0, 0, 0, 1, 0, 0, 0, 1, 0, 0, 0, 1, 0, 0, 0, 1, 0, 0, 0, 1, 0, 0, 0, 1, 0, 0, 0, 1, 0, 0, 0, 1, 0, 0, 0, 1, 0, 0, 0, 1, 0, 0, 0, 1, 0, 0, 0, 1, 0, 0, 0, 1, 0, 0, 0, 1, 0, 0, 0, 1, 0, 0, 0, 1, 0, 0, 0, 1, 0, 0, 0, 1, 0, 0, 0, 1, 0, 0, 0, 1, 0, 0, 0, 1, 0, 0, 0, 1, 0, 0, 0, 1, 0, 0, 0, 1, 0, 0, 0, 1, 0, 0, 0, 1, 0, 0, 0, 1, 0, 0, 0, 1, 0, 0, 0, 1, 0, 0, 0, 1, 0, 0, 0, 1, 0, 0, 0, 1, 0, 0, 0, 1, 0, 0, 0, 1, 0, 0, 0, 1, 0, 0, 0, 1, 0, 0, 0, 1, 0, 0, 0, 1, 0, 0, 0, 1, 0, 0, 0, 1, 0, 0, 0, 1, 0, 0, 0, 1, 0, 0, 0, 1, 0, 0, 0, 1, 0, 0, 0, 1, 0, 0, 0, 1, 0, 0, 0, 1, 0, 0, 0, 1, 0, 0, 0, 1, 0, 0, 0, 1, 0, 0, 0, 1, 0, 0, 0, 1, 0, 0, 0, 1, 0, 0, 0, 1, 0, 0, 0, 1, 0, 0, 0, 1, 0, 0, 0, 1, 0, 0, 0, 1, 0, 0, 0, 1, 0, 0, 0, 1, 0, 0, 0, 1, 0, 0, 0, 1, 0, 0, 0, 1, 0, 0, 0, 1, 0, 0, 0, 1, 0, 0, 0, 1, 0, 0, 0, 1, 0, 0, 0, 1, 0, 0, 0, 1, 0, 0, 0, 1, 0, 0, 0, 1, 0, 0, 0, 1, 0, 0, 0, 1, 0, 0, 0, 1, 0, 0, 0, 1, 0, 0, 0, 1, 0, 0, 0, 1, 0, 0, 0, 1, 0, 0, 0, 1, 0, 0, 0, 1, 0, 0, 0, 1, 0, 0, 0, 1, 0, 0, 0, 1, 0, 0, 0, 1, 0, 0, 0, 1, 0, 0, 0, 1, 0, 0, 0, 1, 0, 0, 0, 1, 0, 0, 0, 1, 0, 0, 0, 1, 0, 0, 0, 1, 0, 0, 0, 1, 0, 0, 0, 1, 0, 0, 0, 1, 0, 0, 0, 1, 0, 0, 0, 1, 0, 0, 0, 1, 0, 0, 0, 1, 0, 0, 0, 1, 0, 0, 0, 1, 0, 0, 0, 1, 0, 0, 0, 1, 0, 0, 0, 1, 0, 0, 0, 1, 0, 0, 0, 1, 0, 0, 0, 1, 0, 0, 0, 1, 0, 0, 0, 1, 0, 0, 0, 1, 0, 0, 0, 1, 0, 0, 0, 1, 0, 0, 0, 1, 0, 0, 0, 1, 0, 0, 0, 1, 0, 0, 0, 1, 0, 0, 0, 1, 0, 0, 0, 1, 0, 0, 0, 1, 0, 0, 0, 1, 0, 0, 0, 1, 0, 0, 0, 1, 0, 0, 0, 1, 0, 0, 0, 1, 0, 0, 0, 1, 0, 0, 0, 1, 0, 0, 0, 1, 0, 0, 0, 1, 0, 0, 0, 1, 0, 0, 0, 1, 0, 0, 0, 1, 0, 0, 0, 1, 0, 0, 0, 1, 0, 0, 0, 1, 0, 0, 0, 1, 0, 0, 0, 1, 0, 0, 0, 1, 0, 0, 0, 1, 0, 0, 0, 1, 0, 0, 0, 1, 0, 0, 0, 1, 0, 0, 0, 1, 0, 0, 0, 1, 0, 0, 0, 1, 0, 0, 0, 1, 0, 0, 0, 1, 0, 0, 0, 1, 0, 0, 0, 1, 0, 0, 0, 1, 0, 0, 0, 1, 0, 0, 0, 1, 0, 0, 0, 1, 0, 0, 0, 1, 0, 0, 0, 1, 0, 0, 0, 1, 0, 0, 0, 1, 0, 0, 0, 1, 0, 0, 0, 1, 0, 0, 0, 1, 0, 0, 0, 1, 0, 0, 0, 1, 0, 0, 0, 1, 0, 0, 0, 1, 0, 0, 0, 1, 0, 0, 0, 1, 0, 0, 0, 1, 0, 0, 0, 1, 0, 0, 0, 1, 0, 0, 0, 1, 0, 0, 0, 1, 0, 0, 0, 1, 0, 0, 0, 1, 0, 0, 0, 1, 0, 0, 0, 1, 0, 0, 0, 1, 0, 0, 0, 1, 0, 0, 0, 1, 0, 0, 0, 1, 0, 0, 0, 1, 0, 0, 0, 1, 0, 0, 0, 1, 0, 0, 0, 1, 0, 0, 0, 1, 0, 0, 0, 1, 0, 0, 0, 1, 0, 0, 0, 1, 0, 0, 0, 1, 0, 0, 0, 1, 0, 0, 0, 1, 0, 0, 0, 1, 0, 0, 0, 1, 0, 0, 0, 1, 0, 0, 0, 1, 0, 0, 0, 1, 0, 0, 0, 1, 0, 0, 0, 1, 0, 0, 0, 1, 0, 0, 0, 1, 0, 0, 0, 1, 0, 0, 0, 1, 0, 0, 0, 1, 0, 0, 0, 1, 0, 0, 0, 1, 0, 0, 0, 1, 0, 0, 0, 1, 0, 0, 0, 1, 0, 0, 0, 1, 0, 0, 0, 1, 0, 0, 0, 1, 0, 0, 0, 1, 0, 0, 0, 1, 0, 0, 0, 1, 0, 0, 0, 1, 0, 0, 0, 1, 0, 0, 0, 1, 0, 0, 0, 1, 0, 0, 0, 1, 0, 0, 0, 1, 0, 0, 0, 1, 0, 0, 0, 1, 0, 0, 0, 1, 0, 0, 0, 1, 0, 0, 0, 1, 0, 0, 0, 1, 0, 0, 0, 1, 0, 0, 0, 1, 0, 0, 0, 1, 0, 0, 0, 1, 0, 0, 0, 1, 0, 0, 0, 1, 0, 0, 0, 1, 0, 0, 0, 1, 0, 0, 0, 1, 0, 0, 0, 1, 0, 0, 0, 1, 0, 0, 0, 1, 0, 0, 0, 1, 0, 0, 0, 1, 0, 0, 0, 1, 0, 0, 0, 1, 0, 0, 0, 1, 0, 0, 0, 1, 0, 0, 0, 1, 0, 0, 0, 1, 0, 0, 0, 1, 0, 0, 0, 1, 0, 0, 0, 1, 0, 0, 0, 1, 0, 0, 0, 1, 0, 0, 0, 1, 0, 0, 0, 1, 0, 0, 0, 1, 0, 0, 0, 1, 0, 0, 0, 1, 0, 0, 0, 1, 0, 0, 0, 1, 0, 0, 0, 1, 0, 0, 0, 1, 0, 0, 0, 1, 0, 0, 0, 1, 0, 0, 0, 1, 0, 0, 0, 1, 0, 0, 0, 1, 0, 0, 0, 1, 0, 0, 0, 1, 0, 0, 0, 1, 0, 0, 0, 1, 0, 0, 0, 1, 0, 0, 0, 1, 0, 0, 0, 1, 0, 0, 0, 1, 0, 0, 0, 1, 0, 0, 0, 1, 0, 0, 0, 1, 0, 0, 0, 1, 0, 0, 0, 1, 0, 0, 0, 1, 0, 0, 0, 1, 0, 0, 0, 1, 0, 0, 0, 1, 0, 0, 0, 1, 0, 0, 0, 1, 0, 0, 0, 1, 0, 0, 0, 1, 0, 0, 0, 1, 0, 0, 0, 1, 0, 0, 0, 1, 0, 0, 0, 1, 0, 0, 0, 1, 0, 0, 0, 1, 0, 0, 0, 1, 0, 0, 0, 1, 0, 0, 0, 1, 0, 0, 0, 1, 0, 0, 0, 1, 0, 0, 0, 1, 0, 0, 0, 1, 0, 0, 0, 1, 0, 0, 0, 1, 0, 0, 0, 1, 0, 0, 0, 1, 0, 0, 0, 1, 0, 0, 0, 1, 0, 0, 0, 1, 0, 0, 0, 1, 0, 0, 0, 1, 0, 0, 0, 1, 0, 0, 0, 1, 0, 0, 0, 1, 0, 0, 0, 1, 0, 0, 0, 1, 0, 0, 0, 1, 0, 0, 0, 1, 0, 0, 0, 1, 0, 0, 0, 1, 0, 0, 0, 1, 0, 0, 0, 1, 0, 0, 0, 1, 0, 0, 0, 1, 0, 0, 0, 1, 0, 0, 0, 1, 0, 0, 0, 1, 0, 0, 0, 1, 0, 0, 0, 1, 0, 0, 0, 1, 0, 0, 0, 1, 0, 0, 0, 1, 0, 0, 0, 1, 0, 0, 0, 1, 0, 0, 0, 1, 0, 0, 0, 1, 0, 0, 0, 1, 0, 0, 0, 1, 0, 0, 0, 1, 0, 0, 0, 1, 0, 0, 0, 1, 0, 0, 0, 1, 0, 0, 0, 1, 0, 0, 0, 1, 0, 0, 0, 1, 0, 0, 0, 1, 0, 0, 0, 1, 0, 0, 0, 1, 0, 0, 0, 1, 0, 0, 0, 1, 0, 0, 0, 1, 0, 0, 0, 1, 0, 0, 0, 1, 0, 0, 0, 1, 0, 0, 0, 1, 0, 0, 0, 1, 0, 0, 0, 1, 0, 0, 0, 1, 0, 0, 0, 1, 0, 0, 0, 1, 0, 0, 0, 1, 0, 0, 0, 1, 0, 0, 0, 1, 0, 0, 0, 1, 0, 0, 0, 1, 0, 0, 0, 1, 0, 0, 0, 1, 0, 0, 0, 1, 0, 0, 0, 1, 0, 0, 0, 1, 0, 0, 0, 1, 0, 0, 0, 1, 0, 0, 0, 1, 0, 0, 0, 1, 0, 0, 0, 1, 0, 0, 0, 1, 0, 0, 0, 1, 0, 0, 0, 1, 0, 0, 0, 1, 0, 0, 0, 1, 0, 0, 0, 1, 0, 0, 0, 1, 0, 0, 0, 1, 0, 0, 0, 1, 0, 0, 0, 1, 0, 0, 0, 1, 0, 0, 0, 1, 0, 0, 0, 1, 0, 0, 0, 1, 0, 0, 0, 1, 0, 0, 0, 1, 0, 0, 0, 1, 0, 0, 0, 1, 0, 0, 0, 1, 0, 0, 0, 1, 0, 0, 0, 1, 0, 0, 0, 1, 0, 0, 0, 1, 0, 0, 0, 1, 0, 0, 0, 1, 0, 0, 0, 1, 0, 0, 0, 1, 0, 0, 0, 1, 0, 0, 0, 1, 0, 0, 0, 1, 0, 0, 0, 1, 0, 0, 0, 1, 0, 0, 0, 1, 0, 0, 0, 1, 0, 0, 0, 1, 0, 0, 0, 1, 0, 0, 0, 1, 0, 0, 0, 1, 0, 0, 0, 1, 0, 0, 0, 1, 0, 0, 0, 1, 0, 0, 0, 1, 0, 0, 0, 1, 0, 0, 0, 1, 0, 0, 0, 1, 0, 0, 0, 1, 0, 0, 0, 1, 0, 0, 0, 1, 0, 0, 0, 1, 0, 0, 0, 1, 0, 0, 0, 1, 0, 0, 0, 1, 0, 0, 0, 1, 0, 0, 0, 1, 0, 0, 0, 1, 0, 0, 0, 1, 0, 0, 0, 1, 0, 0, 0, 1, 0, 0, 0, 1, 0, 0, 0, 1, 0, 0, 0, 1, 0, 0, 0, 1, 0, 0, 0, 1, 0, 0, 0, 1, 0, 0, 0, 1, 0, 0, 0, 1, 0, 0, 0, 1, 0, 0, 0, 1, 0, 0, 0, 1, 0, 0, 0, 1, 0, 0, 0, 1, 0, 0, 0, 1, 0, 0, 0, 1, 0, 0, 0, 1, 0, 0, 0, 1, 0, 0, 0, 1, 0, 0, 0, 1, 0, 0, 0, 1, 0, 0, 0, 1, 0, 0, 0, 1, 0, 0, 0, 1, 0, 0, 0, 1, 0, 0, 0, 1, 0, 0, 0, 1, 0, 0, 0, 1, 0, 0, 0, 1, 0, 0, 0, 1, 0, 0, 0, 1, 0, 0, 0, 1, 0, 0, 0, 1, 0, 0, 0, 0.9876791, 0.012320903, 0, 0, 0.95986694, 0.028176611, 0.011956427, 0, 1, 0, 0, 0, 0.97824776, 0.016064739, 0.0029654833, 0.0027220303, 1, 0, 0, 0, 0.9617418, 0.038258217, 0, 0, 1, 0, 0, 0, 1, 0, 0, 0, 0.774485, 0.11948805, 0.106026985, 0, 0.7356245, 0.14979799, 0.11457751, 0, 0.78322005, 0.11182802, 0.10495194, 0, 0.7727667, 0.11420524, 0.113028064, 0, 1, 0, 0, 0, 0.9828804, 0.01711957, 0, 0, 0.84889233, 0.15110768, 0, 0, 0.5319929, 0.46800706, 0, 0, 0.5138612, 0.46664336, 0.019495467, 0, 0.82006127, 0.14929536, 0.030643389, 0, 0.99419606, 0.0058039217, 0, 0, 1, 0, 0, 0, 1, 0, 0, 0, 0.98988235, 0.010117648, 0, 0, 0.8433298, 0.15667023, 0, 0, 0.5059052, 0.4900297, 0.0040651034, 0, 0.50429744, 0.4940832, 0.0016193773, 0, 0.82147664, 0.17087145, 0.007651929, 0, 0.993247, 0.0067530274, 0, 0, 1, 0, 0, 0, 0.8731848, 0.12681518, 0, 0, 0.7446714, 0.17196164, 0.08336695, 0, 0.7685886, 0.20398156, 0.018523522, 0.008906319, 0.50564146, 0.49435854, 0, 0, 0.50008976, 0.49708873, 0.002821479, 0, 0.7802415, 0.21975853, 0, 0, 0.844844, 0.123137265, 0.032018755, 0, 1, 0, 0, 0, 1, 0, 0, 0, 1, 0, 0, 0, 1, 0, 0, 0, 1, 0, 0, 0, 1, 0, 0, 0, 0.5541302, 0.4458698, 0, 0, 0.40158588, 0.38098887, 0.21742526, 0, 0.5447481, 0.45525187, 0, 0, 0.5442272, 0.45577282, 0, 0, 1, 0, 0, 0, 0.50018436, 0.40020782, 0.09960784, 0, 0.5, 0.46780857, 0.032191433, 0, 1, 0, 0, 0, 0.50123304, 0.49876696, 0, 0, 0.5, 0.37183055, 0.12816945, 0, 1, 0, 0, 0, 0.517062, 0.482938, 0, 0, 0.78182256, 0.21817741, 0, 0, 0.97554535, 0.024454653, 0, 0, 0.9899903, 0.010009689, 0, 0, 1, 0, 0, 0, 1, 0, 0, 0, 1, 0, 0, 0, 1, 0, 0, 0, 1, 0, 0, 0, 1, 0, 0, 0, 1, 0, 0, 0, 1, 0, 0, 0, 0.5759869, 0.42401308, 0, 0, 1, 0, 0, 0, 0.64180654, 0.35819346, 0, 0, 0.8521426, 0.14785746, 0, 0, 0.9669664, 0.033033583, 0, 0, 1, 0, 0, 0, 1, 0, 0, 0, 1, 0, 0, 0, 1, 0, 0, 0, 1, 0, 0, 0, 1, 0, 0, 0, 1, 0, 0, 0, 0.9883737, 0.011626299, 0, 0, 0.9938731, 0.0061268746, 0, 0, 1, 0, 0, 0, 1, 0, 0, 0, 1, 0, 0, 0, 1, 0, 0, 0, 1, 0, 0, 0, 1, 0, 0, 0, 1, 0, 0, 0, 1, 0, 0, 0, 1, 0, 0, 0, 1, 0, 0, 0, 1, 0, 0, 0, 1, 0, 0, 0, 1, 0, 0, 0, 1, 0, 0, 0, 1, 0, 0, 0, 1, 0, 0, 0, 0.6605762, 0.3394238, 0, 0, 0.6790607, 0.3209393, 0, 0, 0.7171909, 0.28280908, 0, 0, 1, 0, 0, 0, 0.9435294, 0.056470573, 0, 0, 0.93254906, 0.06745094, 0, 0, 0.9223529, 0.07764709, 0, 0, 1, 0, 0, 0, 1, 0, 0, 0, 0.5533186, 0.44668138, 0, 0, 0.533975, 0.466025, 0, 0, 0.51678216, 0.48321784, 0, 0, 1, 0, 0, 0, 1, 0, 0, 0, 1, 0, 0, 0, 1, 0, 0, 0, 1, 0, 0, 0, 1, 0, 0, 0, 1, 0, 0, 0, 1, 0, 0, 0, 0.98509806, 0.014901936, 0, 0, 1, 0, 0, 0, 1, 0, 0, 0, 0.98509806, 0.014901936, 0, 0, 1, 0, 0, 0, 1, 0, 0, 0, 1, 0, 0, 0, 1, 0, 0, 0, 1, 0, 0, 0, 1, 0, 0, 0, 1, 0, 0, 0, 1, 0, 0, 0, 1, 0, 0, 0, 1, 0, 0, 0, 1, 0, 0, 0, 1, 0, 0, 0, 1, 0, 0, 0, 1, 0, 0, 0, 1, 0, 0, 0, 1, 0, 0, 0, 1, 0, 0, 0, 1, 0, 0, 0, 1, 0, 0, 0, 1, 0, 0, 0, 1, 0, 0, 0, 1, 0, 0, 0, 1, 0, 0, 0, 1, 0, 0, 0, 0.9837757, 0.016224353, 0, 0, 0.9802575, 0.019742476, 0, 0, 0.97512287, 0.024877151, 0, 0, 0.78733927, 0.21266074, 0, 0, 0.79748905, 0.20251095, 0, 0, 0.8089888, 0.19101119, 0, 0, 0.97703594, 0.022964088, 0, 0, 0.98099613, 0.01900386, 0, 0, 0.9856363, 0.01436371, 0, 0, 0.8060155, 0.19398454, 0, 0, 0.7915214, 0.20847864, 0, 0, 0.7823525, 0.21764751, 0, 0, 0.4664632, 0.30400217, 0.22953463, 0, 0.5528033, 0.25266865, 0.19452806, 0, 0.62462914, 0.27115455, 0.104216285, 0, 0.53882146, 0.45173773, 0.009440795, 0, 0.48428655, 0.4793054, 0.036408056, 0, 0.5716742, 0.37969756, 0.048628185, 0, 0.48691544, 0.25919804, 0.25388652, 0, 0.5020742, 0.31686112, 0.1810647, 0, 0.5737611, 0.36638987, 0.059849016, 0, 0.64662015, 0.35337988, 0, 0, 0.5612575, 0.43874252, 0, 0, 0.50403136, 0.49596864, 0, 0, 1, 0, 0, 0, 1, 0, 0, 0, 1, 0, 0, 0, 1, 0, 0, 0, 1, 0, 0, 0, 1, 0, 0, 0, 0.474948, 0.41135156, 0.11370045, 0, 0.47704867, 0.35951352, 0.1634378, 0, 0.4985804, 0.3357604, 0.16565917, 0, 0.5030073, 0.34909135, 0.14790134, 0, 0.48726934, 0.339709, 0.17302164, 0, 0.45035437, 0.41051984, 0.1391258, 0, 0.52228993, 0.40644324, 0.07126682, 0, 0.48043245, 0.4239323, 0.09563522, 0, 0.4989647, 0.4119557, 0.08907959, 0, 0.49996334, 0.37284034, 0.12719631, 0, 0.4823351, 0.40358284, 0.114082076, 0, 0.51033, 0.4083387, 0.08133128, 0, 0.5312641, 0.40193954, 0.066796325, 0, 0.47983646, 0.43046296, 0.08970058, 0, 0.4976004, 0.41557637, 0.086823225, 0, 0.49882567, 0.3444417, 0.15673263, 0, 0.4855295, 0.36440116, 0.15006933, 0, 0.4848944, 0.4103586, 0.104747, 0, 0.47970366, 0.4153313, 0.104965016, 0, 0.48856932, 0.3740495, 0.13738117, 0, 0.4998216, 0.36353895, 0.13663945, 0, 0.497035, 0.40900883, 0.09395617, 0, 0.48208362, 0.41966954, 0.098246835, 0, 0.50919825, 0.41350198, 0.07729976, 0, 0.5128972, 0.4871028, 0, 0, 0.50948983, 0.49051017, 0, 0, 0.50538677, 0.49461323, 0, 0, 1, 0, 0, 0, 1, 0, 0, 0, 1, 0, 0, 0, 1, 0, 0, 0, 1, 0, 0, 0, 1, 0, 0, 0, 1, 0, 0, 0, 1, 0, 0, 0, 1, 0, 0, 0, 1, 0, 0, 0, 1, 0, 0, 0, 1, 0, 0, 0, 0.5207948, 0.4792052, 0, 0, 0.5266247, 0.47337532, 0, 0, 0.5227884, 0.4772116, 0, 0, 1, 0, 0, 0, 1, 0, 0, 0, 1, 0, 0, 0, 1, 0, 0, 0, 1, 0, 0, 0, 1, 0, 0, 0, 1, 0, 0, 0, 1, 0, 0, 0, 1, 0, 0, 0, 1, 0, 0, 0, 1, 0, 0, 0, 1, 0, 0, 0, 1, 0, 0, 0, 1, 0, 0, 0, 1, 0, 0, 0, 1, 0, 0, 0, 1, 0, 0, 0, 1, 0, 0, 0, 1, 0, 0, 0, 1, 0, 0, 0, 1, 0, 0, 0, 1, 0, 0, 0, 1, 0, 0, 0, 1, 0, 0, 0, 1, 0, 0, 0, 1, 0, 0, 0, 1, 0, 0, 0, 0.53019446, 0.46980554, 0, 0, 0.5403154, 0.4596846, 0, 0, 0.5413197, 0.45868027, 0, 0, 1, 0, 0, 0, 1, 0, 0, 0, 1, 0, 0, 0, 1, 0, 0, 0, 1, 0, 0, 0, 1, 0, 0, 0, 1, 0, 0, 0, 1, 0, 0, 0, 1, 0, 0, 0, 0.54078937, 0.45921063, 0, 0, 0.53681374, 0.4631863, 0, 0, 0.5218419, 0.4781581, 0, 0, 1, 0, 0, 0, 1, 0, 0, 0, 1, 0, 0, 0, 1, 0, 0, 0, 1, 0, 0, 0, 1, 0, 0, 0, 1, 0, 0, 0, 1, 0, 0, 0, 1, 0, 0, 0, 1, 0, 0, 0, 1, 0, 0, 0, 1, 0, 0, 0, 1, 0, 0, 0, 1, 0, 0, 0, 1, 0, 0, 0, 1, 0, 0, 0, 1, 0, 0, 0, 1, 0, 0, 0, 1, 0, 0, 0, 1, 0, 0, 0, 1, 0, 0, 0, 1, 0, 0, 0, 1, 0, 0, 0, 1, 0, 0, 0, 1, 0, 0, 0, 1, 0, 0, 0, 1, 0, 0, 0, 1, 0, 0, 0, 1, 0, 0, 0, 1, 0, 0, 0, 1, 0, 0, 0, 1, 0, 0, 0, 1, 0, 0, 0, 1, 0, 0, 0, 1, 0, 0, 0, 1, 0, 0, 0, 1, 0, 0, 0, 1, 0, 0, 0, 1, 0, 0, 0, 1, 0, 0, 0, 1, 0, 0, 0, 1, 0, 0, 0, 1, 0, 0, 0, 1, 0, 0, 0, 1, 0, 0, 0, 1, 0, 0, 0, 1, 0, 0, 0, 1, 0, 0, 0, 1, 0, 0, 0, 1, 0, 0, 0, 1, 0, 0, 0, 1, 0, 0, 0, 1, 0, 0, 0, 1, 0, 0, 0, 1, 0, 0, 0, 1, 0, 0, 0, 1, 0, 0, 0, 1, 0, 0, 0, 1, 0, 0, 0, 1, 0, 0, 0, 1, 0, 0, 0, 1, 0, 0, 0, 1, 0, 0, 0, 1, 0, 0, 0, 1, 0, 0, 0, 1, 0, 0, 0, 1, 0, 0, 0, 1, 0, 0, 0, 1, 0, 0, 0, 1, 0, 0, 0, 1, 0, 0, 0, 1, 0, 0, 0, 1, 0, 0, 0, 1, 0, 0, 0, 1, 0, 0, 0, 1, 0, 0, 0, 1, 0, 0, 0, 1, 0, 0, 0, 1, 0, 0, 0, 1, 0, 0, 0, 1, 0, 0, 0, 1, 0, 0, 0, 1, 0, 0, 0, 1, 0, 0, 0, 1, 0, 0, 0, 1, 0, 0, 0, 1, 0, 0, 0, 1, 0, 0, 0, 1, 0, 0, 0, 1, 0, 0, 0, 1, 0, 0, 0, 1, 0, 0, 0, 1, 0, 0, 0, 1, 0, 0, 0, 1, 0, 0, 0, 1, 0, 0, 0, 1, 0, 0, 0, 1, 0, 0, 0, 1, 0, 0, 0, 1, 0, 0, 0, 1, 0, 0, 0, 1, 0, 0, 0, 1, 0, 0, 0, 1, 0, 0, 0, 1, 0, 0, 0, 1, 0, 0, 0, 1, 0, 0, 0, 1, 0, 0, 0, 1, 0, 0, 0, 1, 0, 0, 0, 1, 0, 0, 0, 1, 0, 0, 0, 1, 0, 0, 0, 1, 0, 0, 0, 1, 0, 0, 0, 1, 0, 0, 0, 0.8683429, 0.13165712, 0, 0, 0.5237447, 0.4762553, 0, 0, 0.85425925, 0.14574075, 0, 0, 0.8622898, 0.13771023, 0, 0, 0.5208889, 0.4791111, 0, 0, 0.8421664, 0.15783358, 0, 0, 0.86781377, 0.13218623, 0, 0, 0.51508176, 0.48491827, 0, 0, 0.8693291, 0.1306709, 0, 0, 0.8154891, 0.18451089, 0, 0, 0.5140265, 0.48597345, 0, 0, 0.8293369, 0.1706631, 0, 0, 0.81274873, 0.18725127, 0, 0, 0.5151994, 0.4848006, 0, 0, 0.8265263, 0.17347375, 0, 0, 0.82119703, 0.17880294, 0, 0, 0.51393324, 0.48606676, 0, 0, 0.8092858, 0.19071418, 0, 0, 0.83150446, 0.16849554, 0, 0, 0.5045399, 0.4954601, 0, 0, 0.81703335, 0.18296666, 0, 0, 0.84105355, 0.15894645, 0, 0, 0.50016487, 0.49983516, 0, 0, 0.8001642, 0.19983578, 0, 0, 0.7929316, 0.20706838, 0, 0, 0.50163233, 0.49836767, 0, 0, 0.8271536, 0.17284638, 0, 0, 0.8675736, 0.13242635, 0, 0, 0.5167272, 0.48327276, 0, 0, 0.84572303, 0.15427697, 0, 0, 0.88331264, 0.11668736, 0, 0, 0.5306058, 0.46939418, 0, 0, 0.82757485, 0.17242515, 0, 0, 0.84114176, 0.15885824, 0, 0, 0.5316532, 0.46834677, 0, 0, 0.89780414, 0.10219588, 0, 0, 0.795654, 0.204346, 0, 0, 0.5118273, 0.4881727, 0, 0, 0.7905028, 0.20949718, 0, 0, 0.7975246, 0.20247543, 0, 0, 0.5135039, 0.4864961, 0, 0, 0.8017887, 0.19821134, 0, 0, 0.8238836, 0.17611639, 0, 0, 0.5144274, 0.4855726, 0, 0, 0.80581826, 0.19418174, 0, 0, 0.80665493, 0.19334504, 0, 0, 0.50022995, 0.49977005, 0, 0, 0.8044533, 0.19554669, 0, 0, 0.8061062, 0.19389379, 0, 0, 0.501955, 0.49804503, 0, 0, 0.8051731, 0.1948269, 0, 0, 0.8033037, 0.19669628, 0, 0, 0.50221497, 0.49778503, 0, 0, 0.7995481, 0.20045191, 0, 0, 0.78249145, 0.21750857, 0, 0, 0.5048151, 0.4951849, 0, 0, 0.79617375, 0.20382625, 0, 0, 0.78587425, 0.21412577, 0, 0, 0.50334674, 0.49665326, 0, 0, 0.7993473, 0.20065272, 0, 0, 0.79976267, 0.20023733, 0, 0, 0.50025517, 0.49974483, 0, 0, 0.79100066, 0.20899935, 0, 0, 0.81619686, 0.18380314, 0, 0, 0.50129616, 0.49870384, 0, 0, 0.7859371, 0.21406293, 0, 0, 0.81078947, 0.18921053, 0, 0, 0.50219196, 0.49780804, 0, 0, 0.7830177, 0.2169823, 0, 0, 0.7831826, 0.21681736, 0, 0, 0.5012814, 0.49871862, 0, 0, 0.810661, 0.18933898, 0, 0, 0.7783555, 0.22164452, 0, 0, 0.50049555, 0.49950448, 0, 0, 0.7733337, 0.22666627, 0, 0, 0.77625346, 0.22374657, 0, 0, 0.5000288, 0.4999712, 0, 0, 0.7729707, 0.22702932, 0, 0, 0.7693174, 0.23068261, 0, 0, 0.5006715, 0.49932852, 0, 0, 0.7745533, 0.22544667, 0, 0, 0.7683414, 0.23165861, 0, 0, 0.5011751, 0.4988249, 0, 0, 0.76601505, 0.23398495, 0, 0, 0.7683454, 0.2316546, 0, 0, 0.5003933, 0.4996067, 0, 0, 0.76754266, 0.23245734, 0, 0, 0.7766155, 0.2233845, 0, 0, 0.50052685, 0.49947315, 0, 0, 0.77806926, 0.22193071, 0, 0, 0.77444375, 0.22555628, 0, 0, 0.5002982, 0.4997018, 0, 0, 0.77283233, 0.22716767, 0, 0, 0.77532923, 0.22467074, 0, 0, 0.50097585, 0.49902415, 0, 0, 0.7738219, 0.22617811, 0, 0, 0.7728194, 0.2271806, 0, 0, 0.5001931, 0.49980688, 0, 0, 0.77691954, 0.22308047, 0, 0, 0.77590525, 0.22409476, 0, 0, 0.5015495, 0.4984505, 0, 0, 0.7683439, 0.23165607, 0, 0, 0.77751195, 0.22248806, 0, 0, 0.50106525, 0.49893478, 0, 0, 0.7720278, 0.22797221, 0, 0, 0.7704866, 0.2295134, 0, 0, 0.50140995, 0.49859005, 0, 0, 0.77589524, 0.22410473, 0, 0, 0.7780811, 0.2219189, 0, 0, 0.502558, 0.49744204, 0, 0, 0.7751608, 0.22483921, 0, 0, 0.77687985, 0.22312014, 0, 0, 0.50320005, 0.49679998, 0, 0, 0.7719646, 0.22803539, 0, 0, 0.7698879, 0.23011208, 0, 0, 0.5031911, 0.4968089, 0, 0, 0.77548337, 0.22451665, 0, 0, 0.7691853, 0.23081468, 0, 0, 0.5013474, 0.49865258, 0, 0, 0.7633366, 0.2366634, 0, 0, 0.7713815, 0.22861852, 0, 0, 0.50075996, 0.49924004, 0, 0, 0.7678603, 0.2321397, 0, 0, 0.76916695, 0.23083305, 0, 0, 0.5006167, 0.49938327, 0, 0, 0.77146876, 0.22853124, 0, 0, 0.8043583, 0.1956417, 0, 0, 0.51017046, 0.48982957, 0, 0, 0.80819964, 0.19180033, 0, 0, 0.81283885, 0.18716115, 0, 0, 0.5113651, 0.48863488, 0, 0, 0.80406505, 0.19593495, 0, 0, 0.79947376, 0.20052621, 0, 0, 0.5170392, 0.48296082, 0, 0, 0.7981708, 0.2018292, 0, 0, 0.7764004, 0.22359961, 0, 0, 0.54193735, 0.45806265, 0, 0, 0.8398715, 0.16012844, 0, 0, 0.77005583, 0.22994417, 0, 0, 0.5362824, 0.4637176, 0, 0, 0.8302592, 0.1697408, 0, 0, 0.81433827, 0.18566173, 0, 0, 0.5241469, 0.4758531, 0, 0, 0.7773515, 0.2226485, 0, 0, 0.8833378, 0.11666219, 0, 0, 0.51377714, 0.48622283, 0, 0, 0.87893426, 0.121065736, 0, 0, 0.8919216, 0.10807842, 0, 0, 0.5164275, 0.48357248, 0, 0, 0.87100047, 0.12899953, 0, 0, 0.85172397, 0.14827603, 0, 0, 0.5241426, 0.4758574, 0, 0, 0.88478434, 0.11521568, 0, 0, 0.7975156, 0.20248443, 0, 0, 0.5102813, 0.48971865, 0, 0, 0.7968078, 0.20319219, 0, 0, 0.80151325, 0.19848675, 0, 0, 0.5099176, 0.49008238, 0, 0, 0.7971673, 0.20283271, 0, 0, 0.7950914, 0.20490861, 0, 0, 0.510014, 0.489986, 0, 0, 0.8056757, 0.19432431, 0, 0, 0.8371751, 0.16282491, 0, 0, 0.5006728, 0.49932718, 0, 0, 0.9027451, 0.0972549, 0, 0, 0.83367026, 0.16632971, 0, 0, 0.50134075, 0.49865925, 0, 0, 0.9019608, 0.09803922, 0, 0, 0.90117645, 0.09882353, 0, 0, 0.50355005, 0.49644998, 0, 0, 0.85411763, 0.14588234, 0, 0, 0.8017929, 0.19820708, 0, 0, 0.5152079, 0.48479214, 0, 0, 0.81555974, 0.18444027, 0, 0, 0.80659974, 0.19340026, 0, 0, 0.5119333, 0.48806667, 0, 0, 0.81424385, 0.18575615, 0, 0, 0.80649495, 0.19350506, 0, 0, 0.5105403, 0.4894597, 0, 0, 0.80760235, 0.19239765, 0, 0, 0.84758365, 0.15241633, 0, 0, 0.51426446, 0.4857355, 0, 0, 0.7929672, 0.2070328, 0, 0, 0.82876164, 0.17123835, 0, 0, 0.5109952, 0.4890048, 0, 0, 0.7866671, 0.21333289, 0, 0, 0.7847681, 0.2152319, 0, 0, 0.5073808, 0.49261922, 0, 0, 0.8204913, 0.17950869, 0, 0, 0.80788094, 0.19211905, 0, 0, 0.5095972, 0.49040285, 0, 0, 0.79557467, 0.20442533, 0, 0, 0.7977674, 0.20223261, 0, 0, 0.5098425, 0.49015746, 0, 0, 0.789706, 0.21029401, 0, 0, 0.79108214, 0.20891786, 0, 0, 0.50962555, 0.49037445, 0, 0, 0.7992062, 0.2007938, 0, 0, 0.80703497, 0.192965, 0, 0, 0.5095892, 0.49041083, 0, 0, 0.80001426, 0.19998574, 0, 0, 0.8120824, 0.18791759, 0, 0, 0.51279795, 0.48720205, 0, 0, 0.7998994, 0.2001006, 0, 0, 0.799439, 0.20056099, 0, 0, 0.51593053, 0.48406944, 0, 0, 0.8116114, 0.1883886, 0, 0, 0.8321664, 0.16783364, 0, 0, 0.513893, 0.486107, 0, 0, 0.810099, 0.189901, 0, 0, 0.836945, 0.163055, 0, 0, 0.5100515, 0.48994848, 0, 0, 0.8153238, 0.18467617, 0, 0, 0.8161847, 0.1838153, 0, 0, 0.5095587, 0.49044132, 0, 0, 0.8416177, 0.1583823, 0, 0, 0.7934719, 0.20652813, 0, 0, 0.5008302, 0.49916986, 0, 0, 0.79543024, 0.20456976, 0, 0, 0.7973243, 0.2026757, 0, 0, 0.504993, 0.49500698, 0, 0, 0.7873904, 0.21260959, 0, 0, 0.7886023, 0.2113977, 0, 0, 0.50137013, 0.49862987, 0, 0, 0.79081196, 0.20918804, 0, 0, 0.77230847, 0.22769156, 0, 0, 0.50240153, 0.49759847, 0, 0, 0.76773757, 0.23226243, 0, 0, 0.9, 0.1, 0, 0, 0.52964115, 0.47035885, 0, 0, 0.84621054, 0.15378946, 0, 0, 0.8778871, 0.1221129, 0, 0, 0.5102395, 0.48976055, 0, 0, 0.87558573, 0.124414265, 0, 0, 0.83999324, 0.16000676, 0, 0, 0.51570785, 0.48429215, 0, 0, 0.86548036, 0.13451965, 0, 0, 0.89461154, 0.10538846, 0, 0, 0.50509864, 0.49490136, 0, 0, 0.8581229, 0.14187711, 0, 0, 0.80569124, 0.19430876, 0, 0, 0.5060512, 0.49394885, 0, 0, 0.7864353, 0.21356471, 0, 0, 0.8108987, 0.18910128, 0, 0, 0.5138624, 0.48613766, 0, 0, 0.8305857, 0.16941428, 0, 0, 0.81838524, 0.18161479, 0, 0, 0.5111066, 0.48889336, 0, 0, 0.8102826, 0.18971741, 0, 0, 0.78781873, 0.21218126, 0, 0, 0.5027648, 0.49723518, 0, 0, 0.8240698, 0.1759302, 0, 0, 0.80380195, 0.19619806, 0, 0, 0.5074603, 0.4925397, 0, 0, 0.8046431, 0.1953569, 0, 0, 0.79580015, 0.20419985, 0, 0, 0.5134058, 0.48659423, 0, 0, 0.796778, 0.20322198, 0, 0, 0.78843284, 0.21156716, 0, 0, 0.5125493, 0.48745072, 0, 0, 0.79629195, 0.20370802, 0, 0, 0.7782378, 0.22176218, 0, 0, 0.528546, 0.47145402, 0, 0, 0.81103826, 0.18896171, 0, 0, 0.8052251, 0.19477493, 0, 0, 0.51135266, 0.48864737, 0, 0, 0.8526621, 0.14733788, 0, 0, 0.8026004, 0.19739962, 0, 0, 0.5180126, 0.48198742, 0, 0, 0.8267452, 0.1732548, 0, 0, 0.8030989, 0.19690111, 0, 0, 0.50958633, 0.49041367, 0, 0, 0.79352313, 0.20647687, 0, 0, 0.8236582, 0.17634174, 0, 0, 0.5082654, 0.49173465, 0, 0, 0.7972941, 0.20270592, 0, 0, 0.772601, 0.22739899, 0, 0, 0.50139976, 0.49860027, 0, 0, 0.7785338, 0.22146621, 0, 0, 0.77306044, 0.22693959, 0, 0, 0.5000498, 0.49995017, 0, 0, 0.77140766, 0.22859234, 0, 0, 0.7706393, 0.22936068, 0, 0, 0.50162685, 0.49837315, 0, 0, 0.7625701, 0.23742992, 0, 0, 0.76514846, 0.23485154, 0, 0, 0.5016403, 0.49835968, 0, 0, 0.77299523, 0.2270048, 0, 0, 0.8250046, 0.15301615, 0.021979265, 0, 0.8658647, 0.11304358, 0.02109173, 0, 1, 0, 0, 0, 0.9056292, 0.08779639, 0.0065743946, 0, 0.8834542, 0.11136748, 0.0051783165, 0, 0.8406826, 0.15648513, 0.0028322442, 0, 0.8456545, 0.15434551, 0, 0, 0.85146743, 0.14853257, 0, 0, 0.85980517, 0.14019483, 0, 0, 0.86237884, 0.13762116, 0, 0, 0.8630226, 0.13697737, 0, 0, 0.8888381, 0.11116189, 0, 0, 0.87650245, 0.123497546, 0, 0, 0.8564089, 0.1435911, 0, 0, 0.8343462, 0.16565382, 0, 0, 0.79754996, 0.18795432, 0.014495715, 0, 0.84812963, 0.13254842, 0.01932195, 0, 0.84232193, 0.13909186, 0.018586209, 0, 0.87796974, 0.12203026, 0, 0, 0.83449423, 0.16383256, 0.0016732028, 0, 0.8442497, 0.1530504, 0.0026998848, 0, 0.84843856, 0.14852352, 0.0030379086, 0, 0.86967427, 0.13032573, 0, 0, 0.84793544, 0.15041442, 0.0016501347, 0, 0.8436026, 0.15639742, 0, 0, 0.82461315, 0.17538683, 0, 0, 0.8400784, 0.15992159, 0, 0, 0.8268657, 0.17313433, 0, 0, 0.8508893, 0.14911067, 0, 0, 0.86502236, 0.13497764, 0, 0, 0.94, 0.060000002, 0, 0, 0.85743475, 0.12952454, 0.013040707, 0, 0.89912707, 0.100872934, 0, 0, 0.87394744, 0.12605256, 0, 0, 0.8871068, 0.112893224, 0, 0, 0.88235295, 0.11764705, 0, 0, 0.88145334, 0.118546665, 0, 0, 0.87269974, 0.12730026, 0, 0, 0.86977637, 0.13022363, 0, 0, 0.8797342, 0.12026578, 0, 0, 0.8981522, 0.10184783, 0, 0, 0.90974087, 0.090259135, 0, 0, 0.93417734, 0.06582266, 0, 0, 0.87922645, 0.120773554, 0, 0, 0.893946, 0.10605401, 0, 0, 0.90754664, 0.09245336, 0, 0, 1, 0, 0, 0, 0.91498226, 0.08501774, 0, 0, 1, 0, 0, 0, 1, 0, 0, 0, 1, 0, 0, 0, 1, 0, 0, 0, 1, 0, 0, 0, 1, 0, 0, 0, 1, 0, 0, 0, 1, 0, 0, 0, 1, 0, 0, 0, 1, 0, 0, 0, 1, 0, 0, 0, 1, 0, 0, 0, 1, 0, 0, 0, 1, 0, 0, 0, 1, 0, 0, 0, 1, 0, 0, 0, 1, 0, 0, 0, 1, 0, 0, 0, 1, 0, 0, 0, 1, 0, 0, 0, 1, 0, 0, 0, 1, 0, 0, 0, 1, 0, 0, 0, 1, 0, 0, 0, 1, 0, 0, 0, 1, 0, 0, 0, 1, 0, 0, 0, 1, 0, 0, 0, 1, 0, 0, 0, 1, 0, 0, 0, 1, 0, 0, 0, 1, 0, 0, 0, 1, 0, 0, 0, 1, 0, 0, 0, 1, 0, 0, 0, 1, 0, 0, 0, 1, 0, 0, 0, 1, 0, 0, 0, 1, 0, 0, 0, 1, 0, 0, 0, 1, 0, 0, 0, 1, 0, 0, 0, 1, 0, 0, 0, 1, 0, 0, 0, 1, 0, 0, 0, 1, 0, 0, 0, 1, 0, 0, 0, 1, 0, 0, 0, 1, 0, 0, 0, 1, 0, 0, 0, 1, 0, 0, 0, 1, 0, 0, 0, 1, 0, 0, 0, 1, 0, 0, 0, 0.9967059, 0.0032941103, 0, 0, 0.9945098, 0.005490184, 0, 0, 0.99585944, 0.004140556, 0, 0, 1, 0, 0, 0, 1, 0, 0, 0, 1, 0, 0, 0, 1, 0, 0, 0, 1, 0, 0, 0, 1, 0, 0, 0, 1, 0, 0, 0, 1, 0, 0, 0, 1, 0, 0, 0, 1, 0, 0, 0, 1, 0, 0, 0, 1, 0, 0, 0, 1, 0, 0, 0, 1, 0, 0, 0, 1, 0, 0, 0, 1, 0, 0, 0, 1, 0, 0, 0, 1, 0, 0, 0, 1, 0, 0, 0, 1, 0, 0, 0, 1, 0, 0, 0, 1, 0, 0, 0, 1, 0, 0, 0, 0.9987952, 0.0012047696, 0, 0, 1, 0, 0, 0, 1, 0, 0, 0, 1, 0, 0, 0, 1, 0, 0, 0, 0.9869726, 0.00916432, 0.003863114, 0, 0.983092, 0.0125980545, 0.0043099374, 0, 0.98774076, 0.009558602, 0.002700636, 0, 1, 0, 0, 0, 1, 0, 0, 0, 1, 0, 0, 0, 1, 0, 0, 0, 1, 0, 0, 0, 1, 0, 0, 0, 1, 0, 0, 0, 0.99867684, 0.0013231834, 0, 0, 0.7835324, 0.21646762, 0, 0, 0.50124973, 0.49875027, 0, 0, 0.78958845, 0.21041156, 0, 0, 0.7846268, 0.21537322, 0, 0, 0.50033814, 0.49966186, 0, 0, 0.79018337, 0.20981662, 0, 0, 0.7862871, 0.21371289, 0, 0, 0.5004976, 0.49950242, 0, 0, 0.78320557, 0.21679443, 0, 0, 0.78152215, 0.21847785, 0, 0, 0.50210726, 0.4978927, 0, 0, 0.78182644, 0.21817358, 0, 0, 0.77890503, 0.22109497, 0, 0, 0.5036384, 0.4963616, 0, 0, 0.7829073, 0.21709268, 0, 0, 0.78343475, 0.21656524, 0, 0, 0.50404537, 0.49595463, 0, 0, 0.77840614, 0.22159386, 0, 0, 0.7527625, 0.2472375, 0, 0, 0.50140613, 0.49859387, 0, 0, 0.75348043, 0.24651954, 0, 0, 0.76270026, 0.23729974, 0, 0, 0.5003243, 0.4996757, 0, 0, 0.7586678, 0.24133219, 0, 0, 0.7679467, 0.23205331, 0, 0, 0.50064033, 0.49935967, 0, 0, 0.7726584, 0.22734159, 0, 0, 0.75636166, 0.24363832, 0, 0, 0.5014312, 0.4985688, 0, 0, 0.7527883, 0.2472117, 0, 0, 0.7530699, 0.24693011, 0, 0, 0.5017003, 0.49829975, 0, 0, 0.74941677, 0.25058323, 0, 0, 0.7533033, 0.24669671, 0, 0, 0.5005962, 0.49940377, 0, 0, 0.74982786, 0.25017214, 0, 0, 0.76630974, 0.23369029, 0, 0, 0.5011345, 0.49886546, 0, 0, 0.7624329, 0.23756713, 0, 0, 0.76315, 0.23685002, 0, 0, 0.50035286, 0.4996471, 0, 0, 0.7660802, 0.2339198, 0, 0, 0.76488316, 0.23511684, 0, 0, 0.5009652, 0.49903482, 0, 0, 0.75988173, 0.24011824, 0, 0, 0.7652906, 0.23470941, 0, 0, 0.5013479, 0.49865213, 0, 0, 0.764032, 0.235968, 0, 0, 0.77268326, 0.22731674, 0, 0, 0.5018203, 0.49817964, 0, 0, 0.77165765, 0.22834237, 0, 0, 0.75333476, 0.24666525, 0, 0, 0.5016072, 0.49839282, 0, 0, 0.75739056, 0.24260944, 0, 0, 0.75424564, 0.24575439, 0, 0, 0.50070477, 0.49929523, 0, 0, 0.7516908, 0.2483092, 0, 0, 0.759474, 0.240526, 0, 0, 0.5023459, 0.49765405, 0, 0, 0.7560147, 0.2439853, 0, 0, 0.74960965, 0.25039035, 0, 0, 0.50027525, 0.49972475, 0, 0, 0.7517494, 0.24825059, 0, 0, 0.7643988, 0.23560117, 0, 0, 0.5008487, 0.4991513, 0, 0, 0.77159935, 0.22840065, 0, 0, 0.7685441, 0.23145594, 0, 0, 0.500498, 0.499502, 0, 0, 0.77593154, 0.22406846, 0, 0, 0.765139, 0.23486102, 0, 0, 0.5014707, 0.49852934, 0, 0, 0.7659465, 0.23405346, 0, 0, 0.7859825, 0.21401753, 0, 0, 0.5025265, 0.49747348, 0, 0, 0.7778267, 0.22217327, 0, 0, 0.77913475, 0.22086525, 0, 0, 0.5009886, 0.49901137, 0, 0, 0.78211987, 0.21788011, 0, 0, 0.7521589, 0.24784112, 0, 0, 0.5029633, 0.4970367, 0, 0, 0.7539588, 0.2460412, 0, 0, 0.7776159, 0.22238408, 0, 0, 0.5003488, 0.4996512, 0, 0, 0.77969205, 0.22030795, 0, 0, 0.75958997, 0.24041003, 0, 0, 0.50055516, 0.49944484, 0, 0, 0.7566447, 0.24335526, 0, 0, 0.749522, 0.25047806, 0, 0, 0.5039689, 0.4960311, 0, 0, 0.760824, 0.23917598, 0, 0, 0.75164217, 0.24835782, 0, 0, 0.5000502, 0.4999498, 0, 0, 0.7540574, 0.2459426, 0, 0, 0.7601305, 0.23986948, 0, 0, 0.50243413, 0.4975659, 0, 0, 0.7650733, 0.2349267, 0, 0, 0.9505096, 0.028401207, 0.021089176, 0, 0.9491009, 0.030525668, 0.020373449, 0, 0.9428381, 0.04377663, 0.013385291, 0, 0.9409621, 0.04422136, 0.01481658, 0, 0.95125335, 0.037409283, 0.01133734, 0, 0.96162367, 0.03363531, 0.004741033, 0, 0.96569383, 0.03430615, 0, 0, 0.9629111, 0.032451708, 0.004637134, 0, 0.9590548, 0.03167453, 0.009270625, 0, 0.958019, 0.031041415, 0.010939544, 0, 0.95659983, 0.032505803, 0.010894336, 0, 0.95009524, 0.026093138, 0.02381162, 0, 0.95029944, 0.029417597, 0.02028296, 0, 0.94036555, 0.03198833, 0.0276461, 0, 0.9178929, 0.043908585, 0.03819852, 0, 0.9383423, 0.037192646, 0.02446509, 0, 0.95698345, 0.043016564, 0, 0, 0.9475346, 0.052465368, 0, 0, 0.98039216, 0.019607842, 0, 0, 0.9705252, 0.029474795, 0, 0, 0.96912724, 0.030872762, 0, 0, 0.9899181, 0.010081887, 0, 0, 0.78549224, 0.19744594, 0.017061815, 0, 0.70301276, 0.25267878, 0.04430844, 0, 0.64746755, 0.27620625, 0.076326184, 0, 0.6286497, 0.2746273, 0.096723, 0, 0.6886838, 0.27079007, 0.04052614, 0, 0.7896896, 0.19695757, 0.013352852, 0, 0.88857514, 0.11142488, 0, 0, 0.90293366, 0.09706633, 0, 0, 0.9409423, 0.05905772, 0, 0, 0.9525729, 0.0474271, 0, 0, 1, 0, 0, 0, 1, 0, 0, 0, 1, 0, 0, 0, 1, 0, 0, 0, 1, 0, 0, 0, 0.99769133, 0.0023086667, 0, 0, 0.91136473, 0.07241726, 0.016218007, 0, 0.8966962, 0.0753088, 0.02799499, 0, 0.80985874, 0.15189123, 0.03825003, 0, 0.7713559, 0.18482299, 0.043821096, 0, 0.84119296, 0.1103754, 0.048431635, 0, 0.93612546, 0.044763982, 0.01911058, 0, 0.9512421, 0.036235332, 0.012522554, 0, 0.99809706, 0.0019029122, 0, 0, 1, 0, 0, 0, 1, 0, 0, 0, 0.6299063, 0.3700937, 0, 0, 0.70358944, 0.29641056, 0, 0, 0.7405844, 0.25941563, 0, 0, 0.7251492, 0.2748508, 0, 0, 0.6929268, 0.30707318, 0, 0, 0.69816446, 0.30183554, 0, 0, 0.58148265, 0.38216043, 0.036356945, 0, 0.49432668, 0.43011388, 0.07555943, 0, 0.4320942, 0.41776645, 0.15013935, 0, 0.44640055, 0.3778638, 0.17573567, 0, 0.482444, 0.3689572, 0.1485988, 0, 0.5355496, 0.38185188, 0.08259854, 0, 0.613664, 0.38633603, 0, 0, 0.5636846, 0.43631542, 0, 0, 0.56322706, 0.43677294, 0, 0, 0.56614673, 0.43385327, 0, 0, 0.77368027, 0.22631973, 0, 0, 0.7418747, 0.25812533, 0, 0, 0.74040383, 0.25959617, 0, 0, 0.78053176, 0.2194682, 0, 0, 0.8, 0.2, 0, 0, 0.8, 0.2, 0, 0, 0.8, 0.2, 0, 0, 0.80078435, 0.19921568, 0, 0, 0.8, 0.2, 0, 0, 0.78615713, 0.2, 0.013842842, 0, 0.7404153, 0.2, 0.059584722, 0, 0.70762825, 0.17254902, 0.11982275, 0, 0.68894666, 0.16465236, 0.14640099, 0, 0.7399813, 0.18041983, 0.07959888, 0, 0.6762903, 0.1963774, 0.1273323, 0, 0.6280439, 0.19215687, 0.17979927, 0, 0.5996901, 0.21207462, 0.1882353, 0, 0.6400659, 0.18117647, 0.17875761, 0, 0.8, 0.2, 0, 0, 0.8039216, 0.19607843, 0, 0, 0.8023529, 0.19764706, 0, 0, 0.80078435, 0.19921568, 0, 0, 0.8023529, 0.19764706, 0, 0, 0.7930519, 0.2069481, 0, 0, 1, 0, 0, 0, 1, 0, 0, 0, 1, 0, 0, 0, 1, 0, 0, 0, 1, 0, 0, 0, 1, 0, 0, 0, 1, 0, 0, 0, 1, 0, 0, 0, 1, 0, 0, 0, 1, 0, 0, 0, 1, 0, 0, 0, 1, 0, 0, 0, 1, 0, 0, 0, 1, 0, 0, 0, 1, 0, 0, 0, 1, 0, 0, 0, 1, 0, 0, 0, 1, 0, 0, 0, 1, 0, 0, 0, 1, 0, 0, 0, 1, 0, 0, 0, 1, 0, 0, 0, 1, 0, 0, 0, 1, 0, 0, 0, 1, 0, 0, 0, 1, 0, 0, 0, 1, 0, 0, 0, 1, 0, 0, 0, 1, 0, 0, 0, 1, 0, 0, 0, 1, 0, 0, 0, 1, 0, 0, 0, 1, 0, 0, 0, 1, 0, 0, 0, 1, 0, 0, 0, 1, 0, 0, 0, 1, 0, 0, 0, 1, 0, 0, 0, 1, 0, 0, 0, 1, 0, 0, 0, 1, 0, 0, 0, 1, 0, 0, 0, 1, 0, 0, 0, 1, 0, 0, 0, 1, 0, 0, 0, 1, 0, 0, 0, 1, 0, 0, 0, 1, 0, 0, 0, 1, 0, 0, 0, 1, 0, 0, 0, 1, 0, 0, 0, 1, 0, 0, 0, 1, 0, 0, 0, 1, 0, 0, 0, 1, 0, 0, 0, 1, 0, 0, 0, 1, 0, 0, 0, 1, 0, 0, 0, 1, 0, 0, 0, 1, 0, 0, 0, 1, 0, 0, 0, 1, 0, 0, 0, 1, 0, 0, 0, 1, 0, 0, 0, 1, 0, 0, 0, 1, 0, 0, 0, 1, 0, 0, 0, 1, 0, 0, 0, 1, 0, 0, 0, 1, 0, 0, 0, 1, 0, 0, 0, 1, 0, 0, 0, 1, 0, 0, 0, 1, 0, 0, 0, 0.99894196, 0.001058042, 0, 0, 1, 0, 0, 0, 0.9985997, 0.0014002919, 0, 0, 1, 0, 0, 0, 0.9982999, 0.0017001033, 0, 0, 1, 0, 0, 0, 0.99874187, 0.0012581348, 0, 0, 1, 0, 0, 0, 0.99852186, 0.0014781356, 0, 0, 1, 0, 0, 0, 0.99860525, 0.0013947487, 0, 0, 1, 0, 0, 0, 0.9986301, 0.0013698936, 0, 0, 1, 0, 0, 0, 0.9989512, 0.0010488033, 0, 0, 1, 0, 0, 0, 1, 0, 0, 0, 1, 0, 0, 0, 1, 0, 0, 0, 1, 0, 0, 0, 1, 0, 0, 0, 1, 0, 0, 0, 1, 0, 0, 0, 1, 0, 0, 0, 1, 0, 0, 0, 1, 0, 0, 0, 1, 0, 0, 0, 1, 0, 0, 0, 1, 0, 0, 0, 1, 0, 0, 0, 1, 0, 0, 0, 1, 0, 0, 0, 1, 0, 0, 0, 1, 0, 0, 0, 1, 0, 0, 0, 1, 0, 0, 0, 1, 0, 0, 0, 1, 0, 0, 0, 1, 0, 0, 0, 1, 0, 0, 0, 1, 0, 0, 0, 1, 0, 0, 0, 1, 0, 0, 0, 1, 0, 0, 0, 1, 0, 0, 0, 1, 0, 0, 0, 1, 0, 0, 0, 1, 0, 0, 0, 1, 0, 0, 0, 1, 0, 0, 0, 1, 0, 0, 0, 1, 0, 0, 0, 1, 0, 0, 0, 1, 0, 0, 0, 1, 0, 0, 0, 1, 0, 0, 0, 1, 0, 0, 0, 1, 0, 0, 0, 1, 0, 0, 0, 1, 0, 0, 0, 1, 0, 0, 0, 1, 0, 0, 0, 1, 0, 0, 0, 1, 0, 0, 0, 1, 0, 0, 0, 1, 0, 0, 0, 1, 0, 0, 0, 1, 0, 0, 0, 1, 0, 0, 0, 1, 0, 0, 0, 1, 0, 0, 0, 1, 0, 0, 0, 1, 0, 0, 0, 1, 0, 0, 0, 1, 0, 0, 0, 1, 0, 0, 0, 1, 0, 0, 0, 1, 0, 0, 0, 1, 0, 0, 0, 1, 0, 0, 0, 1, 0, 0, 0, 1, 0, 0, 0, 1, 0, 0, 0, 1, 0, 0, 0, 1, 0, 0, 0, 1, 0, 0, 0, 1, 0, 0, 0, 1, 0, 0, 0, 1, 0, 0, 0, 1, 0, 0, 0, 1, 0, 0, 0, 1, 0, 0, 0, 1, 0, 0, 0, 1, 0, 0, 0, 1, 0, 0, 0, 1, 0, 0, 0, 1, 0, 0, 0, 1, 0, 0, 0, 1, 0, 0, 0, 1, 0, 0, 0, 1, 0, 0, 0, 1, 0, 0, 0, 1, 0, 0, 0, 1, 0, 0, 0, 1, 0, 0, 0, 1, 0, 0, 0, 1, 0, 0, 0, 1, 0, 0, 0, 1, 0, 0, 0, 1, 0, 0, 0, 1, 0, 0, 0, 1, 0, 0, 0, 1, 0, 0, 0, 1, 0, 0, 0, 1, 0, 0, 0, 1, 0, 0, 0, 1, 0, 0, 0, 1, 0, 0, 0, 1, 0, 0, 0, 1, 0, 0, 0, 1, 0, 0, 0, 1, 0, 0, 0, 1, 0, 0, 0, 1, 0, 0, 0, 1, 0, 0, 0, 1, 0, 0, 0, 1, 0, 0, 0, 1, 0, 0, 0, 1, 0, 0, 0, 1, 0, 0, 0, 1, 0, 0, 0, 1, 0, 0, 0, 1, 0, 0, 0, 1, 0, 0, 0, 1, 0, 0, 0, 1, 0, 0, 0, 1, 0, 0, 0, 1, 0, 0, 0, 1, 0, 0, 0, 1, 0, 0, 0, 1, 0, 0, 0, 1, 0, 0, 0, 1, 0, 0, 0, 1, 0, 0, 0, 1, 0, 0, 0, 1, 0, 0, 0, 1, 0, 0, 0, 1, 0, 0, 0, 1, 0, 0, 0, 1, 0, 0, 0, 1, 0, 0, 0, 1, 0, 0, 0, 1, 0, 0, 0, 1, 0, 0, 0, 1, 0, 0, 0, 1, 0, 0, 0, 1, 0, 0, 0, 1, 0, 0, 0, 1, 0, 0, 0, 1, 0, 0, 0, 1, 0, 0, 0, 1, 0, 0, 0, 1, 0, 0, 0, 1, 0, 0, 0, 1, 0, 0, 0, 1, 0, 0, 0, 1, 0, 0, 0, 1, 0, 0, 0, 1, 0, 0, 0, 1, 0, 0, 0, 1, 0, 0, 0, 1, 0, 0, 0, 1, 0, 0, 0, 1, 0, 0, 0, 1, 0, 0, 0, 1, 0, 0, 0, 1, 0, 0, 0, 1, 0, 0, 0, 1, 0, 0, 0, 1, 0, 0, 0, 1, 0, 0, 0, 1, 0, 0, 0, 1, 0, 0, 0, 1, 0, 0, 0, 1, 0, 0, 0, 1, 0, 0, 0, 1, 0, 0, 0, 1, 0, 0, 0, 1, 0, 0, 0, 1, 0, 0, 0, 1, 0, 0, 0, 1, 0, 0, 0, 1, 0, 0, 0, 1, 0, 0, 0, 1, 0, 0, 0, 1, 0, 0, 0, 1, 0, 0, 0, 1, 0, 0, 0, 0.97311056, 0.026889443, 0, 0, 0.97289395, 0.027106047, 0, 0, 0.9783808, 0.0216192, 0, 0, 0.9788137, 0.021186292, 0, 0, 0.9844017, 0.015598297, 0, 0, 0.9740987, 0.025901318, 0, 0, 0.9699131, 0.030086875, 0, 0, 0.96728927, 0.03271073, 0, 0, 0.9673494, 0.03265059, 0, 0, 0.96642464, 0.033575356, 0, 0, 0.96730506, 0.032694936, 0, 0, 0.969085, 0.030915022, 0, 0, 0.9720849, 0.02791512, 0, 0, 0.97716874, 0.022831261, 0, 0, 0.9814803, 0.0185197, 0, 0, 0.9783327, 0.021667302, 0, 0, 1, 0, 0, 0, 1, 0, 0, 0, 1, 0, 0, 0, 1, 0, 0, 0, 1, 0, 0, 0, 1, 0, 0, 0, 1, 0, 0, 0, 1, 0, 0, 0, 1, 0, 0, 0, 1, 0, 0, 0, 1, 0, 0, 0, 1, 0, 0, 0, 1, 0, 0, 0, 1, 0, 0, 0, 1, 0, 0, 0, 1, 0, 0, 0, 1, 0, 0, 0, 1, 0, 0, 0, 1, 0, 0, 0, 1, 0, 0, 0, 1, 0, 0, 0, 1, 0, 0, 0, 1, 0, 0, 0, 1, 0, 0, 0, 1, 0, 0, 0, 1, 0, 0, 0, 1, 0, 0, 0, 1, 0, 0, 0, 1, 0, 0, 0, 1, 0, 0, 0, 1, 0, 0, 0, 1, 0, 0, 0, 1, 0, 0, 0, 1, 0, 0, 0, 1, 0, 0, 0, 1, 0, 0, 0, 1, 0, 0, 0, 1, 0, 0, 0, 1, 0, 0, 0, 1, 0, 0, 0, 1, 0, 0, 0, 1, 0, 0, 0, 1, 0, 0, 0, 1, 0, 0, 0, 1, 0, 0, 0, 1, 0, 0, 0, 1, 0, 0, 0, 1, 0, 0, 0, 1, 0, 0, 0, 1, 0, 0, 0, 1, 0, 0, 0, 1, 0, 0, 0, 1, 0, 0, 0, 1, 0, 0, 0, 1, 0, 0, 0, 1, 0, 0, 0, 1, 0, 0, 0, 1, 0, 0, 0, 1, 0, 0, 0, 1, 0, 0, 0, 1, 0, 0, 0, 1, 0, 0, 0, 1, 0, 0, 0, 1, 0, 0, 0, 1, 0, 0, 0, 1, 0, 0, 0, 1, 0, 0, 0, 1, 0, 0, 0, 1, 0, 0, 0, 1, 0, 0, 0, 1, 0, 0, 0, 1, 0, 0, 0, 1, 0, 0, 0, 1, 0, 0, 0, 1, 0, 0, 0, 1, 0, 0, 0, 1, 0, 0, 0, 1, 0, 0, 0, 1, 0, 0, 0, 1, 0, 0, 0, 1, 0, 0, 0, 1, 0, 0, 0, 1, 0, 0, 0, 1, 0, 0, 0, 1, 0, 0, 0, 1, 0, 0, 0, 1, 0, 0, 0, 1, 0, 0, 0, 1, 0, 0, 0, 1, 0, 0, 0, 1, 0, 0, 0, 1, 0, 0, 0, 1, 0, 0, 0, 1, 0, 0, 0, 1, 0, 0, 0, 1, 0, 0, 0, 1, 0, 0, 0, 0.9973717, 0.0026283264, 0, 0, 0.9964299, 0.0035700798, 0, 0, 1, 0, 0, 0, 0.9956433, 0.0043566823, 0, 0, 1, 0, 0, 0, 0.9951643, 0.004835725, 0, 0, 1, 0, 0, 0, 0.9945706, 0.005429387, 0, 0, 1, 0, 0, 0, 0.99639064, 0.0036093593, 0, 0, 1, 0, 0, 0, 0.9978821, 0.0021178722, 0, 0, 1, 0, 0, 0, 0.99803346, 0.0019665172, 0, 0, 1, 0, 0, 0, 0.99574524, 0.0042547584, 0, 0, 1, 0, 0, 0, 0.9933502, 0.006649792, 0, 0, 1, 0, 0, 0, 0.99338937, 0.006610632, 0, 0, 1, 0, 0, 0, 0.99488884, 0.005111158, 0, 0, 1, 0, 0, 0, 0.9975169, 0.0024831295, 0, 0, 1, 0, 0, 0, 0.99419874, 0.0058012605, 0, 0, 1, 0, 0, 0, 0.99216694, 0.007833064, 0, 0, 1, 0, 0, 0, 0.9926069, 0.0073931217, 0, 0, 1, 0, 0, 0, 1, 0, 0, 0, 1, 0, 0, 0, 1, 0, 0, 0, 1, 0, 0, 0, 1, 0, 0, 0, 1, 0, 0, 0, 1, 0, 0, 0, 1, 0, 0, 0, 1, 0, 0, 0, 1, 0, 0, 0, 1, 0, 0, 0, 1, 0, 0, 0, 1, 0, 0, 0, 1, 0, 0, 0, 1, 0, 0, 0, 1, 0, 0, 0, 1, 0, 0, 0, 1, 0, 0, 0, 1, 0, 0, 0, 1, 0, 0, 0, 1, 0, 0, 0, 1, 0, 0, 0, 1, 0, 0, 0, 1, 0, 0, 0, 1, 0, 0, 0, 1, 0, 0, 0, 1, 0, 0, 0, 1, 0, 0, 0, 1, 0, 0, 0, 1, 0, 0, 0, 1, 0, 0, 0, 1, 0, 0, 0, 1, 0, 0, 0, 1, 0, 0, 0, 1, 0, 0, 0, 1, 0, 0, 0, 1, 0, 0, 0, 1, 0, 0, 0, 1, 0, 0, 0, 1, 0, 0, 0, 1, 0, 0, 0, 1, 0, 0, 0, 1, 0, 0, 0, 1, 0, 0, 0, 1, 0, 0, 0, 1, 0, 0, 0, 1, 0, 0, 0, 1, 0, 0, 0, 1, 0, 0, 0, 1, 0, 0, 0, 1, 0, 0, 0, 1, 0, 0, 0, 1, 0, 0, 0, 1, 0, 0, 0, 1, 0, 0, 0, 1, 0, 0, 0, 1, 0, 0, 0, 1, 0, 0, 0, 1, 0, 0, 0, 1, 0, 0, 0, 1, 0, 0, 0, 1, 0, 0, 0, 1, 0, 0, 0, 1, 0, 0, 0, 0.9594696, 0.040530384, 0, 0, 0.9573996, 0.042600393, 0, 0, 0.9535028, 0.046497226, 0, 0, 0.9505651, 0.0494349, 0, 0, 0.9499074, 0.050092578, 0, 0, 0.95706856, 0.042931437, 0, 0, 0.965154, 0.034846008, 0, 0, 0.96761334, 0.03238666, 0, 0, 0.95650923, 0.043490767, 0, 0, 0.9460948, 0.05390519, 0, 0, 0.9457275, 0.054272473, 0, 0, 0.9518861, 0.048113883, 0, 0, 0.9614248, 0.038575172, 0, 0, 0.9475363, 0.05246371, 0, 0, 0.9413957, 0.0586043, 0, 0, 0.9447089, 0.055291116, 0, 0, 1, 0, 0, 0, 1, 0, 0, 0, 1, 0, 0, 0, 1, 0, 0, 0, 1, 0, 0, 0, 1, 0, 0, 0, 1, 0, 0, 0, 1, 0, 0, 0, 1, 0, 0, 0, 1, 0, 0, 0, 1, 0, 0, 0, 1, 0, 0, 0, 1, 0, 0, 0, 1, 0, 0, 0, 1, 0, 0, 0, 1, 0, 0, 0] (
                elementSize = 4
                interpolation = "vertex"
            )
            uniform token[] skel:joints = ["Root", "Root/R_ShoulderSpin", "Root/R_ShoulderSpin/R_ShoulderAngle", "Root/R_ShoulderSpin/R_ShoulderAngle/R_Elbow", "Root/R_ShoulderSpin/R_ShoulderAngle/R_Elbow/R_Wrist", "Root/R_ShoulderSpin/R_ShoulderAngle/R_Elbow/R_Wrist/R_Hand", "Root/R_ShoulderSpin/R_ShoulderAngle/R_Elbow/R_Wrist/R_Hand/R_Middle_1", "Root/R_ShoulderSpin/R_ShoulderAngle/R_Elbow/R_Wrist/R_Hand/R_Middle_1/R_Middle_2", "Root/R_ShoulderSpin/R_ShoulderAngle/R_Elbow/R_Wrist/R_Hand/R_Middle_1/R_Middle_2/R_Middle_3", "Root/R_ShoulderSpin/R_ShoulderAngle/R_Elbow/R_Wrist/R_Hand/R_Middle_1/R_Middle_2/R_Middle_3/R_Middle_4", "Root/R_ShoulderSpin/R_ShoulderAngle/R_Elbow/R_Wrist/R_Hand/R_Thumb_1", "Root/R_ShoulderSpin/R_ShoulderAngle/R_Elbow/R_Wrist/R_Hand/R_Thumb_1/R_Thumb_2", "Root/R_ShoulderSpin/R_ShoulderAngle/R_Elbow/R_Wrist/R_Hand/R_Thumb_1/R_Thumb_2/R_Thumb_3", "Root/R_ShoulderSpin/R_ShoulderAngle/R_Elbow/R_Wrist/R_Hand/R_Thumb_1/R_Thumb_2/R_Thumb_3/R_Thumb_4", "Root/R_ShoulderSpin/R_ShoulderAngle/R_Elbow/R_Wrist/R_Hand/R_Index_1", "Root/R_ShoulderSpin/R_ShoulderAngle/R_Elbow/R_Wrist/R_Hand/R_Index_1/R_Index_2", "Root/R_ShoulderSpin/R_ShoulderAngle/R_Elbow/R_Wrist/R_Hand/R_Index_1/R_Index_2/R_Index_3", "Root/R_ShoulderSpin/R_ShoulderAngle/R_Elbow/R_Wrist/R_Hand/R_Index_1/R_Index_2/R_Index_3/R_Index_4", "Root/R_ShoulderSpin/R_ShoulderAngle/R_Elbow/R_Wrist/R_Hand/R_Pinky_1", "Root/R_ShoulderSpin/R_ShoulderAngle/R_Elbow/R_Wrist/R_Hand/R_Pinky_1/R_Pinky_2", "Root/R_ShoulderSpin/R_ShoulderAngle/R_Elbow/R_Wrist/R_Hand/R_Pinky_1/R_Pinky_2/R_Pinky_3", "Root/R_ShoulderSpin/R_ShoulderAngle/R_Elbow/R_Wrist/R_Hand/R_Pinky_1/R_Pinky_2/R_Pinky_3/R_Pinky_4", "Root/R_HipSpin", "Root/R_HipSpin/R_HipAngle", "Root/R_HipSpin/R_HipAngle/R_Knee", "Root/R_HipSpin/R_HipAngle/R_Knee/R_Ankle", "Root/R_HipSpin/R_HipAngle/R_Knee/R_Ankle/R_Toe", "Root/R_Antenna_1", "Root/R_Antenna_1/R_Antenna_2", "Root/R_Antenna_1/R_Antenna_2/R_Antenna_3", "Root/R_Antenna_1/R_Antenna_2/R_Antenna_3/R_Antenna_4", "Root/L_ShoulderSpin", "Root/L_ShoulderSpin/L_ShoulderAngle", "Root/L_ShoulderSpin/L_ShoulderAngle/L_Elbow", "Root/L_ShoulderSpin/L_ShoulderAngle/L_Elbow/L_Wrist", "Root/L_ShoulderSpin/L_ShoulderAngle/L_Elbow/L_Wrist/L_Hand", "Root/L_ShoulderSpin/L_ShoulderAngle/L_Elbow/L_Wrist/L_Hand/L_Middle_1", "Root/L_ShoulderSpin/L_ShoulderAngle/L_Elbow/L_Wrist/L_Hand/L_Middle_1/L_Middle_2", "Root/L_ShoulderSpin/L_ShoulderAngle/L_Elbow/L_Wrist/L_Hand/L_Middle_1/L_Middle_2/L_Middle_3", "Root/L_ShoulderSpin/L_ShoulderAngle/L_Elbow/L_Wrist/L_Hand/L_Middle_1/L_Middle_2/L_Middle_3/L_Middle_4", "Root/L_ShoulderSpin/L_ShoulderAngle/L_Elbow/L_Wrist/L_Hand/L_Thumb_1", "Root/L_ShoulderSpin/L_ShoulderAngle/L_Elbow/L_Wrist/L_Hand/L_Thumb_1/L_Thumb_2", "Root/L_ShoulderSpin/L_ShoulderAngle/L_Elbow/L_Wrist/L_Hand/L_Thumb_1/L_Thumb_2/L_Thumb_3", "Root/L_ShoulderSpin/L_ShoulderAngle/L_Elbow/L_Wrist/L_Hand/L_Thumb_1/L_Thumb_2/L_Thumb_3/L_Thumb_4", "Root/L_ShoulderSpin/L_ShoulderAngle/L_Elbow/L_Wrist/L_Hand/L_Index_1", "Root/L_ShoulderSpin/L_ShoulderAngle/L_Elbow/L_Wrist/L_Hand/L_Index_1/L_Index_2", "Root/L_ShoulderSpin/L_ShoulderAngle/L_Elbow/L_Wrist/L_Hand/L_Index_1/L_Index_2/L_Index_3", "Root/L_ShoulderSpin/L_ShoulderAngle/L_Elbow/L_Wrist/L_Hand/L_Index_1/L_Index_2/L_Index_3/L_Index_4", "Root/L_ShoulderSpin/L_ShoulderAngle/L_Elbow/L_Wrist/L_Hand/L_Pinky_1", "Root/L_ShoulderSpin/L_ShoulderAngle/L_Elbow/L_Wrist/L_Hand/L_Pinky_1/L_Pinky_2", "Root/L_ShoulderSpin/L_ShoulderAngle/L_Elbow/L_Wrist/L_Hand/L_Pinky_1/L_Pinky_2/L_Pinky_3", "Root/L_ShoulderSpin/L_ShoulderAngle/L_Elbow/L_Wrist/L_Hand/L_Pinky_1/L_Pinky_2/L_Pinky_3/L_Pinky_4", "Root/L_HipSpin", "Root/L_HipSpin/L_HipAngle", "Root/L_HipSpin/L_HipAngle/L_Knee", "Root/L_HipSpin/L_HipAngle/L_Knee/L_Ankle", "Root/L_HipSpin/L_HipAngle/L_Knee/L_Ankle/L_Toe", "Root/L_Antenna_1", "Root/L_Antenna_1/L_Antenna_2", "Root/L_Antenna_1/L_Antenna_2/L_Antenna_3", "Root/L_Antenna_1/L_Antenna_2/L_Antenna_3/L_Antenna_4"]
        	float3 xformOp:rotateXYZ = (90, 1.8957583e-22, 0.0000026680427)
            double3 xformOp:translate = (0.0005960464477539062, 2.3313706422431867e-33, 5.293955920339393e-19)
            uniform token[] xformOpOrder = ["xformOp:translate", "xformOp:rotateXYZ"]

		}
    }
}

